LOCATION Latitude : ,LOCATION Longitude : ,LOCATION Altitude ( m),LOCATION Speed ( m/s),Time since start in ms 
55.855602,37.478767,188.6426,0,25
55.855602,37.478767,188.6426,0,35
55.855602,37.478767,188.6426,0,45
55.855602,37.478767,188.6426,0,55
55.855602,37.478767,188.6426,0,65
55.855602,37.478767,188.6426,0,75
55.855602,37.478767,188.6426,0,85
55.855602,37.478767,188.6426,0,95
55.855602,37.478767,188.6426,0,105
55.855602,37.478767,188.6426,0,115
55.855602,37.478767,188.6426,0,126
55.855602,37.478767,188.6426,0,135
55.855602,37.478767,188.6426,0,146
55.855602,37.478767,188.6426,0,155
55.855602,37.478767,188.6426,0,166
55.855602,37.478767,188.6426,0,175
55.855602,37.478767,188.6426,0,185
55.855602,37.478767,188.6426,0,195
55.855602,37.478767,188.6426,0,206
55.855602,37.478767,188.6426,0,215
55.855602,37.478767,188.6426,0,226
55.855602,37.478767,188.6426,0,236
55.855602,37.478767,188.6426,0,245
55.855602,37.478767,188.6426,0,256
55.855602,37.478767,188.6426,0,266
55.855602,37.478767,188.6426,0,275
55.855602,37.478767,188.6426,0,286
55.855602,37.478767,188.6426,0,295
55.855602,37.478767,188.6426,0,306
55.855602,37.478767,188.6426,0,315
55.855602,37.478767,188.6426,0,331
55.855602,37.478767,188.6426,0,336
55.855602,37.478767,188.6426,0,345
55.855602,37.478767,188.6426,0,355
55.855602,37.478767,188.6426,0,365
55.855602,37.478767,188.6426,0,375
55.855602,37.478767,188.6426,0,385
55.855602,37.478767,188.6426,0,395
55.855602,37.478767,188.6426,0,405
55.855602,37.478767,188.6426,0,415
55.855602,37.478767,188.6426,0,425
55.855602,37.478767,188.6426,0,435
55.855602,37.478767,188.6426,0,445
55.855602,37.478767,188.6426,0,455
55.855602,37.478767,188.6426,0,466
55.855602,37.478767,188.6426,0,475
55.855602,37.478767,188.6426,0,485
55.855602,37.478767,188.6426,0,495
55.855602,37.478767,188.6426,0,505
55.855602,37.478767,188.6426,0,515
55.855602,37.478767,188.6426,0,525
55.855602,37.478767,188.6426,0,536
55.855602,37.478767,188.6426,0,546
55.855602,37.478767,188.6426,0,555
55.855602,37.478767,188.6426,0,565
55.855602,37.478767,188.6426,0,575
55.855602,37.478767,188.6426,0,585
55.855602,37.478767,188.6426,0,595
55.855602,37.478767,188.6426,0,605
55.855602,37.478767,188.6426,0,615
55.855602,37.478767,188.6426,0,625
55.855602,37.478767,188.6426,0,635
55.855602,37.478767,188.6426,0,645
55.855602,37.478767,188.6426,0,656
55.855602,37.478767,188.6426,0,665
55.855602,37.478767,188.6426,0,676
55.855602,37.478767,188.6426,0,685
55.855602,37.478767,188.6426,0,695
55.855602,37.478767,188.6426,0,705
55.855602,37.478767,188.6426,0,715
55.855602,37.478767,188.6426,0,725
55.855602,37.478767,188.6426,0,735
55.855602,37.478767,188.6426,0,745
55.855602,37.478767,188.6426,0,755
55.855602,37.478767,188.6426,0,766
55.855602,37.478767,188.6426,0,775
55.855602,37.478767,188.6426,0,785
55.855602,37.478767,188.6426,0,796
55.855602,37.478767,188.6426,0,805
55.855602,37.478767,188.6426,0,816
55.855602,37.478767,188.6426,0,825
55.855602,37.478767,188.6426,0,835
55.855602,37.478767,188.6426,0,845
55.855602,37.478767,188.6426,0,855
55.855602,37.478767,188.6426,0,865
55.855602,37.478767,188.6426,0,875
55.855602,37.478767,188.6426,0,886
55.855602,37.478767,188.6426,0,895
55.855602,37.478767,188.6426,0,905
55.855602,37.478767,188.6426,0,915
55.855602,37.478767,188.6426,0,925
55.855602,37.478767,188.6426,0,936
55.855602,37.478767,188.6426,0,945
55.855602,37.478767,188.6426,0,956
55.855602,37.478767,188.6426,0,965
55.855602,37.478767,188.6426,0,975
55.855602,37.478767,188.6426,0,986
55.855602,37.478767,188.6426,0,995
55.855602,37.478767,188.6426,0,1006
55.855602,37.478767,188.6426,0,1016
55.855602,37.478767,188.6426,0,1025
55.855602,37.478767,188.6426,0,1035
55.855602,37.478767,188.6426,0,1045
55.855602,37.478767,188.6426,0,1055
55.855602,37.478767,188.6426,0,1065
55.855602,37.478767,188.6426,0,1075
55.855602,37.478767,188.6426,0,1085
55.855602,37.478767,188.6426,0,1096
55.855602,37.478767,188.6426,0,1105
55.855602,37.478767,188.6426,0,1115
55.855602,37.478767,188.6426,0,1125
55.855602,37.478767,188.6426,0,1135
55.855602,37.478767,188.6426,0,1146
55.855602,37.478767,188.6426,0,1155
55.855602,37.478767,188.6426,0,1165
55.855602,37.478767,188.6426,0,1175
55.855602,37.478767,188.6426,0,1186
55.855602,37.478767,188.6426,0,1196
55.855602,37.478767,188.6426,0,1205
55.855602,37.478767,188.6426,0,1215
55.855602,37.478767,188.6426,0,1225
55.855602,37.478767,188.6426,0,1236
55.855602,37.478767,188.6426,0,1245
55.855602,37.478767,188.6426,0,1255
55.855602,37.478767,188.6426,0,1265
55.855602,37.478767,188.6426,0,1275
55.855602,37.478767,188.6426,0,1285
55.855602,37.478767,188.6426,0,1295
55.855602,37.478767,188.6426,0,1306
55.855602,37.478767,188.6426,0,1315
55.855602,37.478767,188.6426,0,1325
55.855602,37.478767,188.6426,0,1335
55.855602,37.478767,188.6426,0,1346
55.855602,37.478767,188.6426,0,1356
55.855602,37.478767,188.6426,0,1365
55.855602,37.478767,188.6426,0,1375
55.855602,37.478767,188.6426,0,1385
55.855602,37.478767,188.6426,0,1396
55.855602,37.478767,188.6426,0,1405
55.855602,37.478767,188.6426,0,1415
55.855602,37.478767,188.6426,0,1425
55.855602,37.478767,188.6426,0,1436
55.855602,37.478767,188.6426,0,1445
55.855602,37.478767,188.6426,0,1455
55.855602,37.478767,188.6426,0,1465
55.855602,37.478767,188.6426,0,1476
55.855602,37.478767,188.6426,0,1485
55.855602,37.478767,188.6426,0,1496
55.855602,37.478767,188.6426,0,1505
55.855602,37.478767,188.6426,0,1515
55.855602,37.478767,188.6426,0,1525
55.855602,37.478767,188.6426,0,1535
55.855602,37.478767,188.6426,0,1545
55.855602,37.478767,188.6426,0,1555
55.855602,37.478767,188.6426,0,1566
55.855602,37.478767,188.6426,0,1575
55.855602,37.478767,188.6426,0,1585
55.855602,37.478767,188.6426,0,1595
55.855602,37.478767,188.6426,0,1605
55.855602,37.478767,188.6426,0,1615
55.855602,37.478767,188.6426,0,1625
55.855602,37.478767,188.6426,0,1635
55.855602,37.478767,188.6426,0,1645
55.855602,37.478767,188.6426,0,1655
55.855602,37.478767,188.6426,0,1666
55.855602,37.478767,188.6426,0,1675
55.855602,37.478767,188.6426,0,1685
55.855602,37.478767,188.6426,0,1695
55.855602,37.478767,188.6426,0,1705
55.855602,37.478767,188.6426,0,1716
55.855602,37.478767,188.6426,0,1725
55.855602,37.478767,188.6426,0,1735
55.855602,37.478767,188.6426,0,1745
55.855602,37.478767,188.6426,0,1755
55.855602,37.478767,188.6426,0,1766
55.855602,37.478767,188.6426,0,1775
55.855602,37.478767,188.6426,0,1785
55.855602,37.478767,188.6426,0,1795
55.855602,37.478767,188.6426,0,1805
55.855602,37.478767,188.6426,0,1815
55.855602,37.478767,188.6426,0,1826
55.855602,37.478767,188.6426,0,1835
55.855602,37.478767,188.6426,0,1845
55.855602,37.478767,188.6426,0,1855
55.855602,37.478767,188.6426,0,1865
55.855602,37.478767,188.6426,0,1875
55.855602,37.478767,188.6426,0,1885
55.855602,37.478767,188.6426,0,1895
55.855602,37.478767,188.6426,0,1905
55.855602,37.478767,188.6426,0,1915
55.855602,37.478767,188.6426,0,1925
55.855602,37.478767,188.6426,0,1935
55.855602,37.478767,188.6426,0,1945
55.855602,37.478767,188.6426,0,1955
55.855602,37.478767,188.6426,0,1966
55.855602,37.478767,188.6426,0,1975
55.855602,37.478767,188.6426,0,1985
55.855602,37.478767,188.6426,0,1995
55.855602,37.478767,188.6426,0,2006
55.855602,37.478767,188.6426,0,2015
55.855602,37.478767,188.6426,0,2026
55.855602,37.478767,188.6426,0,2035
55.855602,37.478767,188.6426,0,2046
55.855602,37.478767,188.6426,0,2055
55.855602,37.478767,188.6426,0,2065
55.855602,37.478767,188.6426,0,2076
55.855602,37.478767,188.6426,0,2085
55.855602,37.478767,188.6426,0,2095
55.855602,37.478767,188.6426,0,2105
55.855602,37.478767,188.6426,0,2116
55.855602,37.478767,188.6426,0,2125
55.855602,37.478767,188.6426,0,2135
55.855602,37.478767,188.6426,0,2145
55.855602,37.478767,188.6426,0,2155
55.855602,37.478767,188.6426,0,2166
55.855602,37.478767,188.6426,0,2175
55.855602,37.478767,188.6426,0,2185
55.855602,37.478767,188.6426,0,2195
55.855602,37.478767,188.6426,0,2206
55.855602,37.478767,188.6426,0,2215
55.855602,37.478767,188.6426,0,2226
55.855602,37.478767,188.6426,0,2235
55.855602,37.478767,188.6426,0,2246
55.855602,37.478767,188.6426,0,2256
55.855602,37.478767,188.6426,0,2266
55.855602,37.478767,188.6426,0,2275
55.855602,37.478767,188.6426,0,2285
55.855602,37.478767,188.6426,0,2296
55.855602,37.478767,188.6426,0,2305
55.855602,37.478767,188.6426,0,2315
55.855602,37.478767,188.6426,0,2325
55.855602,37.478767,188.6426,0,2335
55.855602,37.478767,188.6426,0,2345
55.855602,37.478767,188.6426,0,2356
55.855602,37.478767,188.6426,0,2365
55.855602,37.478767,188.6426,0,2376
55.855602,37.478767,188.6426,0,2385
55.855602,37.478767,188.6426,0,2395
55.855602,37.478767,188.6426,0,2406
55.855602,37.478767,188.6426,0,2415
55.855602,37.478767,188.6426,0,2425
55.855602,37.478767,188.6426,0,2435
55.855602,37.478767,188.6426,0,2446
55.855602,37.478767,188.6426,0,2455
55.855602,37.478767,188.6426,0,2465
55.855602,37.478767,188.6426,0,2475
55.855602,37.478767,188.6426,0,2486
55.855602,37.478767,188.6426,0,2495
55.855602,37.478767,188.6426,0,2506
55.855602,37.478767,188.6426,0,2515
55.855602,37.478767,188.6426,0,2525
55.855602,37.478767,188.6426,0,2535
55.855602,37.478767,188.6426,0,2545
55.855602,37.478767,188.6426,0,2555
55.855602,37.478767,188.6426,0,2565
55.855602,37.478767,188.6426,0,2575
55.855602,37.478767,188.6426,0,2585
55.855602,37.478767,188.6426,0,2596
55.855602,37.478767,188.6426,0,2605
55.855602,37.478767,188.6426,0,2615
55.855602,37.478767,188.6426,0,2629
55.855602,37.478767,188.6426,0,2635
55.855602,37.478767,188.6426,0,2646
55.855602,37.478767,188.6426,0,2655
55.855602,37.478767,188.6426,0,2666
55.855602,37.478767,188.6426,0,2675
55.855602,37.478767,188.6426,0,2686
55.855602,37.478767,188.6426,0,2695
55.855602,37.478767,188.6426,0,2705
55.855602,37.478767,188.6426,0,2715
55.855602,37.478767,188.6426,0,2725
55.855602,37.478767,188.6426,0,2736
55.855602,37.478767,188.6426,0,2745
55.855602,37.478767,188.6426,0,2756
55.855602,37.478767,188.6426,0,2765
55.855602,37.478767,188.6426,0,2775
55.855602,37.478767,188.6426,0,2785
55.855602,37.478767,188.6426,0,2796
55.855602,37.478767,188.6426,0,2805
55.855602,37.478767,188.6426,0,2815
55.855602,37.478767,188.6426,0,2826
55.855602,37.478767,188.6426,0,2835
55.855602,37.478767,188.6426,0,2845
55.855602,37.478767,188.6426,0,2855
55.855602,37.478767,188.6426,0,2866
55.855602,37.478767,188.6426,0,2875
55.855602,37.478767,188.6426,0,2885
55.855602,37.478767,188.6426,0,2895
55.855602,37.478767,188.6426,0,2905
55.855602,37.478767,188.6426,0,2915
55.855602,37.478767,188.6426,0,2926
55.855602,37.478767,188.6426,0,2935
55.855602,37.478767,188.6426,0,2945
55.855602,37.478767,188.6426,0,2955
55.855602,37.478767,188.6426,0,2966
55.855602,37.478767,188.6426,0,2975
55.855602,37.478767,188.6426,0,2986
55.855602,37.478767,188.6426,0,2995
55.855602,37.478767,188.6426,0,3006
55.855602,37.478767,188.6426,0,3015
55.855602,37.478767,188.6426,0,3025
55.855602,37.478767,188.6426,0,3035
55.855602,37.478767,188.6426,0,3045
55.855602,37.478767,188.6426,0,3055
55.855602,37.478767,188.6426,0,3065
55.855602,37.478767,188.6426,0,3075
55.855602,37.478767,188.6426,0,3085
55.855602,37.478767,188.6426,0,3095
55.855602,37.478767,188.6426,0,3106
55.855602,37.478767,188.6426,0,3115
55.855602,37.478767,188.6426,0,3125
55.855602,37.478767,188.6426,0,3135
55.855602,37.478767,188.6426,0,3145
55.855602,37.478767,188.6426,0,3155
55.855602,37.478767,188.6426,0,3166
55.855602,37.478767,188.6426,0,3175
55.855602,37.478767,188.6426,0,3185
55.855602,37.478767,188.6426,0,3196
55.855602,37.478767,188.6426,0,3205
55.855602,37.478767,188.6426,0,3215
55.855602,37.478767,188.6426,0,3226
55.855602,37.478767,188.6426,0,3235
55.855602,37.478767,188.6426,0,3245
55.855602,37.478767,188.6426,0,3256
55.855602,37.478767,188.6426,0,3265
55.855602,37.478767,188.6426,0,3275
55.855602,37.478767,188.6426,0,3285
55.855602,37.478767,188.6426,0,3295
55.855602,37.478767,188.6426,0,3305
55.855602,37.478767,188.6426,0,3316
55.855602,37.478767,188.6426,0,3325
55.855602,37.478767,188.6426,0,3335
55.855602,37.478767,188.6426,0,3345
55.855602,37.478767,188.6426,0,3355
55.855602,37.478767,188.6426,0,3365
55.855602,37.478767,188.6426,0,3375
55.855602,37.478767,188.6426,0,3385
55.855602,37.478767,188.6426,0,3395
55.855602,37.478767,188.6426,0,3406
55.855602,37.478767,188.6426,0,3415
55.855602,37.478767,188.6426,0,3425
55.855602,37.478767,188.6426,0,3436
55.855602,37.478767,188.6426,0,3445
55.855602,37.478767,188.6426,0,3455
55.855602,37.478767,188.6426,0,3465
55.855602,37.478767,188.6426,0,3476
55.855602,37.478767,188.6426,0,3485
55.855602,37.478767,188.6426,0,3496
55.855602,37.478767,188.6426,0,3506
55.855602,37.478767,188.6426,0,3515
55.855602,37.478767,188.6426,0,3526
55.855602,37.478767,188.6426,0,3535
55.855602,37.478767,188.6426,0,3545
55.855602,37.478767,188.6426,0,3555
55.855602,37.478767,188.6426,0,3565
55.855602,37.478767,188.6426,0,3576
55.855602,37.478767,188.6426,0,3585
55.855602,37.478767,188.6426,0,3595
55.855602,37.478767,188.6426,0,3605
55.855602,37.478767,188.6426,0,3615
55.855602,37.478767,188.6426,0,3625
55.855602,37.478767,188.6426,0,3636
55.855602,37.478767,188.6426,0,3645
55.855602,37.478767,188.6426,0,3655
55.855602,37.478767,188.6426,0,3665
55.855602,37.478767,188.6426,0,3676
55.855602,37.478767,188.6426,0,3685
55.855602,37.478767,188.6426,0,3695
55.855602,37.478767,188.6426,0,3706
55.855602,37.478767,188.6426,0,3716
55.855602,37.478767,188.6426,0,3725
55.855602,37.478767,188.6426,0,3735
55.855602,37.478767,188.6426,0,3745
55.855602,37.478767,188.6426,0,3756
55.855602,37.478767,188.6426,0,3766
55.855602,37.478767,188.6426,0,3775
55.855602,37.478767,188.6426,0,3785
55.855602,37.478767,188.6426,0,3796
55.855602,37.478767,188.6426,0,3805
55.855602,37.478767,188.6426,0,3815
55.855602,37.478767,188.6426,0,3825
55.855602,37.478767,188.6426,0,3835
55.855602,37.478767,188.6426,0,3846
55.855602,37.478767,188.6426,0,3855
55.855602,37.478767,188.6426,0,3865
55.855602,37.478767,188.6426,0,3875
55.855602,37.478767,188.6426,0,3885
55.855602,37.478767,188.6426,0,3896
55.855602,37.478767,188.6426,0,3905
55.855602,37.478767,188.6426,0,3916
55.855602,37.478767,188.6426,0,3925
55.855602,37.478767,188.6426,0,3935
55.855602,37.478767,188.6426,0,3945
55.855602,37.478767,188.6426,0,3956
55.855602,37.478767,188.6426,0,3965
55.855602,37.478767,188.6426,0,3975
55.855602,37.478767,188.6426,0,3986
55.855602,37.478767,188.6426,0,3995
55.855602,37.478767,188.6426,0,4006
55.855602,37.478767,188.6426,0,4015
55.855602,37.478767,188.6426,0,4025
55.855602,37.478767,188.6426,0,4036
55.855602,37.478767,188.6426,0,4045
55.855602,37.478767,188.6426,0,4056
55.855602,37.478767,188.6426,0,4065
55.855602,37.478767,188.6426,0,4075
55.855602,37.478767,188.6426,0,4085
55.855602,37.478767,188.6426,0,4096
55.855602,37.478767,188.6426,0,4105
55.855602,37.478767,188.6426,0,4115
55.855602,37.478767,188.6426,0,4126
55.855602,37.478767,188.6426,0,4135
55.855602,37.478767,188.6426,0,4145
55.855602,37.478767,188.6426,0,4155
55.855602,37.478767,188.6426,0,4165
55.855602,37.478767,188.6426,0,4175
55.855602,37.478767,188.6426,0,4185
55.855602,37.478767,188.6426,0,4195
55.855602,37.478767,188.6426,0,4205
55.855602,37.478767,188.6426,0,4215
55.855602,37.478767,188.6426,0,4225
55.855602,37.478767,188.6426,0,4236
55.855602,37.478767,188.6426,0,4245
55.855602,37.478767,188.6426,0,4256
55.855602,37.478767,188.6426,0,4265
55.855602,37.478767,188.6426,0,4276
55.855602,37.478767,188.6426,0,4285
55.855602,37.478767,188.6426,0,4296
55.855602,37.478767,188.6426,0,4305
55.855602,37.478767,188.6426,0,4315
55.855602,37.478767,188.6426,0,4326
55.855602,37.478767,188.6426,0,4335
55.855602,37.478767,188.6426,0,4345
55.855602,37.478767,188.6426,0,4356
55.855602,37.478767,188.6426,0,4365
55.855602,37.478767,188.6426,0,4375
55.855602,37.478767,188.6426,0,4385
55.855602,37.478767,188.6426,0,4395
55.855602,37.478767,188.6426,0,4405
55.855602,37.478767,188.6426,0,4415
55.855602,37.478767,188.6426,0,4425
55.855602,37.478767,188.6426,0,4436
55.855602,37.478767,188.6426,0,4445
55.855602,37.478767,188.6426,0,4456
55.855602,37.478767,188.6426,0,4465
55.855602,37.478767,188.6426,0,4476
55.855602,37.478767,188.6426,0,4487
55.855602,37.478767,188.6426,0,4495
55.855602,37.478767,188.6426,0,4505
55.855602,37.478767,188.6426,0,4515
55.855602,37.478767,188.6426,0,4525
55.855602,37.478767,188.6426,0,4535
55.855602,37.478767,188.6426,0,4545
55.855602,37.478767,188.6426,0,4556
55.855602,37.478767,188.6426,0,4565
55.855602,37.478767,188.6426,0,4575
55.855602,37.478767,188.6426,0,4585
55.855602,37.478767,188.6426,0,4596
55.855602,37.478767,188.6426,0,4605
55.855602,37.478767,188.6426,0,4615
55.855602,37.478767,188.6426,0,4625
55.855602,37.478767,188.6426,0,4635
55.855602,37.478767,188.6426,0,4646
55.855602,37.478767,188.6426,0,4655
55.855602,37.478767,188.6426,0,4665
55.855602,37.478767,188.6426,0,4675
55.855602,37.478767,188.6426,0,4685
55.855602,37.478767,188.6426,0,4695
55.855602,37.478767,188.6426,0,4706
55.855602,37.478767,188.6426,0,4715
55.855602,37.478767,188.6426,0,4725
55.855602,37.478767,188.6426,0,4736
55.855602,37.478767,188.6426,0,4745
55.855602,37.478767,188.6426,0,4756
55.855602,37.478767,188.6426,0,4765
55.855602,37.478767,188.6426,0,4776
55.855602,37.478767,188.6426,0,4785
55.855602,37.478767,188.6426,0,4795
55.855602,37.478767,188.6426,0,4805
55.855602,37.478767,188.6426,0,4816
55.855602,37.478767,188.6426,0,4825
55.855602,37.478767,188.6426,0,4835
55.855602,37.478767,188.6426,0,4845
55.855602,37.478767,188.6426,0,4856
55.855602,37.478767,188.6426,0,4865
55.855602,37.478767,188.6426,0,4875
55.855602,37.478767,188.6426,0,4885
55.855602,37.478767,188.6426,0,4895
55.855602,37.478767,188.6426,0,4905
55.855602,37.478767,188.6426,0,4915
55.855602,37.478767,188.6426,0,4926
55.855602,37.478767,188.6426,0,4935
55.855602,37.478767,188.6426,0,4946
55.855602,37.478767,188.6426,0,4955
55.855602,37.478767,188.6426,0,4966
55.855602,37.478767,188.6426,0,4975
55.855602,37.478767,188.6426,0,4985
55.855602,37.478767,188.6426,0,4995
55.855602,37.478767,188.6426,0,5005
55.855602,37.478767,188.6426,0,5015
55.855602,37.478767,188.6426,0,5025
55.855602,37.478767,188.6426,0,5035
55.855602,37.478767,188.6426,0,5045
55.855602,37.478767,188.6426,0,5056
55.855602,37.478767,188.6426,0,5065
55.855602,37.478767,188.6426,0,5075
55.855602,37.478767,188.6426,0,5086
55.855602,37.478767,188.6426,0,5096
55.855602,37.478767,188.6426,0,5105
55.855602,37.478767,188.6426,0,5115
55.855602,37.478767,188.6426,0,5126
55.855602,37.478767,188.6426,0,5135
55.855602,37.478767,188.6426,0,5146
55.855602,37.478767,188.6426,0,5155
55.855602,37.478767,188.6426,0,5165
55.855602,37.478767,188.6426,0,5176
55.855602,37.478767,188.6426,0,5186
55.855602,37.478767,188.6426,0,5195
55.855602,37.478767,188.6426,0,5206
55.855602,37.478767,188.6426,0,5215
55.855602,37.478767,188.6426,0,5225
55.855602,37.478767,188.6426,0,5236
55.855602,37.478767,188.6426,0,5245
55.855602,37.478767,188.6426,0,5255
55.855602,37.478767,188.6426,0,5265
55.855602,37.478767,188.6426,0,5275
55.855602,37.478767,188.6426,0,5286
55.855602,37.478767,188.6426,0,5295
55.855602,37.478767,188.6426,0,5306
55.855602,37.478767,188.6426,0,5315
55.855602,37.478767,188.6426,0,5325
55.855602,37.478767,188.6426,0,5335
55.855602,37.478767,188.6426,0,5346
55.855602,37.478767,188.6426,0,5355
55.855602,37.478767,188.6426,0,5365
55.855602,37.478767,188.6426,0,5375
55.855602,37.478767,188.6426,0,5385
55.855602,37.478767,188.6426,0,5395
55.855602,37.478767,188.6426,0,5405
55.855602,37.478767,188.6426,0,5415
55.855602,37.478767,188.6426,0,5426
55.855602,37.478767,188.6426,0,5435
55.855602,37.478767,188.6426,0,5445
55.855602,37.478767,188.6426,0,5456
55.855602,37.478767,188.6426,0,5465
55.855602,37.478767,188.6426,0,5475
55.855602,37.478767,188.6426,0,5485
55.855602,37.478767,188.6426,0,5495
55.855602,37.478767,188.6426,0,5505
55.855602,37.478767,188.6426,0,5515
55.855602,37.478767,188.6426,0,5525
55.855602,37.478767,188.6426,0,5535
55.855602,37.478767,188.6426,0,5545
55.855602,37.478767,188.6426,0,5555
55.855602,37.478767,188.6426,0,5565
55.855602,37.478767,188.6426,0,5576
55.855602,37.478767,188.6426,0,5586
55.855602,37.478767,188.6426,0,5595
55.855602,37.478767,188.6426,0,5605
55.855602,37.478767,188.6426,0,5615
55.855602,37.478767,188.6426,0,5626
55.855602,37.478767,188.6426,0,5635
55.855602,37.478767,188.6426,0,5645
55.855602,37.478767,188.6426,0,5656
55.855602,37.478767,188.6426,0,5665
55.855602,37.478767,188.6426,0,5675
55.855602,37.478767,188.6426,0,5685
55.855602,37.478767,188.6426,0,5695
55.855602,37.478767,188.6426,0,5705
55.855602,37.478767,188.6426,0,5716
55.855602,37.478767,188.6426,0,5725
55.855602,37.478767,188.6426,0,5735
55.855602,37.478767,188.6426,0,5745
55.855602,37.478767,188.6426,0,5755
55.855602,37.478767,188.6426,0,5766
55.855602,37.478767,188.6426,0,5775
55.855602,37.478767,188.6426,0,5785
55.855602,37.478767,188.6426,0,5796
55.855602,37.478767,188.6426,0,5805
55.855602,37.478767,188.6426,0,5815
55.855602,37.478767,188.6426,0,5826
55.855602,37.478767,188.6426,0,5835
55.855602,37.478767,188.6426,0,5845
55.855602,37.478767,188.6426,0,5855
55.855602,37.478767,188.6426,0,5865
55.855602,37.478767,188.6426,0,5875
55.855602,37.478767,188.6426,0,5885
55.855602,37.478767,188.6426,0,5895
55.855602,37.478767,188.6426,0,5905
55.855602,37.478767,188.6426,0,5915
55.855602,37.478767,188.6426,0,5925
55.855602,37.478767,188.6426,0,5935
55.855602,37.478767,188.6426,0,5945
55.855602,37.478767,188.6426,0,5955
55.855602,37.478767,188.6426,0,5965
55.855602,37.478767,188.6426,0,5975
55.855602,37.478767,188.6426,0,5985
55.855602,37.478767,188.6426,0,5995
55.855602,37.478767,188.6426,0,6006
55.855602,37.478767,188.6426,0,6015
55.855602,37.478767,188.6426,0,6025
55.855602,37.478767,188.6426,0,6035
55.855602,37.478767,188.6426,0,6045
55.855602,37.478767,188.6426,0,6055
55.855602,37.478767,188.6426,0,6065
55.855602,37.478767,188.6426,0,6075
55.855602,37.478767,188.6426,0,6086
55.855602,37.478767,188.6426,0,6095
55.855602,37.478767,188.6426,0,6105
55.855602,37.478767,188.6426,0,6115
55.855602,37.478767,188.6426,0,6125
55.855602,37.478767,188.6426,0,6135
55.855602,37.478767,188.6426,0,6145
55.855602,37.478767,188.6426,0,6155
55.855602,37.478767,188.6426,0,6165
55.855602,37.478767,188.6426,0,6176
55.855602,37.478767,188.6426,0,6185
55.855602,37.478767,188.6426,0,6196
55.855602,37.478767,188.6426,0,6205
55.855602,37.478767,188.6426,0,6215
55.855602,37.478767,188.6426,0,6225
55.855602,37.478767,188.6426,0,6235
55.855602,37.478767,188.6426,0,6246
55.855602,37.478767,188.6426,0,6255
55.855602,37.478767,188.6426,0,6265
55.855602,37.478767,188.6426,0,6275
55.855602,37.478767,188.6426,0,6285
55.855602,37.478767,188.6426,0,6296
55.855602,37.478767,188.6426,0,6305
55.855602,37.478767,188.6426,0,6316
55.855602,37.478767,188.6426,0,6325
55.855602,37.478767,188.6426,0,6335
55.855602,37.478767,188.6426,0,6345
55.855602,37.478767,188.6426,0,6356
55.855602,37.478767,188.6426,0,6366
55.855602,37.478767,188.6426,0,6375
55.855602,37.478767,188.6426,0,6385
55.855602,37.478767,188.6426,0,6395
55.855602,37.478767,188.6426,0,6406
55.855602,37.478767,188.6426,0,6415
55.855602,37.478767,188.6426,0,6426
55.855602,37.478767,188.6426,0,6435
55.855602,37.478767,188.6426,0,6446
55.855602,37.478767,188.6426,0,6455
55.855602,37.478767,188.6426,0,6466
55.855602,37.478767,188.6426,0,6475
55.855602,37.478767,188.6426,0,6485
55.855602,37.478767,188.6426,0,6495
55.855602,37.478767,188.6426,0,6506
55.855602,37.478767,188.6426,0,6516
55.855602,37.478767,188.6426,0,6525
55.855602,37.478767,188.6426,0,6535
55.855602,37.478767,188.6426,0,6545
55.855602,37.478767,188.6426,0,6555
55.855602,37.478767,188.6426,0,6565
55.855602,37.478767,188.6426,0,6575
55.855602,37.478767,188.6426,0,6586
55.855602,37.478767,188.6426,0,6596
55.855602,37.478767,188.6426,0,6605
55.855602,37.478767,188.6426,0,6615
55.855602,37.478767,188.6426,0,6625
55.855602,37.478767,188.6426,0,6635
55.855602,37.478767,188.6426,0,6645
55.855602,37.478767,188.6426,0,6655
55.855602,37.478767,188.6426,0,6665
55.855602,37.478767,188.6426,0,6675
55.855602,37.478767,188.6426,0,6685
55.855602,37.478767,188.6426,0,6695
55.855602,37.478767,188.6426,0,6706
55.855602,37.478767,188.6426,0,6715
55.855602,37.478767,188.6426,0,6725
55.855602,37.478767,188.6426,0,6735
55.855602,37.478767,188.6426,0,6745
55.855602,37.478767,188.6426,0,6756
55.855602,37.478767,188.6426,0,6765
55.855602,37.478767,188.6426,0,6775
55.855602,37.478767,188.6426,0,6786
55.855602,37.478767,188.6426,0,6795
55.855602,37.478767,188.6426,0,6805
55.855602,37.478767,188.6426,0,6815
55.855602,37.478767,188.6426,0,6826
55.855602,37.478767,188.6426,0,6835
55.855602,37.478767,188.6426,0,6845
55.855602,37.478767,188.6426,0,6856
55.855602,37.478767,188.6426,0,6865
55.855602,37.478767,188.6426,0,6875
55.855602,37.478767,188.6426,0,6885
55.855602,37.478767,188.6426,0,6895
55.855602,37.478767,188.6426,0,6905
55.855602,37.478767,188.6426,0,6915
55.855602,37.478767,188.6426,0,6925
55.855602,37.478767,188.6426,0,6935
55.855602,37.478767,188.6426,0,6945
55.855602,37.478767,188.6426,0,6956
55.855602,37.478767,188.6426,0,6965
55.855602,37.478767,188.6426,0,6975
55.855602,37.478767,188.6426,0,6985
55.855602,37.478767,188.6426,0,6995
55.855602,37.478767,188.6426,0,7005
55.855602,37.478767,188.6426,0,7015
55.855602,37.478767,188.6426,0,7025
55.855602,37.478767,188.6426,0,7035
55.855602,37.478767,188.6426,0,7045
55.855602,37.478767,188.6426,0,7056
55.855602,37.478767,188.6426,0,7065
55.855602,37.478767,188.6426,0,7075
55.855602,37.478767,188.6426,0,7085
55.855602,37.478767,188.6426,0,7096
55.855602,37.478767,188.6426,0,7106
55.855602,37.478767,188.6426,0,7115
55.855602,37.478767,188.6426,0,7125
55.855602,37.478767,188.6426,0,7136
55.855602,37.478767,188.6426,0,7145
55.855602,37.478767,188.6426,0,7155
55.855602,37.478767,188.6426,0,7165
55.855602,37.478767,188.6426,0,7175
55.855602,37.478767,188.6426,0,7185
55.855602,37.478767,188.6426,0,7195
55.855602,37.478767,188.6426,0,7206
55.855602,37.478767,188.6426,0,7215
55.855602,37.478767,188.6426,0,7226
55.855602,37.478767,188.6426,0,7236
55.855602,37.478767,188.6426,0,7245
55.855602,37.478767,188.6426,0,7255
55.855602,37.478767,188.6426,0,7266
55.855602,37.478767,188.6426,0,7276
55.855602,37.478767,188.6426,0,7285
55.855602,37.478767,188.6426,0,7295
55.855602,37.478767,188.6426,0,7305
55.855602,37.478767,188.6426,0,7315
55.855602,37.478767,188.6426,0,7325
55.855602,37.478767,188.6426,0,7336
55.855602,37.478767,188.6426,0,7345
55.855602,37.478767,188.6426,0,7355
55.855602,37.478767,188.6426,0,7365
55.855602,37.478767,188.6426,0,7375
55.855602,37.478767,188.6426,0,7385
55.855602,37.478767,188.6426,0,7396
55.855602,37.478767,188.6426,0,7406
55.855602,37.478767,188.6426,0,7415
55.855602,37.478767,188.6426,0,7425
55.855602,37.478767,188.6426,0,7435
55.855602,37.478767,188.6426,0,7446
55.855602,37.478767,188.6426,0,7456
55.855602,37.478767,188.6426,0,7465
55.855602,37.478767,188.6426,0,7475
55.855602,37.478767,188.6426,0,7486
55.855602,37.478767,188.6426,0,7495
55.855602,37.478767,188.6426,0,7505
55.855602,37.478767,188.6426,0,7516
55.855602,37.478767,188.6426,0,7525
55.855602,37.478767,188.6426,0,7535
55.855602,37.478767,188.6426,0,7546
55.855602,37.478767,188.6426,0,7555
55.855602,37.478767,188.6426,0,7565
55.855602,37.478767,188.6426,0,7576
55.855602,37.478767,188.6426,0,7586
55.855602,37.478767,188.6426,0,7595
55.855602,37.478767,188.6426,0,7605
55.855602,37.478767,188.6426,0,7616
55.855602,37.478767,188.6426,0,7625
55.855602,37.478767,188.6426,0,7636
55.855602,37.478767,188.6426,0,7645
55.855602,37.478767,188.6426,0,7655
55.855602,37.478767,188.6426,0,7665
55.855602,37.478767,188.6426,0,7675
55.855602,37.478767,188.6426,0,7685
55.855602,37.478767,188.6426,0,7695
55.855602,37.478767,188.6426,0,7705
55.855602,37.478767,188.6426,0,7716
55.855602,37.478767,188.6426,0,7726
55.855602,37.478767,188.6426,0,7735
55.855602,37.478767,188.6426,0,7745
55.855602,37.478767,188.6426,0,7755
55.855602,37.478767,188.6426,0,7765
55.855602,37.478767,188.6426,0,7775
55.855602,37.478767,188.6426,0,7785
55.855602,37.478767,188.6426,0,7795
55.855602,37.478767,188.6426,0,7805
55.85561,37.47873,181.6204,0,7815
55.85561,37.47873,181.6204,0,7825
55.85561,37.47873,181.6204,0,7836
55.85561,37.47873,181.6204,0,7845
55.85561,37.47873,181.6204,0,7855
55.85561,37.47873,181.6204,0,7866
55.85561,37.47873,181.6204,0,7875
55.85561,37.47873,181.6204,0,7885
55.85561,37.47873,181.6204,0,7896
55.85561,37.47873,181.6204,0,7905
55.85561,37.47873,181.6204,0,7915
55.85561,37.47873,181.6204,0,7926
55.85561,37.47873,181.6204,0,7935
55.85561,37.47873,181.6204,0,7945
55.85561,37.47873,181.6204,0,7955
55.85561,37.47873,181.6204,0,7965
55.85561,37.47873,181.6204,0,7976
55.85561,37.47873,181.6204,0,7985
55.85561,37.47873,181.6204,0,7995
55.85561,37.47873,181.6204,0,8005
55.85561,37.47873,181.6204,0,8016
55.85561,37.47873,181.6204,0,8025
55.85561,37.47873,181.6204,0,8035
55.85561,37.47873,181.6204,0,8046
55.85561,37.47873,181.6204,0,8055
55.85561,37.47873,181.6204,0,8065
55.85561,37.47873,181.6204,0,8075
55.85561,37.47873,181.6204,0,8086
55.85561,37.47873,181.6204,0,8095
55.85561,37.47873,181.6204,0,8105
55.85561,37.47873,181.6204,0,8115
55.85561,37.47873,181.6204,0,8126
55.85561,37.47873,181.6204,0,8135
55.85561,37.47873,181.6204,0,8145
55.85561,37.47873,181.6204,0,8155
55.85561,37.47873,181.6204,0,8166
55.85561,37.47873,181.6204,0,8175
55.85561,37.47873,181.6204,0,8185
55.85561,37.47873,181.6204,0,8195
55.85561,37.47873,181.6204,0,8206
55.85561,37.47873,181.6204,0,8216
55.85561,37.47873,181.6204,0,8225
55.85561,37.47873,181.6204,0,8235
55.85561,37.47873,181.6204,0,8245
55.85561,37.47873,181.6204,0,8255
55.85561,37.47873,181.6204,0,8265
55.85561,37.47873,181.6204,0,8276
55.85561,37.47873,181.6204,0,8285
55.85561,37.47873,181.6204,0,8296
55.85561,37.47873,181.6204,0,8305
55.85561,37.47873,181.6204,0,8315
55.85561,37.47873,181.6204,0,8325
55.85561,37.47873,181.6204,0,8335
55.85561,37.47873,181.6204,0,8346
55.85561,37.47873,181.6204,0,8355
55.85561,37.47873,181.6204,0,8365
55.85561,37.47873,181.6204,0,8375
55.85561,37.47873,181.6204,0,8385
55.85561,37.47873,181.6204,0,8395
55.85561,37.47873,181.6204,0,8405
55.85561,37.47873,181.6204,0,8415
55.85561,37.47873,181.6204,0,8426
55.85561,37.47873,181.6204,0,8435
55.85561,37.47873,181.6204,0,8445
55.85561,37.47873,181.6204,0,8455
55.85561,37.47873,181.6204,0,8466
55.85561,37.47873,181.6204,0,8475
55.85561,37.47873,181.6204,0,8485
55.85561,37.47873,181.6204,0,8496
55.85561,37.47873,181.6204,0,8506
55.85561,37.47873,181.6204,0,8515
55.85561,37.47873,181.6204,0,8525
55.85561,37.47873,181.6204,0,8535
55.85561,37.47873,181.6204,0,8546
55.85561,37.47873,181.6204,0,8555
55.85561,37.47873,181.6204,0,8565
55.85561,37.47873,181.6204,0,8575
55.85561,37.47873,181.6204,0,8586
55.85561,37.47873,181.6204,0,8596
55.85561,37.47873,181.6204,0,8605
55.85561,37.47873,181.6204,0,8615
55.85561,37.47873,181.6204,0,8625
55.85561,37.47873,181.6204,0,8636
55.85561,37.47873,181.6204,0,8646
55.85561,37.47873,181.6204,0,8656
55.85561,37.47873,181.6204,0,8665
55.85561,37.47873,181.6204,0,8675
55.85561,37.47873,181.6204,0,8685
55.85561,37.47873,181.6204,0,8696
55.85561,37.47873,181.6204,0,8705
55.85561,37.47873,181.6204,0,8715
55.85561,37.47873,181.6204,0,8725
55.85561,37.47873,181.6204,0,8735
55.85561,37.47873,181.6204,0,8745
55.85561,37.47873,181.6204,0,8755
55.85561,37.47873,181.6204,0,8766
55.85561,37.47873,181.6204,0,8775
55.85561,37.47873,181.6204,0,8785
55.85561,37.47873,181.6204,0,8796
55.85561,37.47873,181.6204,0,8805
55.85561,37.47873,181.6204,0,8815
55.85561,37.47873,181.6204,0,8826
55.85561,37.47873,181.6204,0,8835
55.85561,37.47873,181.6204,0,8845
55.85561,37.47873,181.6204,0,8855
55.85561,37.47873,181.6204,0,8865
55.85561,37.47873,181.6204,0,8875
55.85561,37.47873,181.6204,0,8885
55.85561,37.47873,181.6204,0,8895
55.85561,37.47873,181.6204,0,8905
55.85561,37.47873,181.6204,0,8915
55.85561,37.47873,181.6204,0,8925
55.85561,37.47873,181.6204,0,8935
55.85561,37.47873,181.6204,0,8945
55.85561,37.47873,181.6204,0,8956
55.85561,37.47873,181.6204,0,8966
55.85561,37.47873,181.6204,0,8975
55.85561,37.47873,181.6204,0,8985
55.85561,37.47873,181.6204,0,8995
55.85561,37.47873,181.6204,0,9005
55.85561,37.47873,181.6204,0,9015
55.85561,37.47873,181.6204,0,9025
55.85561,37.47873,181.6204,0,9035
55.85561,37.47873,181.6204,0,9045
55.85561,37.47873,181.6204,0,9055
55.85561,37.47873,181.6204,0,9065
55.85561,37.47873,181.6204,0,9075
55.85561,37.47873,181.6204,0,9085
55.85561,37.47873,181.6204,0,9096
55.85561,37.47873,181.6204,0,9105
55.85561,37.47873,181.6204,0,9115
55.85561,37.47873,181.6204,0,9128
55.85561,37.47873,181.6204,0,9136
55.85561,37.47873,181.6204,0,9145
55.85561,37.47873,181.6204,0,9155
55.85561,37.47873,181.6204,0,9166
55.85561,37.47873,181.6204,0,9175
55.85561,37.47873,181.6204,0,9185
55.85561,37.47873,181.6204,0,9195
55.85561,37.47873,181.6204,0,9205
55.85561,37.47873,181.6204,0,9216
55.85561,37.47873,181.6204,0,9225
55.85561,37.47873,181.6204,0,9235
55.85561,37.47873,181.6204,0,9245
55.85561,37.47873,181.6204,0,9256
55.85561,37.47873,181.6204,0,9266
55.85561,37.47873,181.6204,0,9275
55.85561,37.47873,181.6204,0,9285
55.85561,37.47873,181.6204,0,9295
55.85561,37.47873,181.6204,0,9305
55.85561,37.47873,181.6204,0,9316
55.85561,37.47873,181.6204,0,9325
55.85561,37.47873,181.6204,0,9335
55.85561,37.47873,181.6204,0,9345
55.85561,37.47873,181.6204,0,9355
55.85561,37.47873,181.6204,0,9365
55.85561,37.47873,181.6204,0,9375
55.85561,37.47873,181.6204,0,9385
55.85561,37.47873,181.6204,0,9395
55.85561,37.47873,181.6204,0,9405
55.85561,37.47873,181.6204,0,9415
55.85561,37.47873,181.6204,0,9425
55.85561,37.47873,181.6204,0,9435
55.85561,37.47873,181.6204,0,9445
55.85561,37.47873,181.6204,0,9455
55.85561,37.47873,181.6204,0,9465
55.85561,37.47873,181.6204,0,9475
55.85561,37.47873,181.6204,0,9486
55.85561,37.47873,181.6204,0,9495
55.85561,37.47873,181.6204,0,9505
55.85561,37.47873,181.6204,0,9515
55.85561,37.47873,181.6204,0,9525
55.85561,37.47873,181.6204,0,9536
55.85561,37.47873,181.6204,0,9545
55.85561,37.47873,181.6204,0,9555
55.85561,37.47873,181.6204,0,9565
55.85561,37.47873,181.6204,0,9575
55.85561,37.47873,181.6204,0,9585
55.85561,37.47873,181.6204,0,9595
55.85561,37.47873,181.6204,0,9606
55.85561,37.47873,181.6204,0,9615
55.85561,37.47873,181.6204,0,9625
55.85561,37.47873,181.6204,0,9635
55.85561,37.47873,181.6204,0,9645
55.85561,37.47873,181.6204,0,9655
55.85561,37.47873,181.6204,0,9665
55.85561,37.47873,181.6204,0,9676
55.85561,37.47873,181.6204,0,9685
55.85561,37.47873,181.6204,0,9695
55.85561,37.47873,181.6204,0,9705
55.85561,37.47873,181.6204,0,9715
55.85561,37.47873,181.6204,0,9725
55.85561,37.47873,181.6204,0,9736
55.85561,37.47873,181.6204,0,9745
55.85561,37.47873,181.6204,0,9755
55.85561,37.47873,181.6204,0,9766
55.85561,37.47873,181.6204,0,9775
55.85561,37.47873,181.6204,0,9785
55.85561,37.47873,181.6204,0,9795
55.85561,37.47873,181.6204,0,9805
55.85561,37.47873,181.6204,0,9816
55.85561,37.47873,181.6204,0,9825
55.85561,37.47873,181.6204,0,9835
55.85561,37.47873,181.6204,0,9845
55.85561,37.47873,181.6204,0,9855
55.85561,37.47873,181.6204,0,9865
55.85561,37.47873,181.6204,0,9875
55.85561,37.47873,181.6204,0,9885
55.85561,37.47873,181.6204,0,9895
55.85561,37.47873,181.6204,0,9905
55.85561,37.47873,181.6204,0,9915
55.85561,37.47873,181.6204,0,9926
55.85561,37.47873,181.6204,0,9935
55.85561,37.47873,181.6204,0,9945
55.85561,37.47873,181.6204,0,9955
55.85561,37.47873,181.6204,0,9966
55.85561,37.47873,181.6204,0,9975
55.85561,37.47873,181.6204,0,9985
55.85561,37.47873,181.6204,0,9995
55.85561,37.47873,181.6204,0,10005
55.85561,37.47873,181.6204,0,10016
55.85561,37.47873,181.6204,0,10026
55.85561,37.47873,181.6204,0,10035
55.85561,37.47873,181.6204,0,10045
55.85561,37.47873,181.6204,0,10055
55.85561,37.47873,181.6204,0,10065
55.85561,37.47873,181.6204,0,10075
55.85561,37.47873,181.6204,0,10085
55.85561,37.47873,181.6204,0,10096
55.85561,37.47873,181.6204,0,10106
55.85561,37.47873,181.6204,0,10116
55.85561,37.47873,181.6204,0,10125
55.85561,37.47873,181.6204,0,10135
55.85561,37.47873,181.6204,0,10145
55.85561,37.47873,181.6204,0,10155
55.85561,37.47873,181.6204,0,10165
55.85561,37.47873,181.6204,0,10176
55.85561,37.47873,181.6204,0,10185
55.85561,37.47873,181.6204,0,10195
55.85561,37.47873,181.6204,0,10205
55.85561,37.47873,181.6204,0,10215
55.85561,37.47873,181.6204,0,10225
55.85561,37.47873,181.6204,0,10235
55.85561,37.47873,181.6204,0,10246
55.85561,37.47873,181.6204,0,10255
55.85561,37.47873,181.6204,0,10265
55.85561,37.47873,181.6204,0,10275
55.85561,37.47873,181.6204,0,10285
55.85561,37.47873,181.6204,0,10296
55.85561,37.47873,181.6204,0,10305
55.85561,37.47873,181.6204,0,10316
55.85561,37.47873,181.6204,0,10325
55.85561,37.47873,181.6204,0,10335
55.85561,37.47873,181.6204,0,10345
55.85561,37.47873,181.6204,0,10355
55.85561,37.47873,181.6204,0,10365
55.85561,37.47873,181.6204,0,10375
55.85561,37.47873,181.6204,0,10386
55.85561,37.47873,181.6204,0,10395
55.85561,37.47873,181.6204,0,10405
55.85561,37.47873,181.6204,0,10415
55.85561,37.47873,181.6204,0,10425
55.85561,37.47873,181.6204,0,10436
55.85561,37.47873,181.6204,0,10445
55.85561,37.47873,181.6204,0,10456
55.85561,37.47873,181.6204,0,10465
55.85561,37.47873,181.6204,0,10475
55.85561,37.47873,181.6204,0,10486
55.85561,37.47873,181.6204,0,10495
55.85561,37.47873,181.6204,0,10505
55.85561,37.47873,181.6204,0,10515
55.85561,37.47873,181.6204,0,10525
55.85561,37.47873,181.6204,0,10536
55.85561,37.47873,181.6204,0,10545
55.85561,37.47873,181.6204,0,10566
55.85561,37.47873,181.6204,0,10566
55.85561,37.47873,181.6204,0,10575
55.85561,37.47873,181.6204,0,10586
55.85561,37.47873,181.6204,0,10595
55.85561,37.47873,181.6204,0,10605
55.85561,37.47873,181.6204,0,10615
55.85561,37.47873,181.6204,0,10625
55.85561,37.47873,181.6204,0,10635
55.85561,37.47873,181.6204,0,10645
55.85561,37.47873,181.6204,0,10655
55.85561,37.47873,181.6204,0,10665
55.85561,37.47873,181.6204,0,10675
55.85561,37.47873,181.6204,0,10685
55.85561,37.47873,181.6204,0,10696
55.85561,37.47873,181.6204,0,10705
55.85561,37.47873,181.6204,0,10715
55.85561,37.47873,181.6204,0,10726
55.85561,37.47873,181.6204,0,10735
55.85561,37.47873,181.6204,0,10745
55.85561,37.47873,181.6204,0,10755
55.85561,37.47873,181.6204,0,10765
55.85561,37.47873,181.6204,0,10775
55.85561,37.47873,181.6204,0,10785
55.85561,37.47873,181.6204,0,10795
55.85561,37.47873,181.6204,0,10805
55.85561,37.47873,181.6204,0,10815
55.85561,37.47873,181.6204,0,10825
55.85561,37.47873,181.6204,0,10835
55.85561,37.47873,181.6204,0,10845
55.85561,37.47873,181.6204,0,10856
55.85561,37.47873,181.6204,0,10865
55.85561,37.47873,181.6204,0,10875
55.85561,37.47873,181.6204,0,10885
55.85561,37.47873,181.6204,0,10895
55.85561,37.47873,181.6204,0,10905
55.85561,37.47873,181.6204,0,10916
55.85561,37.47873,181.6204,0,10925
55.85561,37.47873,181.6204,0,10935
55.85561,37.47873,181.6204,0,10945
55.85561,37.47873,181.6204,0,10956
55.85561,37.47873,181.6204,0,10965
55.85561,37.47873,181.6204,0,10976
55.85561,37.47873,181.6204,0,10987
55.85561,37.47873,181.6204,0,10995
55.85561,37.47873,181.6204,0,11005
55.85561,37.47873,181.6204,0,11016
55.85561,37.47873,181.6204,0,11026
55.85561,37.47873,181.6204,0,11035
55.85561,37.47873,181.6204,0,11046
55.85561,37.47873,181.6204,0,11055
55.85561,37.47873,181.6204,0,11065
55.85561,37.47873,181.6204,0,11076
55.85561,37.47873,181.6204,0,11085
55.85561,37.47873,181.6204,0,11095
55.85561,37.47873,181.6204,0,11105
55.85561,37.47873,181.6204,0,11115
55.85561,37.47873,181.6204,0,11125
55.85561,37.47873,181.6204,0,11135
55.85561,37.47873,181.6204,0,11146
55.85561,37.47873,181.6204,0,11155
55.85561,37.47873,181.6204,0,11165
55.85561,37.47873,181.6204,0,11175
55.85561,37.47873,181.6204,0,11185
55.85561,37.47873,181.6204,0,11195
55.85561,37.47873,181.6204,0,11206
55.85561,37.47873,181.6204,0,11215
55.85561,37.47873,181.6204,0,11225
55.85561,37.47873,181.6204,0,11236
55.85561,37.47873,181.6204,0,11245
55.85561,37.47873,181.6204,0,11255
55.85561,37.47873,181.6204,0,11265
55.85561,37.47873,181.6204,0,11275
55.85561,37.47873,181.6204,0,11285
55.85561,37.47873,181.6204,0,11295
55.85561,37.47873,181.6204,0,11305
55.85561,37.47873,181.6204,0,11315
55.85561,37.47873,181.6204,0,11325
55.85561,37.47873,181.6204,0,11336
55.85561,37.47873,181.6204,0,11346
55.85561,37.47873,181.6204,0,11355
55.85561,37.47873,181.6204,0,11365
55.85561,37.47873,181.6204,0,11375
55.85561,37.47873,181.6204,0,11385
55.85561,37.47873,181.6204,0,11396
55.85561,37.47873,181.6204,0,11405
55.85561,37.47873,181.6204,0,11415
55.85561,37.47873,181.6204,0,11425
55.85561,37.47873,181.6204,0,11435
55.85561,37.47873,181.6204,0,11445
55.85561,37.47873,181.6204,0,11455
55.85561,37.47873,181.6204,0,11466
55.85561,37.47873,181.6204,0,11476
55.85561,37.47873,181.6204,0,11485
55.85561,37.47873,181.6204,0,11495
55.85561,37.47873,181.6204,0,11505
55.85561,37.47873,181.6204,0,11515
55.85561,37.47873,181.6204,0,11525
55.85561,37.47873,181.6204,0,11536
55.85561,37.47873,181.6204,0,11546
55.85561,37.47873,181.6204,0,11556
55.85561,37.47873,181.6204,0,11566
55.85561,37.47873,181.6204,0,11575
55.85561,37.47873,181.6204,0,11586
55.85561,37.47873,181.6204,0,11595
55.85561,37.47873,181.6204,0,11605
55.85561,37.47873,181.6204,0,11616
55.85561,37.47873,181.6204,0,11625
55.85561,37.47873,181.6204,0,11636
55.85561,37.47873,181.6204,0,11645
55.85561,37.47873,181.6204,0,11655
55.85561,37.47873,181.6204,0,11665
55.85561,37.47873,181.6204,0,11675
55.85561,37.47873,181.6204,0,11685
55.85561,37.47873,181.6204,0,11696
55.85561,37.47873,181.6204,0,11705
55.85561,37.47873,181.6204,0,11715
55.85561,37.47873,181.6204,0,11725
55.85561,37.47873,181.6204,0,11735
55.85561,37.47873,181.6204,0,11745
55.85561,37.47873,181.6204,0,11755
55.85561,37.47873,181.6204,0,11765
55.85561,37.47873,181.6204,0,11775
55.85561,37.47873,181.6204,0,11785
55.85561,37.47873,181.6204,0,11795
55.85561,37.47873,181.6204,0,11805
55.85561,37.47873,181.6204,0,11815
55.85561,37.47873,181.6204,0,11825
55.85561,37.47873,181.6204,0,11835
55.85561,37.47873,181.6204,0,11845
55.85561,37.47873,181.6204,0,11855
55.85561,37.47873,181.6204,0,11865
55.85561,37.47873,181.6204,0,11875
55.85561,37.47873,181.6204,0,11886
55.85561,37.47873,181.6204,0,11896
55.85561,37.47873,181.6204,0,11905
55.85561,37.47873,181.6204,0,11916
55.85561,37.47873,181.6204,0,11925
55.85561,37.47873,181.6204,0,11936
55.85561,37.47873,181.6204,0,11945
55.85561,37.47873,181.6204,0,11956
55.85561,37.47873,181.6204,0,11965
55.85561,37.47873,181.6204,0,11976
55.85561,37.47873,181.6204,0,11985
55.85561,37.47873,181.6204,0,11996
55.85561,37.47873,181.6204,0,12005
55.85561,37.47873,181.6204,0,12015
55.85561,37.47873,181.6204,0,12026
55.85561,37.47873,181.6204,0,12036
55.85561,37.47873,181.6204,0,12045
55.85561,37.47873,181.6204,0,12055
55.85561,37.47873,181.6204,0,12065
55.85561,37.47873,181.6204,0,12075
55.85561,37.47873,181.6204,0,12085
55.85561,37.47873,181.6204,0,12095
55.85561,37.47873,181.6204,0,12106
55.85561,37.47873,181.6204,0,12115
55.85561,37.47873,181.6204,0,12125
55.85561,37.47873,181.6204,0,12135
55.85561,37.47873,181.6204,0,12145
55.85561,37.47873,181.6204,0,12157
55.85561,37.47873,181.6204,0,12166
55.85561,37.47873,181.6204,0,12175
55.85561,37.47873,181.6204,0,12185
55.85561,37.47873,181.6204,0,12196
55.85561,37.47873,181.6204,0,12205
55.85561,37.47873,181.6204,0,12215
55.85561,37.47873,181.6204,0,12225
55.85561,37.47873,181.6204,0,12235
55.85561,37.47873,181.6204,0,12245
55.85561,37.47873,181.6204,0,12256
55.85561,37.47873,181.6204,0,12265
55.85561,37.47873,181.6204,0,12276
55.85561,37.47873,181.6204,0,12285
55.85561,37.47873,181.6204,0,12295
55.85561,37.47873,181.6204,0,12306
55.85561,37.47873,181.6204,0,12315
55.85561,37.47873,181.6204,0,12326
55.85561,37.47873,181.6204,0,12335
55.85561,37.47873,181.6204,0,12345
55.85561,37.47873,181.6204,0,12355
55.85561,37.47873,181.6204,0,12365
55.85561,37.47873,181.6204,0,12375
55.85561,37.47873,181.6204,0,12385
55.85561,37.47873,181.6204,0,12395
55.85561,37.47873,181.6204,0,12405
55.85561,37.47873,181.6204,0,12415
55.85561,37.47873,181.6204,0,12425
55.85561,37.47873,181.6204,0,12435
55.85561,37.47873,181.6204,0,12446
55.85561,37.47873,181.6204,0,12455
55.85561,37.47873,181.6204,0,12466
55.85561,37.47873,181.6204,0,12476
55.85561,37.47873,181.6204,0,12485
55.85561,37.47873,181.6204,0,12495
55.85561,37.47873,181.6204,0,12505
55.85561,37.47873,181.6204,0,12515
55.85561,37.47873,181.6204,0,12525
55.85561,37.47873,181.6204,0,12536
55.85561,37.47873,181.6204,0,12548
55.85561,37.47873,181.6204,0,12557
55.85561,37.47873,181.6204,0,12565
55.85561,37.47873,181.6204,0,12575
55.85561,37.47873,181.6204,0,12585
55.85561,37.47873,181.6204,0,12595
55.85561,37.47873,181.6204,0,12605
55.85561,37.47873,181.6204,0,12615
55.85561,37.47873,181.6204,0,12626
55.85561,37.47873,181.6204,0,12635
55.85561,37.47873,181.6204,0,12645
55.85561,37.47873,181.6204,0,12656
55.85561,37.47873,181.6204,0,12665
55.85561,37.47873,181.6204,0,12676
55.85561,37.47873,181.6204,0,12685
55.85561,37.47873,181.6204,0,12695
55.85561,37.47873,181.6204,0,12706
55.85561,37.47873,181.6204,0,12715
55.85561,37.47873,181.6204,0,12725
55.85561,37.47873,181.6204,0,12736
55.85561,37.47873,181.6204,0,12745
55.85561,37.47873,181.6204,0,12755
55.85561,37.47873,181.6204,0,12765
55.85561,37.47873,181.6204,0,12775
55.85561,37.47873,181.6204,0,12785
55.85561,37.47873,181.6204,0,12795
55.85561,37.47873,181.6204,0,12806
55.85561,37.47873,181.6204,0,12815
55.85561,37.47873,180.0588,0,12825
55.85561,37.47873,180.0588,0,12835
55.85561,37.47873,180.0588,0,12845
55.85561,37.47873,180.0588,0,12855
55.85561,37.47873,180.0588,0,12865
55.85561,37.47873,180.0588,0,12875
55.85561,37.47873,180.0588,0,12886
55.85561,37.47873,180.0588,0,12895
55.85561,37.47873,180.0588,0,12905
55.85561,37.47873,180.0588,0,12916
55.85561,37.47873,180.0588,0,12925
55.85561,37.47873,180.0588,0,12936
55.85561,37.47873,180.0588,0,12946
55.85561,37.47873,180.0588,0,12955
55.85561,37.47873,180.0588,0,12965
55.85561,37.47873,180.0588,0,12976
55.85561,37.47873,180.0588,0,12985
55.85561,37.47873,180.0588,0,12996
55.85561,37.47873,180.0588,0,13005
55.85561,37.47873,180.0588,0,13016
55.85561,37.47873,180.0588,0,13026
55.85561,37.47873,180.0588,0,13035
55.85561,37.47873,180.0588,0,13046
55.85561,37.47873,180.0588,0,13056
55.85561,37.47873,180.0588,0,13065
55.85561,37.47873,180.0588,0,13075
55.85561,37.47873,180.0588,0,13085
55.85561,37.47873,180.0588,0,13095
55.85561,37.47873,180.0588,0,13105
55.85561,37.47873,180.0588,0,13115
55.85561,37.47873,180.0588,0,13125
55.85561,37.47873,180.0588,0,13136
55.85561,37.47873,180.0588,0,13145
55.85561,37.47873,180.0588,0,13155
55.85561,37.47873,180.0588,0,13166
55.85561,37.47873,180.0588,0,13175
55.85561,37.47873,180.0588,0,13185
55.85561,37.47873,180.0588,0,13196
55.85561,37.47873,180.0588,0,13205
55.85561,37.47873,180.0588,0,13215
55.85561,37.47873,180.0588,0,13225
55.85561,37.47873,180.0588,0,13236
55.85561,37.47873,180.0588,0,13245
55.85561,37.47873,180.0588,0,13255
55.85561,37.47873,180.0588,0,13265
55.85561,37.47873,180.0588,0,13275
55.85561,37.47873,180.0588,0,13285
55.85561,37.47873,180.0588,0,13295
55.85561,37.47873,180.0588,0,13305
55.85561,37.47873,180.0588,0,13315
55.85561,37.47873,180.0588,0,13326
55.85561,37.47873,180.0588,0,13335
55.85561,37.47873,180.0588,0,13345
55.85561,37.47873,180.0588,0,13355
55.85561,37.47873,180.0588,0,13366
55.85561,37.47873,180.0588,0,13375
55.85561,37.47873,180.0588,0,13385
55.85561,37.47873,180.0588,0,13395
55.85561,37.47873,180.0588,0,13405
55.85561,37.47873,180.0588,0,13415
55.85561,37.47873,180.0588,0,13425
55.85561,37.47873,180.0588,0,13435
55.85561,37.47873,180.0588,0,13445
55.85561,37.47873,180.0588,0,13455
55.85561,37.47873,180.0588,0,13465
55.85561,37.47873,180.0588,0,13475
55.85561,37.47873,180.0588,0,13485
55.85561,37.47873,180.0588,0,13495
55.85561,37.47873,180.0588,0,13505
55.85561,37.47873,180.0588,0,13515
55.85561,37.47873,180.0588,0,13525
55.85561,37.47873,180.0588,0,13535
55.85561,37.47873,180.0588,0,13545
55.85561,37.47873,180.0588,0,13555
55.85561,37.47873,180.0588,0,13565
55.85561,37.47873,180.0588,0,13575
55.85561,37.47873,180.0588,0,13586
55.85561,37.47873,180.0588,0,13595
55.85561,37.47873,180.0588,0,13605
55.85561,37.47873,180.0588,0,13616
55.85561,37.47873,180.0588,0,13626
55.85561,37.47873,180.0588,0,13635
55.85561,37.47873,180.0588,0,13646
55.85561,37.47873,180.0588,0,13655
55.85561,37.47873,180.0588,0,13665
55.85561,37.47873,180.0588,0,13675
55.85561,37.47873,180.0588,0,13685
55.85561,37.47873,180.0588,0,13695
55.85561,37.47873,180.0588,0,13705
55.85561,37.47873,180.0588,0,13715
55.85561,37.47873,180.0588,0,13726
55.85561,37.47873,180.0588,0,13736
55.85561,37.47873,180.0588,0,13745
55.85561,37.47873,180.0588,0,13755
55.85561,37.47873,180.0588,0,13765
55.85561,37.47873,180.0588,0,13776
55.85561,37.47873,180.0588,0,13785
55.85561,37.47873,180.0588,0,13795
55.85561,37.47873,180.0588,0,13805
55.85561,37.47873,180.0588,0,13815
55.85561,37.47873,180.0588,0,13825
55.85561,37.47873,180.0588,0,13835
55.85561,37.47873,180.0588,0,13845
55.85561,37.47873,180.0588,0,13855
55.85561,37.47873,180.0588,0,13865
55.85561,37.47873,180.0588,0,13875
55.85561,37.47873,180.0588,0,13885
55.85561,37.47873,180.0588,0,13895
55.85561,37.47873,180.0588,0,13905
55.85561,37.47873,180.0588,0,13916
55.85561,37.47873,180.0588,0,13925
55.85561,37.47873,180.0588,0,13936
55.85561,37.47873,180.0588,0,13945
55.85561,37.47873,180.0588,0,13955
55.85561,37.47873,180.0588,0,13965
55.85561,37.47873,180.0588,0,13975
55.85561,37.47873,180.0588,0,13985
55.85561,37.47873,180.0588,0,13995
55.85561,37.47873,180.0588,0,14005
55.85561,37.47873,180.0588,0,14015
55.85561,37.47873,180.0588,0,14026
55.85561,37.47873,180.0588,0,14035
55.85561,37.47873,180.0588,0,14045
55.85561,37.47873,180.0588,0,14055
55.85561,37.47873,180.0588,0,14065
55.85561,37.47873,180.0588,0,14076
55.85561,37.47873,180.0588,0,14085
55.85561,37.47873,180.0588,0,14096
55.85561,37.47873,180.0588,0,14105
55.85561,37.47873,180.0588,0,14115
55.85561,37.47873,180.0588,0,14126
55.85561,37.47873,180.0588,0,14136
55.85561,37.47873,180.0588,0,14145
55.85561,37.47873,180.0588,0,14156
55.85561,37.47873,180.0588,0,14165
55.85561,37.47873,180.0588,0,14175
55.85561,37.47873,180.0588,0,14185
55.85561,37.47873,180.0588,0,14195
55.85561,37.47873,180.0588,0,14205
55.85561,37.47873,180.0588,0,14215
55.85561,37.47873,180.0588,0,14225
55.85561,37.47873,180.0588,0,14235
