ACCELEROMETER X (m/s²),ACCELEROMETER Y (m/s²),ACCELEROMETER Z (m/s²),GYROSCOPE X (rad/s),GYROSCOPE Y (rad/s),GYROSCOPE Z (rad/s),MAGNETIC FIELD X (μT),MAGNETIC FIELD Y (μT),MAGNETIC FIELD Z (μT),ORIENTATION Z (azimuth °),ORIENTATION X (pitch °),ORIENTATION Y (roll °),Time since start in ms 
-0.488432,-0.023943,9.783007,-0.01876,-0.00387,-0.008128,12.06,-19.32,-45.6,206.7987,0.2693,2.8384,19
-0.478855,-0.040703,9.828498,-0.013262,-0.006925,-0.003241,12.12,-18.9,-45.84,206.7987,0.2693,2.8384,29
-0.493221,-0.062251,9.900327,-0.002878,-0.005092,-0.005073,11.88,-18.12,-45.12,206.7987,0.2693,2.8384,39
-0.493221,-0.062251,9.900327,0.007507,0.002238,-0.003241,11.88,-18.12,-45.12,206.7987,0.2693,2.8384,50
-0.493221,-0.071828,9.905115,0.007507,0.002238,-0.003241,12.06,-18.06,-44.94,208.1944,0.2677,2.8305,59
-0.488432,-0.047885,9.850046,0.011783,0.005903,-0.000797,12.06,-18.06,-44.94,208.1944,0.2677,2.8305,70
-0.488432,-0.021548,9.785401,0.011783,0.005903,-0.000797,11.94,-18.18,-45.66,208.1944,0.2677,2.8305,79
-0.464489,-0.026337,9.75667,0.001398,-0.00326,-0.002019,11.94,-18.18,-45.66,208.1944,0.2677,2.8305,89
-0.464489,-0.026337,9.75667,-0.005932,-0.004481,-0.002019,11.76,-18.72,-45.72,206.8199,0.262,2.8311,99
-0.488432,-0.031126,9.780613,-0.010819,-0.005092,-0.003852,11.76,-18.72,-45.72,206.8199,0.262,2.8311,109
-0.512375,-0.031126,9.864412,-0.010208,-0.00326,-0.004462,12.66,-18.9,-44.88,206.8199,0.262,2.8311,120
-0.512375,-0.031126,9.864412,-0.001045,-0.000205,-0.004462,12.66,-18.9,-44.88,206.8199,0.262,2.8311,129
-0.493221,-0.064645,9.909904,0.006896,0.000406,-0.003852,13.08,-18.54,-44.46,209.3876,0.2629,2.825,139
-0.488432,-0.038308,9.845258,0.006896,0.001627,-0.003241,13.08,-18.54,-44.46,209.3876,0.2629,2.825,149
-0.495615,-0.004789,9.783007,0.005063,0.002238,-0.004462,12.36,-19.08,-44.76,209.3876,0.2629,2.825,159
-0.483643,-0.045491,9.763853,-0.001045,-0.000816,-0.003852,12.36,-19.08,-44.76,209.3876,0.2629,2.825,169
-0.493221,-0.031126,9.802161,-0.00471,-0.000816,-0.003852,12.48,-19.08,-45.12,206.9504,0.2523,2.8318,180
-0.493221,-0.031126,9.802161,-0.007154,-0.002649,-0.003852,12.48,-19.08,-45.12,206.9504,0.2523,2.8318,189
-0.493221,-0.045491,9.866806,-0.007765,-0.002649,-0.003241,12.6,-18.54,-45.6,206.9504,0.2523,2.8318,200
-0.483643,-0.05028,9.876384,0.000177,-0.002649,-0.002019,12.6,-18.54,-45.6,206.9504,0.2523,2.8318,209
-0.478855,-0.043097,9.864412,0.003231,0.000406,-0.004462,12.12,-18.84,-45.18,206.9532,0.2409,2.8362,219
-0.495615,-0.043097,9.802161,0.008118,-0.000205,-0.003241,12.12,-18.84,-45.18,206.9532,0.2409,2.8362,229
-0.495615,-0.043097,9.802161,0.001398,0.001016,-0.003241,12.12,-19.32,-44.88,206.9532,0.2409,2.8362,239
-0.490826,-0.043097,9.794978,-0.002267,-0.00326,-0.005684,12.12,-19.32,-44.88,206.9532,0.2409,2.8362,249
-0.490826,-0.043097,9.816526,-0.006543,-0.006925,-0.00263,12.24,-19.62,-45.42,205.7948,0.2427,2.8354,259
-0.407027,-0.047885,9.838076,-0.005321,-0.004481,-0.004462,12.24,-19.62,-45.42,205.7948,0.2427,2.8354,270
-0.502798,-0.045491,9.948212,-0.006543,-0.000816,-0.003852,12.96,-19.44,-45.54,205.7948,0.2427,2.8354,279
-0.502798,-0.045491,9.948212,0.000787,0.019342,-0.005073,12.96,-19.44,-45.54,205.7948,0.2427,2.8354,290
-0.550683,-0.074223,9.857229,0.006285,0.01079,-0.000186,12.96,-19.26,-45.72,209.1609,0.2437,2.831,299
-0.579414,0.002394,9.718362,0.008118,-0.00326,0.001646,12.96,-19.26,-45.72,209.1609,0.2437,2.831,309
-0.459701,-0.014366,9.70639,0.00262,-0.022196,0.000425,12.48,-19.5,-45.42,209.1609,0.2437,2.831,319
-0.481249,-0.06704,9.888355,-0.008986,-0.01059,0.000425,12.48,-19.5,-45.42,209.1609,0.2437,2.831,329
-0.481249,-0.06704,9.888355,-0.015095,0.006514,0.004701,12.42,-19.68,-45.6,205.6101,0.2503,2.8671,339
-0.462095,-0.055068,9.926663,-0.010208,0.004682,0.005922,12.42,-19.68,-45.6,205.6101,0.2503,2.8671,349
-0.454912,-0.057463,9.857229,-0.002267,0.001016,0.007144,12.96,-18.48,-45.66,205.6101,0.2503,2.8671,360
-0.430969,-0.05028,9.826104,0.008729,0.004682,0.004701,12.96,-18.48,-45.66,205.6101,0.2503,2.8671,370
-0.524346,-0.045491,9.818921,0.010561,0.024229,0.003479,13.14,-18,-45.36,210.4911,0.2555,2.8849,379
-0.524346,-0.06704,9.747093,0.008729,0.018732,0.007144,13.14,-18,-45.36,210.4911,0.2555,2.8849,389
-0.574626,-0.06704,9.747093,0.006896,-0.00387,0.010809,12.3,-18.48,-45.36,210.4911,0.2555,2.8849,400
-0.600963,-0.047885,9.785401,0.000787,-0.012423,0.014474,12.3,-18.48,-45.36,210.4911,0.2555,2.8849,409
-0.596174,-0.007183,9.859624,-0.009597,-0.005092,0.019972,11.94,-18,-45.12,208.0826,0.2566,2.8939,420
-0.670397,-0.045491,9.775824,-0.01143,0.01751,0.028524,11.94,-18,-45.12,208.0826,0.2566,2.8939,429
-0.670397,-0.045491,9.775824,-0.010208,0.008958,0.033411,11.88,-18.18,-45.48,208.0826,0.2566,2.8939,439
-0.684763,0.086194,9.672871,-0.007765,-0.011201,0.041963,11.88,-18.18,-45.48,208.0826,0.2566,2.8939,449
-0.656031,0,9.677659,-0.012652,-0.016088,0.04685,11.7,-18.72,-45.18,206.6806,0.2691,2.9661,459
-0.629694,-0.086194,9.893144,-0.018149,-0.006925,0.056624,11.7,-18.72,-45.18,206.6806,0.2691,2.9661,471
-0.605751,-0.112531,10.032011,-0.018149,-0.006925,0.056624,12.24,-19.2,-45.12,206.6806,0.2691,2.9661,480
-0.572232,-0.126897,9.96976,-0.010208,-0.007536,0.072507,12.24,-19.2,-45.12,206.6806,0.2691,2.9661,490
-0.572232,-0.126897,9.96976,-0.010208,-0.007536,0.072507,12.48,-19.32,-45.12,206.3848,0.2394,3.1366,499
-0.57702,-0.071828,9.783007,-0.005321,-0.000816,0.079226,12.48,-19.32,-45.12,206.3848,0.2394,3.1366,509
-0.620117,-0.057463,9.75667,-0.001656,0.004682,0.089,12.06,-19.02,-44.52,206.3848,0.2394,3.1366,519
-0.6273,-0.090982,9.826104,-0.002267,-0.000205,0.092054,12.06,-19.02,-44.52,206.3848,0.2394,3.1366,529
-0.603357,-0.035914,9.852441,0.000787,0.002238,0.11038,12.12,-19.5,-44.46,206.2865,0.2835,3.2404,540
-0.603357,-0.035914,9.852441,-0.006543,0.004682,0.116489,12.12,-19.5,-44.46,206.2865,0.2835,3.2404,550
-0.636877,-0.01676,9.787795,-0.006543,0.004682,0.116489,12.12,-19.44,-45.12,206.2865,0.2835,3.2404,559
-0.679974,-0.004789,9.754275,-0.012041,0.004682,0.127485,12.12,-19.44,-45.12,206.2865,0.2835,3.2404,570
-0.684763,0.004789,9.771035,-0.010819,-0.006925,0.132982,11.94,-18.72,-44.94,206.0392,0.2924,3.2913,579
-0.684763,0.004789,9.771035,-0.014484,-0.009979,0.142145,11.94,-18.72,-44.94,206.0392,0.2924,3.2913,589
-0.658426,-0.007183,9.783007,-0.015706,0.002849,0.15925,12.54,-19.14,-45.42,206.0392,0.2924,3.2913,600
-0.668003,-0.019154,9.775824,-0.015706,0.002849,0.15925,12.54,-19.14,-45.42,206.0392,0.2924,3.2913,609
-0.665608,-0.076617,9.802161,-0.016928,-0.00387,0.167802,12.12,-19.08,-46.02,205.8843,0.3008,3.2927,619
-0.67758,-0.10056,9.897932,-0.021204,-0.011201,0.178797,12.12,-19.08,-46.02,205.8843,0.3008,3.2927,630
-0.67758,-0.10056,9.897932,-0.018149,-0.011201,0.189793,11.7,-18.96,-45.24,205.8843,0.3008,3.2927,639
-0.598569,-0.146051,9.895537,-0.017539,-0.008146,0.200788,11.7,-18.96,-45.24,205.8843,0.3008,3.2927,649
-0.651243,-0.038308,9.917087,-0.012041,0.00346,0.212395,12,-19.26,-45.6,205.892,0.3148,3.282,659
-0.622511,-0.074223,9.759064,-0.007154,0.006514,0.222169,12,-19.26,-45.6,205.892,0.3148,3.282,669
-0.672791,-0.028731,9.684841,-0.007154,0.004682,0.232553,11.64,-18.84,-46.14,205.892,0.3148,3.282,679
-0.672791,-0.028731,9.684841,-0.014484,0.001016,0.242938,11.64,-18.84,-46.14,205.892,0.3148,3.282,689
-0.675185,-0.007183,9.715967,-0.024869,-0.00387,0.253323,11.94,-18.42,-46.14,207.1078,0.32,3.2814,699
-0.718282,-0.057463,9.809344,-0.027923,0.002238,0.261875,11.94,-18.42,-46.14,207.1078,0.32,3.2814,709
-0.718282,-0.028731,9.900327,-0.027312,-0.00326,0.276536,12.48,-18.6,-45.54,207.1078,0.32,3.2814,719
-0.718282,-0.028731,9.900327,-0.027312,-0.005092,0.291196,12.48,-18.6,-45.54,207.1078,0.32,3.2814,729
-0.699128,-0.069434,9.794978,-0.023647,-0.008757,0.305857,12.78,-19.08,-44.88,208.3621,0.3283,3.2874,739
-0.670397,-0.088588,9.804555,-0.023647,-0.011201,0.313188,12.78,-19.08,-44.88,208.3621,0.3283,3.2874,749
-0.620117,-0.107742,9.835681,-0.024869,-0.00387,0.320518,12.42,-19.5,-44.46,208.3621,0.3283,3.2874,759
-0.617723,-0.093377,9.873989,-0.022425,0.001016,0.333957,12.42,-19.5,-44.46,208.3621,0.3283,3.2874,769
-0.656031,-0.112531,9.862018,-0.020593,0.004071,0.346174,11.52,-19.8,-44.64,204.8867,0.3495,3.2784,780
-0.656031,-0.112531,9.862018,-0.019982,0.002849,0.357781,11.52,-19.8,-44.64,204.8867,0.3495,3.2784,789
-0.706311,-0.098165,9.838076,-0.020593,-0.000205,0.365722,11.58,-19.8,-45.54,204.8867,0.3495,3.2784,799
-0.720677,-0.088588,9.802161,-0.017539,0.002849,0.379772,11.58,-19.8,-45.54,204.8867,0.3495,3.2784,810
-0.713494,-0.062251,9.799767,-0.019982,-0.000816,0.388935,11.88,-19.38,-45.3,205.9906,0.3547,3.2864,819
-0.713494,-0.062251,9.799767,-0.024258,-0.007536,0.401763,11.88,-19.38,-45.3,205.9906,0.3547,3.2864,830
-0.646454,-0.059857,9.783007,-0.022425,-0.007536,0.412759,11.46,-18.72,-45.06,205.9906,0.3547,3.2864,841
-0.598569,-0.031126,9.761458,-0.034032,-0.006314,0.421311,11.46,-18.72,-45.06,205.9906,0.3547,3.2864,850
-0.67758,-0.062251,9.802161,-0.034032,-0.006314,0.421311,11.22,-18.84,-45.72,203.3815,0.354,3.2937,860
-0.735042,-0.143656,9.809344,-0.03953,0.004682,0.434139,11.22,-18.84,-45.72,203.3815,0.354,3.2937,870
-0.703917,-0.0838,9.857229,-0.03281,0.001627,0.458574,11.94,-19.86,-45.78,203.3815,0.354,3.2937,880
-0.703917,-0.0838,9.857229,-0.026702,-0.005092,0.473845,11.94,-19.86,-45.78,203.3815,0.354,3.2937,890
-0.730254,-0.10056,9.900327,-0.026702,-0.005092,0.473845,12.54,-20.1,-45.6,206.9845,0.3681,3.293,899
-0.730254,-0.10056,9.900327,-0.026702,-0.005092,0.473845,12.54,-20.1,-45.6,206.9845,0.3681,3.293,909
-0.730254,-0.10056,9.897932,-0.026702,-0.00326,0.480565,12.36,-20.04,-45.54,206.9845,0.3681,3.293,919
-0.730254,-0.10056,9.897932,-0.034032,-0.008146,0.520882,12.36,-20.04,-45.54,206.9845,0.3681,3.293,929
-0.588992,-0.059857,9.744699,-0.038308,-0.008757,0.532488,12.12,-19.92,-45,204.8226,0.3761,3.3007,939
-0.59378,-0.081405,9.79019,-0.037697,0.004071,0.538597,12.12,-19.92,-45,204.8226,0.3761,3.3007,950
-0.646454,-0.064645,9.79019,-0.03953,0.008958,0.548982,12.42,-20.04,-45.42,204.8226,0.3761,3.3007,959
-0.663214,-0.090982,9.742304,-0.043806,0.004682,0.556312,12.42,-20.04,-45.42,204.8226,0.3761,3.3007,969
-0.663214,-0.090982,9.742304,-0.041362,-0.004481,0.564253,11.82,-19.8,-45.48,204.8217,0.3825,3.2982,979
-0.646454,-0.117319,9.792584,-0.043806,-0.008146,0.572805,11.82,-19.8,-45.48,204.8217,0.3825,3.2982,989
-0.679974,-0.136474,9.888355,-0.043806,-0.008146,0.572805,11.64,-19.56,-44.94,204.8217,0.3825,3.2982,999
-0.622511,-0.174782,9.912297,-0.045027,-0.008757,0.582579,11.64,-19.56,-44.94,204.8217,0.3825,3.2982,1009
-0.61054,-0.148445,9.897932,-0.043195,-0.014866,0.586855,11.76,-19.98,-44.94,204.7732,0.4054,3.3139,1019
-0.56026,-0.150839,9.845258,-0.035865,-0.00387,0.596629,11.76,-19.98,-44.94,204.7732,0.4054,3.3139,1029
-0.565049,-0.181965,9.763853,-0.034643,-0.00387,0.60457,11.4,-20.52,-44.88,204.7732,0.4054,3.3139,1040
-0.565049,-0.181965,9.763853,-0.033421,-0.005092,0.609457,11.4,-20.52,-44.88,204.7732,0.4054,3.3139,1050
-0.548289,-0.162811,9.826104,-0.033421,-0.005092,0.609457,11.58,-20.76,-45.66,203.6042,0.4262,3.3053,1059
-0.59378,-0.148445,9.864412,-0.035865,-0.004481,0.614955,11.58,-20.76,-45.66,203.6042,0.4262,3.3053,1070
-0.64406,-0.136474,9.842864,-0.037697,0.004071,0.622285,12,-20.94,-46.14,203.6042,0.4262,3.3053,1079
-0.64406,-0.136474,9.842864,-0.038919,0.00346,0.633281,12,-20.94,-46.14,203.6042,0.4262,3.3053,1090
-0.653637,-0.098165,9.785401,-0.037697,-0.002038,0.641833,11.04,-20.82,-45.72,201.3126,0.4254,3.3078,1099
-0.636877,-0.110137,9.751882,-0.040141,-0.006925,0.647942,11.04,-20.82,-45.72,201.3126,0.4254,3.3078,1109
-0.634483,-0.134079,9.780613,-0.042584,-0.002038,0.658937,10.68,-20.64,-46.2,201.3126,0.4254,3.3078,1119
-0.624906,-0.158022,9.816526,-0.045638,-0.006925,0.666268,10.68,-20.64,-46.2,201.3126,0.4254,3.3078,1129
-0.624906,-0.158022,9.816526,-0.048693,-0.014255,0.674209,10.68,-21.18,-46.02,201.285,0.4308,3.3202,1140
-0.586597,-0.186753,9.883567,-0.048082,-0.011812,0.683983,10.68,-21.18,-46.02,201.285,0.4308,3.3202,1149
-0.603357,-0.186753,9.924269,-0.043806,0.002849,0.693757,10.86,-21.18,-45.18,201.285,0.4308,3.3202,1159
-0.612934,-0.181965,9.842864,-0.040141,0.001627,0.70353,10.86,-21.18,-45.18,201.285,0.4308,3.3202,1170
-0.605751,-0.153234,9.766247,-0.037086,-0.00387,0.709028,10.98,-20.64,-45.6,201.2818,0.4533,3.3132,1179
-0.605751,-0.153234,9.766247,-0.040141,0.002238,0.716359,10.98,-20.64,-45.6,201.2818,0.4533,3.3132,1189
-0.596174,-0.158022,9.751882,-0.046249,0.007125,0.725522,10.74,-20.76,-45.96,201.2818,0.4533,3.3132,1199
-0.612934,-0.143656,9.744699,-0.046249,0.007125,0.725522,10.74,-20.76,-45.96,201.2818,0.4533,3.3132,1209
-0.636877,-0.129291,9.785401,-0.050525,0.005903,0.731019,11.58,-21.36,-45.48,203.6823,0.451,3.3275,1219
-0.603357,-0.160416,9.842864,-0.052358,-0.006925,0.741404,11.58,-21.36,-45.48,203.6823,0.451,3.3275,1229
-0.603357,-0.160416,9.842864,-0.056023,-0.006314,0.749345,11.16,-21.24,-45.3,203.6823,0.451,3.3275,1239
-0.584203,-0.165205,9.871595,-0.05358,0.000406,0.755454,11.16,-21.24,-45.3,203.6823,0.451,3.3275,1249
-0.584203,-0.201119,9.845258,-0.051136,-0.00326,0.757287,10.8,-21.24,-44.94,201.3639,0.4648,3.3409,1259
-0.562655,-0.203513,9.80695,-0.048693,-0.008757,0.764617,10.8,-21.24,-44.94,201.3639,0.4648,3.3409,1269
-0.569837,-0.22985,9.826104,-0.049304,-0.006925,0.770726,11.1,-21.6,-44.88,201.3639,0.4648,3.3409,1280
-0.569837,-0.22985,9.826104,-0.049914,-0.006314,0.771337,11.1,-21.6,-44.88,201.3639,0.4648,3.3409,1289
-0.572232,-0.220273,9.857229,-0.05358,-0.009368,0.775613,10.2,-21.78,-44.46,198.3334,0.4861,3.346,1299
-0.52674,-0.220273,9.876384,-0.051747,-0.008146,0.775613,10.2,-21.78,-44.46,198.3334,0.4861,3.346,1310
-0.486038,-0.174782,9.838076,-0.04686,-0.004481,0.780499,10.08,-21.96,-44.16,198.3334,0.4861,3.346,1319
-0.486038,-0.160416,9.742304,-0.048693,0.006514,0.784165,10.08,-21.96,-44.16,198.3334,0.4861,3.346,1329
-0.533923,-0.172388,9.751882,-0.049914,0.006514,0.785997,10.08,-22.44,-44.22,198.3301,0.4946,3.345,1339
-0.533923,-0.172388,9.751882,-0.050525,-0.002649,0.790273,10.26,-22.56,-43.86,198.3301,0.4946,3.345,1349
-0.572232,-0.184359,9.830893,-0.051136,-0.013644,0.793328,10.26,-22.56,-43.86,198.3301,0.4946,3.345,1360
-0.617723,-0.179571,9.907509,-0.050525,-0.005703,0.800658,10.44,-22.74,-43.74,198.3301,0.4946,3.345,1369
-0.56026,-0.203513,9.823709,-0.05419,-0.005092,0.804934,10.44,-22.74,-43.74,198.3301,0.4946,3.345,1380
-0.541106,-0.205908,9.761458,-0.056023,-0.01059,0.810432,10.74,-22.14,-44.04,200.504,0.6594,3.3392,1389
-0.541106,-0.205908,9.761458,-0.058467,-0.008757,0.814097,10.74,-22.14,-44.04,200.504,0.6594,3.3392,1399
-0.567443,-0.253793,9.783007,-0.054801,-0.002649,0.820206,10.62,-21.84,-44.46,200.504,0.6594,3.3392,1410
-0.581809,-0.239427,9.857229,-0.051136,0.001627,0.825704,10.62,-21.84,-44.46,200.504,0.6594,3.3392,1419
-0.57702,-0.220273,9.871595,-0.048082,-0.00326,0.831812,10.08,-22.44,-44.28,198.152,0.8311,3.3346,1429
-0.57702,-0.201119,9.826104,-0.049914,0.001016,0.833645,10.08,-22.44,-44.28,198.152,0.8311,3.3346,1439
-0.57702,-0.201119,9.826104,-0.052969,0.002238,0.845251,9.96,-22.8,-44.58,198.152,0.8311,3.3346,1449
-0.569837,-0.21309,9.780613,-0.058467,-0.000816,0.846473,9.96,-22.8,-44.58,198.152,0.8311,3.3346,1459
-0.600963,-0.205908,9.79019,-0.058467,-0.009368,0.855025,9.72,-22.86,-45.12,197.1948,0.9714,3.3477,1469
-0.579414,-0.244216,9.845258,-0.059688,-0.01059,0.860523,9.72,-22.86,-45.12,197.1948,0.9714,3.3477,1479
-0.579414,-0.244216,9.845258,-0.055412,-0.000816,0.862966,9.42,-22.86,-44.76,197.1948,0.9714,3.3477,1489
-0.562655,-0.249005,9.859624,-0.055412,-0.002649,0.87274,9.42,-22.86,-44.76,197.1948,0.9714,3.3477,1499
-0.555472,-0.22985,9.847652,-0.052969,-0.00387,0.875184,9.42,-22.8,-44.04,195.0359,1.0799,3.3645,1510
-0.476461,-0.260976,9.811738,-0.051747,-0.006925,0.876405,9.42,-22.8,-44.04,195.0359,1.0799,3.3645,1519
-0.466884,-0.220273,9.783007,-0.05358,0.005293,0.881903,9.36,-22.92,-44.1,195.0359,1.0799,3.3645,1530
-0.466884,-0.220273,9.783007,-0.05358,0.005293,0.881903,9.36,-22.92,-44.1,195.0359,1.0799,3.3645,1539
-0.524346,-0.217879,9.775824,-0.059688,0.00346,0.887401,9,-23.04,-44.22,194.9647,1.1751,3.3802,1549
-0.615329,-0.275342,9.842864,-0.059688,-0.006925,0.889844,9,-23.04,-44.22,194.9647,1.1751,3.3802,1559
-0.600963,-0.232245,9.914692,-0.058467,-0.013644,0.891066,9.24,-23.1,-44.28,194.9647,1.1751,3.3802,1569
-0.600963,-0.232245,9.914692,-0.056634,-0.006314,0.897786,9.24,-23.1,-44.28,194.9647,1.1751,3.3802,1579
-0.572232,-0.256187,9.840469,-0.054801,0.004071,0.898397,9.18,-23.7,-44.58,194.2324,1.2619,3.3692,1589
-0.490826,-0.253793,9.742304,-0.05358,-0.005703,0.90084,9.18,-23.7,-44.58,194.2324,1.2619,3.3692,1600
-0.514769,-0.241822,9.799767,-0.056634,-0.015477,0.902062,8.82,-23.82,-44.52,194.2324,1.2619,3.3692,1609
-0.450124,-0.342381,9.873989,-0.059077,-0.014866,0.900229,8.82,-23.82,-44.52,194.2324,1.2619,3.3692,1620
-0.450124,-0.342381,9.873989,-0.063353,-0.006314,0.900229,9.3,-23.7,-44.34,194.3884,1.3215,3.3437,1629
-0.548289,-0.249005,9.917087,-0.058467,0.004071,0.904505,9.3,-23.7,-44.34,194.3884,1.3215,3.3437,1639
-0.538712,-0.284919,9.838076,-0.051747,-0.005092,0.907559,9.24,-23.64,-43.86,194.3884,1.3215,3.3437,1649
-0.502798,-0.251399,9.826104,-0.051747,-0.002649,0.903283,9.24,-23.64,-43.86,194.3884,1.3215,3.3437,1659
-0.572232,-0.232245,9.761458,-0.051747,0.010179,0.907559,8.7,-23.64,-43.68,194.4884,1.3924,3.2657,1669
-0.572232,-0.232245,9.761458,-0.059077,0.004682,0.909392,8.7,-23.64,-43.68,194.4884,1.3924,3.2657,1679
-0.555472,-0.253793,9.675264,-0.059077,0.004682,0.909392,8.4,-23.94,-43.74,194.4884,1.3924,3.2657,1690
-0.469278,-0.244216,9.811738,-0.062132,-0.030138,0.910003,8.4,-23.94,-43.74,194.4884,1.3924,3.2657,1699
-0.452518,-0.272947,9.998491,-0.065186,0.015066,0.915501,7.98,-23.7,-43.32,192.5184,1.4352,3.2249,1710
-0.452518,-0.272947,9.998491,-0.065186,0.015066,0.915501,7.98,-23.7,-43.32,192.5184,1.4352,3.2249,1719
-0.5435,-0.287313,9.828498,-0.060299,0.012623,0.918555,7.38,-23.82,-43.5,192.5184,1.4352,3.2249,1730
-0.533923,-0.265764,9.749487,-0.049304,-0.01792,0.916112,7.38,-23.82,-43.5,192.5184,1.4352,3.2249,1739
-0.541106,-0.28013,9.802161,-0.046249,-0.025251,0.916722,7.44,-24.6,-43.92,189.8598,1.4848,3.1867,1749
-0.553077,-0.282524,9.835681,-0.055412,0.008347,0.923442,7.44,-24.6,-43.92,189.8598,1.4848,3.1867,1759
-0.52674,-0.260976,9.754275,-0.06091,0.012012,0.924053,7.38,-24.36,-43.8,189.8598,1.4848,3.1867,1769
-0.52674,-0.260976,9.754275,-0.060299,-0.019142,0.924664,7.38,-24.36,-43.8,189.8598,1.4848,3.1867,1779
-0.512375,-0.29689,9.809344,-0.063964,-0.02464,0.926496,7.26,-24.06,-44.04,190.2613,1.5049,3.1728,1789
-0.533923,-0.306467,9.941029,-0.062743,0.005903,0.928329,7.26,-24.06,-44.04,190.2613,1.5049,3.1728,1799
-0.608146,-0.28013,9.847652,-0.055412,0.009569,0.926496,7.44,-24.48,-44.28,190.2613,1.5049,3.1728,1809
-0.608146,-0.28013,9.847652,-0.048082,-0.007536,0.927107,7.44,-24.48,-44.28,190.2613,1.5049,3.1728,1819
-0.555472,-0.234639,9.744699,-0.049914,-0.013644,0.931994,6.78,-24.48,-43.92,190.2674,1.5534,3.1605,1829
-0.493221,-0.28013,9.754275,-0.06091,0.001016,0.933216,6.78,-24.48,-43.92,190.2674,1.5534,3.1605,1840
-0.483643,-0.251399,9.785401,-0.06824,0.018121,0.93627,6.72,-24.24,-43.74,190.2674,1.5534,3.1605,1849
-0.567443,-0.294496,9.794978,-0.06824,-0.005092,0.945433,6.72,-24.24,-43.74,190.2674,1.5534,3.1605,1859
-0.567443,-0.294496,9.794978,-0.070073,-0.016088,0.943601,6.78,-24.06,-43.74,190.3023,1.5648,3.138,1869
-0.557866,-0.356747,9.909904,-0.064575,-0.006925,0.947266,6.78,-24.06,-43.74,190.3023,1.5648,3.138,1879
-0.586597,-0.342381,9.98652,-0.057856,-0.000816,0.947266,5.94,-24.54,-44.16,190.3023,1.5648,3.138,1890
-0.495615,-0.332804,9.931452,-0.057856,-0.000816,0.947266,5.94,-24.54,-44.16,190.3023,1.5648,3.138,1899
-0.507586,-0.320833,9.852441,-0.045638,-0.013033,0.952764,6.06,-25.14,-44.4,187.7255,1.6082,3.1687,1909
-0.524346,-0.270553,9.751882,-0.043195,-0.000816,0.953985,6.06,-25.14,-44.4,187.7255,1.6082,3.1687,1919
-0.524346,-0.270553,9.751882,-0.051136,0.008958,0.955818,6.3,-24.42,-43.74,187.7255,1.6082,3.1687,1929
-0.562655,-0.265764,9.615408,-0.059688,0.001016,0.960705,6.3,-24.42,-43.74,187.7255,1.6082,3.1687,1939
-0.574626,-0.222668,9.677659,-0.068851,-0.006314,0.961926,5.58,-23.64,-43.56,187.9861,1.6541,3.1865,1949
-0.562655,-0.272947,9.821315,-0.074349,-0.009979,0.96437,5.58,-23.64,-43.56,187.9861,1.6541,3.1865,1959
-0.56026,-0.332804,9.941029,-0.073738,-0.005092,0.966813,5.22,-24,-43.86,187.9861,1.6541,3.1865,1969
-0.529135,-0.325621,9.972155,-0.069462,-0.005092,0.968035,5.22,-24,-43.86,187.9861,1.6541,3.1865,1980
-0.529135,-0.325621,9.972155,-0.063964,-0.014255,0.969868,5.34,-24.3,-43.68,185.6892,1.6739,3.2227,1989
-0.538712,-0.375901,9.91948,-0.055412,-0.008146,0.974144,5.34,-24.3,-43.68,185.6892,1.6739,3.2227,1999
-0.555472,-0.316044,9.823709,-0.052969,0.002849,0.975365,4.98,-24.6,-42.96,185.6892,1.6739,3.2227,2009
-0.574626,-0.294496,9.694419,-0.050525,0.004071,0.979031,4.98,-24.6,-42.96,185.6892,1.6739,3.2227,2020
-0.61054,-0.301679,9.670476,-0.057856,-0.002649,0.984528,4.74,-24.6,-43.26,185.5707,1.7076,3.2385,2029
-0.61054,-0.301679,9.670476,-0.067629,-0.00387,0.990026,4.74,-24.6,-43.26,185.5707,1.7076,3.2385,2039
-0.624906,-0.31365,9.735122,-0.076182,-0.009979,0.994913,4.44,-24.06,-43.68,185.5707,1.7076,3.2385,2050
-0.615329,-0.332804,9.883567,-0.07496,-0.011812,0.997968,4.44,-24.06,-43.68,185.5707,1.7076,3.2385,2059
-0.574626,-0.342381,9.950606,-0.068851,-0.007536,1.004076,3.48,-24.48,-44.1,181.0608,1.7388,3.2912,2069
-0.541106,-0.323227,9.91948,-0.058467,-0.005092,1.008963,3.48,-24.48,-44.1,181.0608,1.7388,3.2912,2080
-0.514769,-0.33041,9.811738,-0.05419,-0.00326,1.012628,3.12,-24.9,-44.04,181.0608,1.7388,3.2912,2090
-0.557866,-0.318439,9.763853,-0.052358,-0.001427,1.016293,3.12,-24.9,-44.04,181.0608,1.7388,3.2912,2100
-0.557866,-0.318439,9.763853,-0.057856,-0.00387,1.019959,2.94,-24.54,-44.04,180.9195,1.7963,3.3506,2109
-0.600963,-0.323227,9.735122,-0.063964,0.002238,1.026678,2.94,-24.54,-44.04,180.9195,1.7963,3.3506,2119
-0.632089,-0.332804,9.75667,-0.069462,0.002849,1.028511,3.06,-24.6,-44.04,180.9195,1.7963,3.3506,2129
-0.622511,-0.368718,9.811738,-0.069462,0.002849,1.028511,3.06,-24.6,-44.04,180.9195,1.7963,3.3506,2140
-0.622511,-0.342381,9.897932,-0.073127,-0.00387,1.037063,3.42,-24.48,-43.74,180.909,1.8203,3.3771,2150
-0.622511,-0.342381,9.897932,-0.069462,-0.009979,1.040117,3.42,-24.48,-43.74,180.909,1.8203,3.3771,2159
-0.588992,-0.36393,9.897932,-0.062743,-0.006925,1.046837,3.06,-24.36,-44.16,180.909,1.8203,3.3771,2170
-0.557866,-0.328016,9.830893,-0.057245,-0.002649,1.049891,3.06,-24.36,-44.16,180.909,1.8203,3.3771,2179
-0.550683,-0.325621,9.766247,-0.063964,-0.002649,1.056,2.64,-25.32,-44.22,180.7629,1.879,3.4432,2189
-0.550683,-0.325621,9.766247,-0.064575,-0.00387,1.055389,2.64,-25.32,-44.22,180.7629,1.879,3.4432,2199
-0.584203,-0.344776,9.794978,-0.06824,-0.00387,1.062719,2.7,-25.38,-43.74,180.7629,1.879,3.4432,2210
-0.608146,-0.371113,9.857229,-0.070684,-0.006925,1.064552,2.7,-25.38,-43.74,180.7629,1.879,3.4432,2220
-0.629694,-0.356747,9.838076,-0.069462,-0.002649,1.068217,2.76,-24.3,-43.32,180.8572,1.9037,3.4854,2230
-0.629694,-0.390267,9.809344,-0.067019,-0.002649,1.073104,2.76,-24.3,-43.32,180.8572,1.9037,3.4854,2239
-0.629694,-0.390267,9.809344,-0.065186,-0.00326,1.074326,1.98,-23.7,-43.14,180.8572,1.9037,3.4854,2250
-0.600963,-0.387873,9.778218,-0.067019,-0.011201,1.079824,1.98,-23.7,-43.14,180.8572,1.9037,3.4854,2259
-0.591386,-0.373507,9.840469,-0.067629,-0.008757,1.085321,1.86,-24.06,-42.96,178.5689,1.9434,3.5092,2269
-0.557866,-0.366324,9.873989,-0.067629,-0.004481,1.090819,1.86,-24.06,-42.96,178.5689,1.9434,3.5092,2279
-0.569837,-0.359141,9.826104,-0.070073,-0.005703,1.090819,1.8,-23.76,-43.74,178.5689,1.9434,3.5092,2290
-0.569837,-0.359141,9.826104,-0.067629,-0.005092,1.093262,1.8,-23.76,-43.74,178.5689,1.9434,3.5092,2300
-0.579414,-0.359141,9.761458,-0.073127,-0.006314,1.098149,1.62,-23.46,-43.32,178.4346,1.9909,3.5536,2310
-0.591386,-0.375901,9.809344,-0.071906,-0.002038,1.10548,1.62,-23.46,-43.32,178.4346,1.9909,3.5536,2319
-0.584203,-0.36393,9.847652,-0.072516,-0.006314,1.104258,1.86,-23.94,-42.78,178.4346,1.9909,3.5536,2329
-0.596174,-0.399844,9.826104,-0.071295,0.004071,1.112199,1.86,-23.94,-42.78,178.4346,1.9909,3.5536,2339
-0.596174,-0.399844,9.826104,-0.071906,0.004682,1.115254,1.14,-23.82,-43.2,176.2274,2.0271,3.5731,2349
-0.59378,-0.402238,9.828498,-0.071295,-0.00387,1.122584,1.14,-23.82,-43.2,176.2274,2.0271,3.5731,2359
-0.596174,-0.423787,9.864412,-0.070684,-0.009368,1.125027,0.66,-23.94,-43.74,176.2274,2.0271,3.5731,2369
-0.581809,-0.416604,9.857229,-0.070073,-0.005092,1.136023,0.66,-23.94,-43.74,176.2274,2.0271,3.5731,2379
-0.581809,-0.416604,9.857229,-0.069462,-0.007536,1.134191,0.78,-24.48,-43.92,176.0242,2.0699,3.6164,2389
-0.586597,-0.383084,9.830893,-0.068851,-0.00326,1.139688,0.78,-24.48,-43.92,176.0242,2.0699,3.6164,2399
-0.581809,-0.385478,9.816526,-0.06824,-0.000816,1.142132,0.78,-24.06,-43.68,176.0242,2.0699,3.6164,2409
-0.64406,-0.368718,9.785401,-0.068851,0.002849,1.14824,0.78,-24.06,-43.68,176.0242,2.0699,3.6164,2419
-0.670397,-0.375901,9.735122,-0.069462,0.001627,1.148851,0.6,-24.12,-43.26,176.1041,2.1326,3.6537,2429
-0.66082,-0.383084,9.761458,-0.07496,-0.007536,1.153738,0.6,-24.12,-43.26,176.1041,2.1326,3.6537,2439
-0.6273,-0.433364,9.869201,-0.076792,-0.017309,1.156182,1.26,-23.94,-43.68,176.1041,2.1326,3.6537,2450
-0.6273,-0.433364,9.869201,-0.079847,-0.011201,1.158014,1.26,-23.94,-43.68,176.1041,2.1326,3.6537,2459
-0.557866,-0.435758,9.945818,-0.072516,-0.008146,1.162901,1.02,-23.28,-44.58,175.6148,2.172,3.6837,2469
-0.538712,-0.383084,9.907509,-0.063964,-0.002649,1.164123,1.02,-23.28,-44.58,175.6148,2.172,3.6837,2480
-0.545895,-0.390267,9.699207,-0.060299,0.001016,1.167177,-0.36,-23.1,-44.1,175.6148,2.172,3.6837,2489
-0.545895,-0.390267,9.699207,-0.065186,0.000406,1.167177,-0.36,-23.1,-44.1,175.6148,2.172,3.6837,2499
-0.603357,-0.383084,9.601042,-0.070684,-0.002649,1.169621,-1.14,-23.22,-43.56,171.1951,2.2251,3.682,2509
-0.653637,-0.409421,9.72315,-0.080458,-0.011201,1.173286,-1.14,-23.22,-43.56,171.1951,2.2251,3.682,2519
-0.620117,-0.450124,9.917087,-0.085955,-0.019142,1.176951,-0.9,-23.22,-43.5,171.1951,2.2251,3.682,2529
-0.553077,-0.416604,10.027223,-0.081069,-0.017309,1.179395,-0.9,-23.22,-43.5,171.1951,2.2251,3.682,2539
-0.507586,-0.418998,9.864412,-0.074349,-0.000205,1.182449,-0.42,-22.56,-43.32,173.5932,2.2469,3.6929,2549
-0.507586,-0.418998,9.864412,-0.065797,0.000406,1.183671,-0.42,-22.56,-43.32,173.5932,2.2469,3.6929,2559
-0.509981,-0.375901,9.72315,-0.063353,-0.005092,1.180005,-0.42,-22.08,-43.38,173.5932,2.2469,3.6929,2569
-0.5435,-0.402238,9.708784,-0.063353,-0.005092,1.180005,-0.42,-22.08,-43.38,173.5932,2.2469,3.6929,2579
-0.588992,-0.423787,9.783007,-0.067629,-0.004481,1.187336,-0.24,-22.62,-43.38,173.6308,2.2949,3.6762,2590
-0.572232,-0.404632,9.842864,-0.074349,0.00346,1.189168,-0.24,-22.62,-43.38,173.6308,2.2949,3.6762,2599
-0.591386,-0.409421,9.862018,-0.079236,-0.000816,1.189779,-0.96,-22.68,-43.68,173.6308,2.2949,3.6762,2609
-0.591386,-0.409421,9.862018,-0.078014,-0.002649,1.191001,-0.96,-22.68,-43.68,173.6308,2.2949,3.6762,2619
-0.615329,-0.418998,9.828498,-0.076792,-0.00387,1.195277,-1.44,-22.08,-43.68,170.9436,2.3152,3.6331,2630
-0.658426,-0.392661,9.797373,-0.073127,-0.008146,1.196499,-1.44,-22.08,-43.68,170.9436,2.3152,3.6331,2639
-0.6273,-0.421392,9.77343,-0.071295,-0.006314,1.195888,-1.38,-21.54,-43.02,170.9436,2.3152,3.6331,2649
-0.529135,-0.416604,9.828498,-0.072516,-0.01059,1.19772,-1.38,-21.54,-43.02,170.9436,2.3152,3.6331,2660
-0.529135,-0.416604,9.828498,-0.077403,-0.005092,1.19711,-1.14,-21.48,-43.38,170.6879,2.3482,3.6407,2669
-0.517163,-0.41421,9.840469,-0.078625,0.002238,1.195888,-1.14,-21.48,-43.38,170.6879,2.3482,3.6407,2679
-0.567443,-0.423787,9.804555,-0.075571,-0.000205,1.201386,-1.26,-21.78,-44.34,170.6879,2.3482,3.6407,2689
-0.569837,-0.469278,9.761458,-0.07496,-0.006925,1.206273,-1.26,-21.78,-44.34,170.6879,2.3482,3.6407,2700
-0.591386,-0.426181,9.862018,-0.071295,-0.004481,1.205662,-1.86,-21.6,-44.22,168.6261,2.3657,3.6347,2709
-0.591386,-0.426181,9.862018,-0.069462,-0.002649,1.209327,-1.86,-21.6,-44.22,168.6261,2.3657,3.6347,2719
-0.598569,-0.435758,9.893144,-0.065186,0.000406,1.208716,-2.28,-21.54,-43.8,168.6261,2.3657,3.6347,2729
-0.636877,-0.440547,9.814133,-0.070073,-0.000816,1.207494,-2.28,-21.54,-43.8,168.6261,2.3657,3.6347,2739
-0.646454,-0.373507,9.699207,-0.076182,-0.004481,1.21177,-2.7,-21,-43.86,165.7931,2.392,3.6223,2750
-0.670397,-0.435758,9.747093,-0.078014,-0.004481,1.214214,-2.7,-21,-43.86,165.7931,2.392,3.6223,2759
-0.670397,-0.435758,9.747093,-0.081069,-0.009979,1.219101,-2.58,-20.64,-43.92,165.7931,2.392,3.6223,2770
-0.651243,-0.433364,9.852441,-0.081069,-0.009979,1.219101,-2.58,-20.64,-43.92,165.7931,2.392,3.6223,2779
-0.605751,-0.395055,9.895537,-0.079847,-0.013644,1.220933,-2.52,-20.7,-43.74,165.7136,2.3998,3.6683,2789
-0.603357,-0.438152,9.771035,-0.076182,-0.001427,1.225209,-2.52,-20.7,-43.74,165.7136,2.3998,3.6683,2799
-0.612934,-0.426181,9.718362,-0.076182,-0.001427,1.225209,-3.18,-20.22,-43.32,165.7136,2.3998,3.6683,2809
-0.565049,-0.498009,9.785401,-0.079847,-0.008146,1.23254,-3.18,-20.22,-43.32,165.7136,2.3998,3.6683,2820
-0.565049,-0.498009,9.785401,-0.079847,-0.008146,1.23254,-2.94,-19.98,-43.32,165.1255,2.4063,3.7202,2829
-0.605751,-0.447729,9.962578,-0.079847,-0.004481,1.234983,-2.94,-19.98,-43.32,165.1255,2.4063,3.7202,2839
-0.591386,-0.478855,9.964972,-0.076182,0.002238,1.236205,-2.76,-19.92,-43.68,165.1255,2.4063,3.7202,2849
-0.600963,-0.490826,9.809344,-0.064575,0.001627,1.236205,-2.76,-19.92,-43.68,165.1255,2.4063,3.7202,2859
-0.6273,-0.430969,9.732727,-0.067629,-0.005703,1.237427,-3.12,-19.62,-43.68,164.9431,2.4401,3.7562,2869
-0.6273,-0.430969,9.732727,-0.067629,-0.00326,1.242314,-3.12,-19.62,-43.68,164.9431,2.4401,3.7562,2879
-0.689551,-0.445335,9.787795,-0.073127,0.001627,1.242314,-3.36,-19.68,-43.74,164.9431,2.4401,3.7562,2890
-0.670397,-0.442941,9.797373,-0.073127,-0.00387,1.244757,-3.36,-19.68,-43.74,164.9431,2.4401,3.7562,2899
-0.653637,-0.368718,9.809344,-0.074349,-0.011201,1.244146,-3.54,-19.44,-43.62,161.7345,2.4658,3.7706,2909
-0.6273,-0.426181,9.775824,-0.077403,-0.006314,1.245368,-3.54,-19.44,-43.62,161.7345,2.4658,3.7706,2920
-0.6273,-0.426181,9.775824,-0.078625,-0.000816,1.242925,-3.06,-18.78,-43.2,161.7345,2.4658,3.7706,2929
-0.608146,-0.395055,9.787795,-0.077403,-0.005703,1.247201,-3.06,-18.78,-43.2,161.7345,2.4658,3.7706,2940
-0.59378,-0.402238,9.75667,-0.078014,-0.01792,1.247811,-3.12,-18.66,-43.14,164.3244,2.4804,3.8033,2949
-0.624906,-0.457306,9.826104,-0.081069,-0.00326,1.249033,-3.12,-18.66,-43.14,164.3244,2.4804,3.8033,2959
-0.624906,-0.457306,9.826104,-0.085345,0.004682,1.249644,-3.06,-18.96,-43.2,164.3244,2.4804,3.8033,2969
-0.632089,-0.442941,9.893144,-0.079847,-0.011812,1.250255,-3.06,-18.96,-43.2,164.3244,2.4804,3.8033,2979
-0.584203,-0.447729,9.845258,-0.076182,-0.017309,1.25392,-3.42,-18.3,-43.38,163.5077,2.4676,3.8341,2989
-0.555472,-0.452518,9.775824,-0.076182,-0.005092,1.255142,-3.42,-18.3,-43.38,163.5077,2.4676,3.8341,2999
-0.574626,-0.471672,9.77343,-0.080458,0.015066,1.255142,-3.18,-18.12,-43.26,163.5077,2.4676,3.8341,3010
-0.574626,-0.471672,9.77343,-0.078014,-0.000816,1.25392,-3.18,-18.12,-43.26,163.5077,2.4676,3.8341,3020
-0.565049,-0.483643,9.917087,-0.071906,-0.007536,1.256974,-3.78,-18.48,-43.2,160.8898,2.4789,3.8386,3029
-0.574626,-0.471672,9.957788,-0.071906,-0.008146,1.255753,-4.26,-18.06,-42.78,160.8898,2.4789,3.8386,3039
-0.517163,-0.418998,9.854836,-0.065797,0.019953,1.25392,-4.26,-18.06,-42.78,160.8898,2.4789,3.8386,3049
-0.517163,-0.418998,9.854836,-0.067019,0.012012,1.248422,-4.32,-16.92,-43.5,160.8898,2.4789,3.8386,3059
-0.493221,-0.452518,9.713573,-0.067019,0.00346,1.242925,-4.32,-16.92,-43.5,160.8898,2.4789,3.8386,3069
-0.438152,-0.402238,9.811738,-0.070684,0.013234,1.240481,-4.14,-16.98,-44.16,159.9275,2.5172,3.7986,3079
-0.306467,-0.409421,9.953,-0.067629,0.018121,1.229486,-4.14,-16.98,-44.16,159.9275,2.5172,3.7986,3089
-0.268159,-0.407027,9.953,-0.059077,0.012012,1.216046,-4.62,-16.74,-43.68,159.9275,2.5172,3.7986,3100
-0.349564,-0.356747,9.866806,-0.054801,0.023008,1.206883,-4.62,-16.74,-43.68,159.9275,2.5172,3.7986,3109
-0.349564,-0.356747,9.866806,-0.054801,0.023008,1.206883,-4.74,-16.56,-44.1,157.5936,2.5119,3.6489,3119
-0.500403,-0.316044,9.629773,-0.059688,0.050497,1.193444,-4.74,-16.56,-44.1,157.5936,2.5119,3.6489,3130
-0.802082,-0.29689,9.500483,-0.067019,0.051718,1.189168,-4.38,-17.04,-43.8,157.5936,2.5119,3.6489,3139
-0.955316,-0.361535,9.653716,-0.078625,0.040112,1.179395,-4.32,-16.98,-43.98,157.5936,2.5119,3.6489,3149
-0.955316,-0.361535,9.653716,-0.084734,-0.000816,1.17634,-4.32,-16.98,-43.98,157.5936,2.5119,3.6489,3159
-0.837996,-0.565049,10.161303,-0.086566,-0.041744,1.170232,-3.84,-16.68,-44.28,160.552,2.4175,3.4596,3169
-0.423787,-0.507586,10.482135,-0.068851,-0.065568,1.156182,-3.84,-16.68,-44.28,160.552,2.4175,3.4596,3179
-0.387873,-0.249005,10.024829,-0.043195,-0.059459,1.145797,-3.96,-16.14,-43.68,160.552,2.4175,3.4596,3189
-0.387873,-0.249005,10.024829,-0.030367,0.012623,1.129304,-3.96,-16.14,-43.68,160.552,2.4175,3.4596,3200
-0.237033,-0.129291,8.942616,-0.040141,0.054773,1.11953,-3.66,-15.96,-43.38,159.5622,2.3854,3.502,3209
-0.220273,-0.177176,8.909097,-0.057245,0.037058,1.102426,-3.66,-15.96,-43.38,159.5622,2.3854,3.502,3219
-0.210696,-0.402238,9.900327,-0.114055,-0.043577,1.059665,-3.78,-16.02,-43.8,159.5622,2.3854,3.502,3230
-0.234639,-0.442941,10.721562,-0.114055,-0.043577,1.059665,-3.78,-16.02,-43.8,159.5622,2.3854,3.502,3239
-0.234639,-0.442941,10.721562,-0.107336,-0.015477,1.048059,-4.56,-15.6,-43.2,156.4969,2.3326,3.6217,3249
-0.311256,-0.351958,10.609032,-0.066408,0.021175,1.026678,-4.56,-15.6,-43.2,156.4969,2.3326,3.6217,3260
-0.359141,-0.33041,9.833286,-0.030978,0.015677,1.016904,-4.44,-15.06,-42.78,156.4969,2.3326,3.6217,3269
-0.500403,-0.215485,9.225141,-0.016317,0.018732,0.997357,-4.44,-15.06,-42.78,156.4969,2.3326,3.6217,3279
-0.450124,-0.241822,9.198804,-0.034032,0.043166,0.983918,-4.26,-15.12,-43.02,158.0666,2.4009,3.6836,3289
-0.450124,-0.241822,9.198804,-0.064575,0.025451,0.977809,-4.26,-15.12,-43.02,158.0666,2.4009,3.6836,3299
-0.648848,-0.277736,9.703996,-0.090232,-0.006925,0.966813,-4.2,-14.64,-43.26,158.0666,2.4009,3.6836,3310
-0.845179,-0.385478,10.307353,-0.090842,-0.019753,0.962537,-4.2,-14.64,-43.26,158.0666,2.4009,3.6836,3319
-0.749408,-0.349564,10.273833,-0.076792,-0.026472,0.95032,-3.96,-14.52,-42.72,157.6815,2.3259,3.8294,3329
-0.438152,-0.22985,9.883567,-0.048693,-0.031359,0.944822,-3.96,-14.52,-42.72,157.6815,2.3259,3.8294,3339
-0.337593,-0.169993,9.557945,-0.034032,-0.021586,0.937492,-4.02,-14.4,-42.78,157.6815,2.3259,3.8294,3350
-0.337593,-0.169993,9.557945,-0.029756,0.001016,0.921609,-4.02,-14.4,-42.78,157.6815,2.3259,3.8294,3359
-0.402238,-0.098165,9.435837,-0.047471,0.032781,0.915501,-4.5,-14.58,-43.38,157.6054,2.3595,3.8778,3369
-0.442941,-0.225062,9.502876,-0.06824,0.018121,0.904505,-4.5,-14.58,-43.38,157.6054,2.3595,3.8778,3379
-0.442941,-0.225062,9.502876,-0.087177,-0.028916,0.892288,-4.92,-14.76,-43.44,157.6054,2.3595,3.8778,3389
-0.500403,-0.409421,10.065532,-0.085345,-0.036246,0.885568,-4.92,-14.76,-43.44,157.6054,2.3595,3.8778,3399
-0.52674,-0.378295,10.386364,-0.069462,-0.00387,0.878849,-4.74,-14.4,-43.68,152.9602,2.3076,3.9706,3409
-0.59378,-0.33041,10.1206,-0.044417,0.013234,0.87274,-4.74,-14.4,-43.68,152.9602,2.3076,3.9706,3420
-0.713494,-0.160416,9.677659,-0.022425,0.016288,0.866631,-4.14,-13.86,-43.56,152.9602,2.3076,3.9706,3429
-0.713494,-0.160416,9.677659,-0.018149,-0.018531,0.861745,-4.14,-13.86,-43.56,152.9602,2.3076,3.9706,3439
-0.66082,-0.227456,9.481328,-0.032199,-0.006314,0.85136,-4.38,-13.98,-43.98,155.8612,2.3419,4.0102,3449
-0.67758,-0.241822,9.70639,-0.057245,0.019342,0.847695,-4.38,-13.98,-43.98,155.8612,2.3419,4.0102,3459
-0.505192,-0.21309,9.890749,-0.071906,-0.005703,0.841586,-4.62,-14.04,-44.04,155.8612,2.3419,4.0102,3469
-0.536318,-0.217879,9.984126,-0.077403,-0.015477,0.83059,-4.62,-14.04,-44.04,155.8612,2.3419,4.0102,3479
-0.536318,-0.217879,9.984126,-0.065186,-0.020975,0.827536,-4.2,-13.2,-43.02,154.3342,2.2646,4.0824,3489
-0.481249,-0.196331,9.955395,-0.049914,-0.002038,0.820206,-4.2,-13.2,-43.02,154.3342,2.2646,4.0824,3499
-0.605751,-0.208302,9.878778,-0.034643,0.019342,0.814097,-4.02,-12.9,-42.72,154.3342,2.2646,4.0824,3510
-0.553077,-0.189148,9.670476,-0.027923,0.012012,0.808599,-4.02,-12.9,-42.72,154.3342,2.2646,4.0824,3519
-0.703917,-0.150839,9.579494,-0.03953,0.012623,0.806767,-4.2,-12.78,-42.96,154.2262,2.2765,4.1337,3529
-0.684763,-0.22985,9.658504,-0.059077,0.002849,0.803102,-4.2,-12.78,-42.96,154.2262,2.2765,4.1337,3539
-0.684763,-0.22985,9.658504,-0.071295,-0.016699,0.803712,-4.08,-12.12,-43.08,154.2262,2.2765,4.1337,3550
-0.730254,-0.270553,9.960183,-0.071906,-0.029527,0.801269,-4.08,-12.12,-43.08,154.2262,2.2765,4.1337,3560
-0.574626,-0.301679,10.130177,-0.061521,-0.02464,0.796993,-3.72,-12.06,-43.32,152.3082,2.2261,4.2308,3569
-0.498009,-0.227456,9.972155,-0.043806,-0.002038,0.78783,-3.72,-12.06,-43.32,152.3082,2.2261,4.2308,3579
-0.466884,-0.167599,9.680053,-0.028534,0.000406,0.781721,-4.02,-12.9,-43.62,152.3082,2.2261,4.2308,3590
-0.466884,-0.167599,9.680053,-0.028534,0.000406,0.781721,-4.02,-12.9,-43.62,152.3082,2.2261,4.2308,3599
-0.52674,-0.179571,9.680053,-0.026091,-0.000816,0.779278,-3.6,-13.02,-43.26,153.8841,2.2355,4.2593,3609
-0.603357,-0.191542,9.811738,-0.030367,-0.002649,0.778056,-3.6,-13.02,-43.26,153.8841,2.2355,4.2593,3619
-0.586597,-0.189148,9.783007,-0.047471,0.011401,0.77378,-3.18,-13.08,-43.38,153.8841,2.2355,4.2593,3629
-0.57702,-0.162811,9.799767,-0.060299,0.013234,0.764617,-3.18,-13.08,-43.38,153.8841,2.2355,4.2593,3640
-0.57702,-0.162811,9.799767,-0.061521,-0.014866,0.761563,-4.02,-12.66,-42.96,154.1535,1.8612,3.9663,3649
-0.598569,-0.198725,9.895537,-0.047471,-0.021586,0.758508,-4.02,-12.66,-42.96,154.1535,1.8612,3.9663,3659
-0.617723,-0.162811,9.900327,-0.03953,-0.019142,0.753621,-4.02,-12.06,-43.02,154.1535,1.8612,3.9663,3669
-0.603357,-0.186753,9.797373,-0.034032,0.000406,0.747513,-4.02,-12.06,-43.02,154.1535,1.8612,3.9663,3679
-0.603357,-0.186753,9.797373,-0.033421,0.00346,0.747513,-3.6,-11.76,-43.56,152.3776,1.6357,3.8281,3689
-0.632089,-0.146051,9.682447,-0.042584,0.007125,0.742626,-3.6,-11.76,-43.56,152.3776,1.6357,3.8281,3699
-0.605751,-0.177176,9.732727,-0.056634,0.005293,0.735906,-3.78,-11.4,-42.48,152.3776,1.6357,3.8281,3710
-0.612934,-0.186753,9.845258,-0.057245,-0.00326,0.733463,-3.78,-11.4,-42.48,152.3776,1.6357,3.8281,3719
-0.622511,-0.193936,9.912297,-0.056634,-0.00326,0.731019,-3.42,-11.46,-42.54,154.3391,1.4263,3.7338,3729
-0.622511,-0.193936,9.912297,-0.052969,-0.011812,0.728576,-3.42,-11.46,-42.54,154.3391,1.4263,3.7338,3739
-0.64406,-0.210696,9.897932,-0.043195,-0.006925,0.726743,-3.66,-11.52,-43.2,154.3391,1.4263,3.7338,3750
-0.72786,-0.172388,9.852441,-0.038308,0.010179,0.728576,-3.66,-11.52,-43.2,154.3391,1.4263,3.7338,3759
-0.758985,-0.162811,9.751882,-0.035254,-0.002649,0.729187,-3.96,-11.4,-43.56,150.3891,1.3091,3.6813,3769
-0.691945,-0.162811,9.703996,-0.040141,0.000406,0.726743,-3.96,-11.4,-43.56,150.3891,1.3091,3.6813,3779
-0.600963,-0.143656,9.766247,-0.051136,-0.006925,0.729798,-3.54,-11.22,-43.8,150.3891,1.3091,3.6813,3789
-0.600963,-0.143656,9.766247,-0.05419,-0.006314,0.725522,-3.54,-11.22,-43.8,150.3891,1.3091,3.6813,3799
-0.598569,-0.205908,9.857229,-0.060299,-0.008757,0.724911,-3.54,-11.28,-43.5,150.3164,1.2044,3.7177,3810
-0.615329,-0.169993,9.943423,-0.051747,-0.015477,0.724911,-3.54,-11.28,-43.5,150.3164,1.2044,3.7177,3819
-0.603357,-0.21309,9.917087,-0.040751,-0.004481,0.7243,-4.02,-11.04,-43.08,150.3164,1.2044,3.7177,3829
-0.656031,-0.172388,9.802161,-0.031588,0.004682,0.724911,-4.02,-11.04,-43.08,150.3164,1.2044,3.7177,3839
-0.656031,-0.172388,9.802161,-0.029756,0.012623,0.727354,-3.9,-10.74,-43.14,150.1464,1.1529,3.7511,3849
-0.739831,-0.134079,9.672871,-0.036475,0.005903,0.724911,-3.9,-10.74,-43.14,150.1464,1.1529,3.7511,3859
-0.782928,-0.131685,9.660899,-0.046249,-0.007536,0.723078,-3.48,-10.62,-43.32,150.1464,1.1529,3.7511,3870
-0.766168,-0.155628,9.809344,-0.056634,-0.011812,0.727354,-3.48,-10.62,-43.32,150.1464,1.1529,3.7511,3879
-0.766168,-0.155628,9.809344,-0.06091,-0.021586,0.729798,-3.54,-10.62,-43.5,149.9461,1.0923,3.7904,3889
-0.682368,-0.203513,10.024829,-0.055412,-0.01792,0.730409,-3.54,-10.62,-43.5,149.9461,1.0923,3.7904,3899
-0.574626,-0.179571,9.976943,-0.040751,-0.008146,0.732241,-3.36,-10.32,-43.74,149.9461,1.0923,3.7904,3909
-0.562655,-0.153234,9.785401,-0.034643,0.007736,0.73163,-3.36,-10.32,-43.74,149.9461,1.0923,3.7904,3920
-0.586597,-0.141262,9.651321,-0.034643,0.013234,0.727354,-3.42,-10.08,-43.38,151.3368,1.0582,3.8717,3929
-0.586597,-0.141262,9.651321,-0.034643,0.013234,0.727354,-3.42,-10.08,-43.38,151.3368,1.0582,3.8717,3939
-0.758985,-0.150839,9.751882,-0.041362,0.006514,0.729187,-3.66,-10.62,-43.38,151.3368,1.0582,3.8717,3949
-0.814053,-0.234639,9.912297,-0.049914,-0.008757,0.73163,-3.66,-10.62,-43.38,151.3368,1.0582,3.8717,3960
-0.797293,-0.196331,9.912297,-0.049914,-0.008757,0.73163,-3.06,-10.38,-43.32,151.2657,1.0057,3.8664,3969
-0.797293,-0.196331,9.912297,-0.049914,-0.006314,0.73835,-3.06,-10.38,-43.32,151.2657,1.0057,3.8664,3980
-0.66082,-0.146051,9.816526,-0.047471,-0.011201,0.735906,-2.94,-9.78,-43.2,151.2657,1.0057,3.8664,3990
-0.617723,-0.134079,9.759064,-0.035865,-0.008757,0.738961,-2.94,-9.78,-43.2,151.2657,1.0057,3.8664,4001
-0.639271,-0.088588,9.754275,-0.037697,-0.005092,0.736517,-3.42,-9.96,-43.32,151.0999,1.0005,3.9179,4009
-0.632089,-0.131685,9.730332,-0.037697,0.006514,0.73163,-3.42,-9.96,-43.32,151.0999,1.0005,3.9179,4020
-0.632089,-0.131685,9.730332,-0.050525,0.002238,0.734685,-2.82,-10.38,-43.14,151.0999,1.0005,3.9179,4029
-0.624906,-0.122108,9.783007,-0.056023,-0.005703,0.735906,-2.82,-10.38,-43.14,151.0999,1.0005,3.9179,4040
-0.646454,-0.146051,9.871595,-0.059688,-0.002038,0.734685,-2.64,-9.72,-42.96,150.9295,0.9535,3.9478,4050
-0.691945,-0.172388,9.857229,-0.052969,0.009569,0.737128,-2.64,-9.72,-42.96,150.9295,0.9535,3.9478,4059
-0.715888,-0.131685,9.778218,-0.046249,0.010179,0.740793,-3.06,-8.7,-43.56,150.9295,0.9535,3.9478,4069
-0.715888,-0.131685,9.778218,-0.044417,-0.005092,0.745069,-3.06,-8.7,-43.56,150.9295,0.9535,3.9478,4080
-0.816448,-0.167599,9.783007,-0.045027,-0.01059,0.74568,-2.94,-9.12,-43.74,148.1592,0.9246,3.9531,4089
-0.881093,-0.186753,9.833286,-0.051136,-0.002038,0.756676,-2.94,-9.12,-43.74,148.1592,0.9246,3.9531,4099
-0.84039,-0.186753,9.862018,-0.054801,-0.006314,0.757897,-2.88,-9.9,-43.26,148.1592,0.9246,3.9531,4110
-0.718282,-0.174782,9.876384,-0.052969,-0.016088,0.762174,-2.88,-9.9,-43.26,148.1592,0.9246,3.9531,4120
-0.718282,-0.174782,9.876384,-0.049304,-0.013644,0.768282,-2.94,-9.72,-43.38,150.5488,0.8985,4.0423,4129
-0.658426,-0.155628,9.876384,-0.049304,-0.013644,0.768282,-2.94,-9.72,-43.38,150.5488,0.8985,4.0423,4140
-0.634483,-0.146051,9.778218,-0.041973,-0.00387,0.773169,-3.18,-9.54,-43.08,150.5488,0.8985,4.0423,4150
-0.651243,-0.162811,9.759064,-0.040751,0.001016,0.771947,-3.18,-9.54,-43.08,150.5488,0.8985,4.0423,4160
-0.668003,-0.160416,9.783007,-0.043195,-0.002649,0.777445,-3.3,-9.18,-43.44,147.8112,0.9036,4.1286,4169
-0.735042,-0.162811,9.823709,-0.044417,-0.002038,0.777445,-3.3,-9.18,-43.44,147.8112,0.9036,4.1286,4180
-0.735042,-0.162811,9.823709,-0.050525,0.002238,0.784165,-3.18,-8.76,-43.98,147.8112,0.9036,4.1286,4189
-0.744619,-0.169993,9.80695,-0.051136,0.002849,0.785997,-3.18,-8.76,-43.98,147.8112,0.9036,4.1286,4199
-0.715888,-0.177176,9.842864,-0.051136,-0.01059,0.787219,-2.7,-9.42,-43.38,147.7503,0.8915,4.1403,4209
-0.66082,-0.155628,9.883567,-0.040751,-0.004481,0.789663,-2.7,-9.42,-43.38,147.7503,0.8915,4.1403,4220
-0.67758,-0.158022,9.90272,-0.040751,-0.004481,0.789663,-2.76,-9.06,-43.68,147.7503,0.8915,4.1403,4230
-0.725465,-0.160416,9.785401,-0.038919,-0.00387,0.790273,-2.76,-9.06,-43.68,147.7503,0.8915,4.1403,4239
-0.725465,-0.160416,9.785401,-0.038919,-0.00387,0.790273,-2.76,-8.16,-43.98,144.5544,0.8868,4.1487,4250
-0.7111,-0.105348,9.711179,-0.048693,-0.002038,0.792106,-2.76,-8.16,-43.98,144.5544,0.8868,4.1487,4260
-0.668003,-0.126897,9.703996,-0.048693,-0.002038,0.792106,-2.28,-7.68,-43.62,144.5544,0.8868,4.1487,4269
-0.648848,-0.117319,9.811738,-0.05358,0.001627,0.793938,-2.28,-7.68,-43.62,144.5544,0.8868,4.1487,4280
-0.648848,-0.148445,9.878778,-0.056023,-0.006925,0.791495,-2.04,-8.16,-43.26,149.5198,0.8649,4.1249,4289
-0.648848,-0.148445,9.878778,-0.055412,-0.008757,0.791495,-2.04,-8.16,-43.26,149.5198,0.8649,4.1249,4299
-0.7111,-0.165205,9.881172,-0.049304,-0.005703,0.793328,-1.92,-8.52,-42.6,149.5198,0.8649,4.1249,4309
-0.679974,-0.193936,9.826104,-0.043195,-0.00326,0.793328,-1.92,-8.52,-42.6,149.5198,0.8649,4.1249,4319
-0.687157,-0.057463,9.79019,-0.046249,-0.004481,0.793938,-1.86,-8.28,-42.48,149.8932,0.8504,4.0996,4329
-0.682368,-0.134079,9.766247,-0.045638,0.005293,0.792717,-1.86,-8.28,-42.48,149.8932,0.8504,4.0996,4339
-0.615329,-0.095771,9.754275,-0.052358,-0.002038,0.792717,-1.92,-8.16,-42.84,149.8932,0.8504,4.0996,4349
-0.615329,-0.095771,9.754275,-0.052358,-0.002038,0.792717,-1.92,-8.16,-42.84,149.8932,0.8504,4.0996,4359
-0.588992,-0.146051,9.799767,-0.056634,-0.012423,0.792106,-1.86,-7.98,-42.6,149.6708,0.8292,4.0631,4369
-0.66082,-0.215485,9.90272,-0.06091,-0.004481,0.790884,-1.86,-7.98,-42.6,149.6708,0.8292,4.0631,4379
-0.634483,-0.162811,9.912297,-0.056023,0.002849,0.788441,-1.56,-8.34,-42.72,149.6708,0.8292,4.0631,4390
-0.634483,-0.162811,9.912297,-0.047471,-0.006925,0.78783,-1.56,-8.34,-42.72,149.6708,0.8292,4.0631,4399
-0.737437,-0.186753,9.847652,-0.041362,0.001016,0.79516,-1.44,-7.62,-42.72,155.0427,0.8171,4.0134,4409
-0.703917,-0.155628,9.747093,-0.042584,0.008958,0.791495,-1.44,-7.62,-42.72,155.0427,0.8171,4.0134,4419
-0.696734,-0.105348,9.771035,-0.045638,-0.00326,0.794549,-1.32,-6.78,-42.6,155.0427,0.8171,4.0134,4429
-0.646454,-0.102954,9.857229,-0.048082,-0.013644,0.793938,-1.32,-6.78,-42.6,155.0427,0.8171,4.0134,4439
-0.646454,-0.102954,9.857229,-0.052358,-0.008146,0.79516,-1.62,-7.44,-43.08,146.7861,0.8308,3.9918,4449
-0.572232,-0.074223,9.850046,-0.051747,0.000406,0.795771,-1.62,-7.44,-43.08,146.7861,0.8308,3.9918,4459
-0.636877,-0.064645,9.797373,-0.05419,0.007736,0.793328,-1.8,-7.8,-42.9,146.7861,0.8308,3.9918,4469
-0.758985,-0.110137,9.742304,-0.05419,0.012623,0.793938,-1.8,-7.8,-42.9,146.7861,0.8308,3.9918,4480
-0.758985,-0.110137,9.742304,-0.052969,0.000406,0.795771,-1.5,-7.74,-42.84,155.2837,0.8161,3.9541,4489
-0.756591,-0.131685,9.780613,-0.054801,-0.013644,0.800658,-1.5,-7.74,-42.84,155.2837,0.8161,3.9541,4500
-0.816448,-0.196331,9.905115,-0.057245,-0.002649,0.806156,-1.08,-7.5,-42.84,155.2837,0.8161,3.9541,4509
-0.749408,-0.227456,9.90272,-0.060299,-0.00387,0.809821,-1.08,-7.5,-42.84,155.2837,0.8161,3.9541,4519
-0.636877,-0.193936,9.859624,-0.050525,-0.020364,0.816541,-0.42,-7.26,-42.78,158.5402,0.7604,3.9676,4529
-0.636877,-0.193936,9.859624,-0.046249,-0.014255,0.817762,-0.42,-7.26,-42.78,158.5402,0.7604,3.9676,4540
-0.550683,-0.162811,9.833286,-0.045027,0.004071,0.81593,-0.06,-7.02,-43.32,158.5402,0.7604,3.9676,4549
-0.5435,-0.105348,9.783007,-0.040751,0.009569,0.813486,-0.06,-7.02,-43.32,158.5402,0.7604,3.9676,4559
-0.675185,-0.057463,9.792584,-0.040141,0.004682,0.810432,-0.48,-6.78,-42.96,158.2937,0.7908,4.0299,4569
-0.675185,-0.057463,9.792584,-0.040751,0.001016,0.814708,-0.48,-6.78,-42.96,158.2937,0.7908,4.0299,4579
-0.737437,-0.090982,9.763853,-0.048693,0.001627,0.814097,-0.6,-6.3,-42.3,158.2937,0.7908,4.0299,4590
-0.735042,-0.129291,9.730332,-0.056023,0.001627,0.820206,-0.6,-6.3,-42.3,158.2937,0.7908,4.0299,4599
-0.744619,-0.141262,9.828498,-0.058467,-0.009368,0.819595,-1.02,-5.76,-43.02,148.8265,0.7894,3.9859,4609
-0.670397,-0.191542,9.917087,-0.054801,-0.006925,0.826925,-1.02,-5.76,-43.02,148.8265,0.7894,3.9859,4619
-0.670397,-0.191542,9.917087,-0.045638,-0.009368,0.826925,-0.96,-6.12,-43.8,148.8265,0.7894,3.9859,4629
-0.574626,-0.0838,9.897932,-0.042584,-0.00326,0.82326,-0.96,-6.12,-43.8,148.8265,0.7894,3.9859,4640
-0.574626,-0.165205,9.696813,-0.049304,0.002849,0.820817,-0.84,-6.6,-42.96,152.1603,0.7746,4.007,4649
-0.600963,-0.0838,9.713573,-0.055412,-0.000816,0.818984,-0.84,-6.6,-42.96,152.1603,0.7746,4.007,4659
-0.59378,-0.10056,9.838076,-0.057245,-0.00387,0.817762,-1.2,-6.72,-42.6,152.1603,0.7746,4.007,4670
-0.59378,-0.10056,9.838076,-0.056634,0.000406,0.820206,-1.2,-6.72,-42.6,152.1603,0.7746,4.007,4679
-0.629694,-0.155628,9.876384,-0.057856,0.018121,0.826925,-0.54,-6.84,-43.2,152.2392,0.7587,3.9808,4689
-0.782928,-0.117319,9.73991,-0.056634,0.03156,0.82998,-0.54,-6.84,-43.2,152.2392,0.7587,3.9808,4699
-0.821236,-0.138868,9.737515,-0.051747,0.000406,0.83731,0.42,-6.72,-43.56,152.2392,0.7587,3.9808,4709
-0.768562,-0.153234,9.964972,-0.048082,-0.022807,0.834256,0.42,-6.72,-43.56,152.2392,0.7587,3.9808,4719
-0.768562,-0.153234,9.964972,-0.043195,-0.016699,0.839753,0.84,-6.36,-43.44,163.2842,0.7458,3.957,4730
-0.691945,-0.117319,10.0368,-0.042584,-0.000205,0.841586,0.84,-6.36,-43.44,163.2842,0.7458,3.957,4739
-0.665608,-0.107742,9.732727,-0.048693,0.002849,0.84464,0.3,-6.24,-42.6,163.2842,0.7458,3.957,4749
-0.656031,-0.143656,9.613013,-0.056023,-0.00326,0.850749,0.3,-6.24,-42.6,163.2842,0.7458,3.957,4759
-0.67758,-0.146051,9.684841,-0.06091,0.004682,0.849527,-0.42,-6.36,-42.48,155.819,0.7404,4.0099,4769
-0.725465,-0.122108,9.883567,-0.058467,0.010179,0.855025,-0.42,-6.36,-42.48,155.819,0.7404,4.0099,4780
-0.725465,-0.122108,9.883567,-0.052969,-0.002649,0.854414,0.36,-6,-42.48,155.819,0.7404,4.0099,4789
-0.730254,-0.124502,10.00328,-0.043195,-0.024029,0.858079,0.36,-6,-42.48,155.819,0.7404,4.0099,4799
-0.687157,-0.088588,9.972155,-0.037086,-0.018531,0.85869,0.96,-6.12,-42.18,163.2627,0.7343,4.0461,4809
-0.608146,-0.055068,9.766247,-0.044417,0.007125,0.858079,0.96,-6.12,-42.18,163.2627,0.7343,4.0461,4819
-0.579414,-0.062251,9.541185,-0.055412,0.018732,0.856858,0.78,-6.3,-42.36,163.2627,0.7343,4.0461,4829
-0.579414,-0.062251,9.541185,-0.067019,0.007125,0.859301,0.78,-6.3,-42.36,163.2627,0.7343,4.0461,4839
-0.622511,-0.107742,9.601042,-0.067019,0.007125,0.859301,0.42,-5.76,-42.48,155.5078,0.7084,4.0538,4849
-0.723071,-0.143656,9.869201,-0.070073,0.001627,0.860523,0.42,-5.76,-42.48,155.5078,0.7084,4.0538,4859
-0.828419,-0.203513,10.075109,-0.055412,-0.001427,0.866631,0.42,-5.52,-42.24,155.5078,0.7084,4.0538,4870
-0.773351,-0.222668,10.017646,-0.055412,-0.001427,0.866631,0.42,-5.52,-42.24,155.5078,0.7084,4.0538,4879
-0.773351,-0.222668,10.017646,-0.042584,-0.021586,0.869686,0.72,-6.18,-42.6,162.7631,0.6791,4.0233,4889
-0.684763,-0.196331,9.838076,-0.036475,-0.029527,0.870297,0.72,-6.18,-42.6,162.7631,0.6791,4.0233,4899
-0.5435,-0.105348,9.701602,-0.038308,-0.013033,0.870908,1.14,-5.64,-43.02,162.7631,0.6791,4.0233,4909
-0.392661,-0.052674,9.636956,-0.045027,-0.000205,0.867853,0.9,-5.46,-42.78,162.7631,0.6791,4.0233,4920
-0.490826,-0.021548,9.703996,-0.052969,-0.005703,0.857469,0.9,-5.46,-42.78,162.7631,0.6791,4.0233,4929
-0.490826,-0.021548,9.703996,-0.061521,0.016899,0.856247,1.2,-5.46,-43.38,159.7685,0.7029,4.0465,4939
-0.61054,-0.021548,9.761458,-0.067629,0.023618,0.851971,1.2,-5.46,-43.38,159.7685,0.7029,4.0465,4949
-0.684763,-0.112531,9.929058,-0.062132,-0.00326,0.848916,1.98,-5.64,-42.66,159.7685,0.7029,4.0465,4959
-0.778139,-0.150839,10.055954,-0.05419,-0.013033,0.848916,2.1,-5.4,-42.36,159.7685,0.7029,4.0465,4970
-0.668003,-0.129291,9.840469,-0.04686,0.005903,0.852582,2.1,-5.4,-42.36,159.7685,0.7029,4.0465,4979
-0.668003,-0.129291,9.840469,-0.045638,-0.011812,0.850138,1.62,-5.58,-42.48,172.6242,0.6593,3.87,4989
-0.469278,-0.110137,9.651321,-0.048693,-0.033192,0.845251,1.62,-5.58,-42.48,172.6242,0.6593,3.87,4999
-0.395055,-0.098165,9.749487,-0.057245,-0.008757,0.840975,1.44,-5.64,-42.12,172.6242,0.6593,3.87,5009
-0.452518,-0.122108,9.780613,-0.062743,0.021786,0.837921,1.44,-5.64,-42.12,172.6242,0.6593,3.87,5019
-0.452518,-0.122108,9.780613,-0.062132,0.012012,0.836088,1.92,-5.4,-42.24,171.5071,0.633,3.8382,5029
-0.562655,-0.153234,9.792584,-0.05419,-0.006925,0.836699,1.92,-5.4,-42.24,171.5071,0.633,3.8382,5040
-0.747014,-0.174782,9.976943,-0.045027,-0.00326,0.837921,2.34,-5.22,-42.54,171.5071,0.633,3.8382,5050
-0.754197,-0.138868,10.039194,-0.045027,-0.00326,0.837921,2.34,-5.22,-42.54,171.5071,0.633,3.8382,5059
-0.766168,-0.074223,9.799767,-0.035254,0.008958,0.843419,2.82,-5.22,-42.3,182.8109,0.6474,3.7198,5070
-0.766168,-0.074223,9.799767,-0.034032,0.001016,0.843419,2.82,-5.22,-42.3,182.8109,0.6474,3.7198,5079
-0.64406,0.019154,9.529214,-0.045027,-0.018531,0.84464,3.06,-5.4,-41.58,182.8109,0.6474,3.7198,5090
-0.562655,-0.064645,9.58907,-0.063964,-0.016699,0.845862,3.06,-5.4,-41.58,182.8109,0.6474,3.7198,5100
-0.574626,-0.098165,9.878778,-0.078625,-0.007536,0.843419,2.52,-4.86,-41.28,183.4003,0.6349,3.7332,5109
-0.608146,-0.160416,10.0368,-0.075571,0.000406,0.849527,2.52,-4.86,-41.28,183.4003,0.6349,3.7332,5120
-0.608146,-0.160416,10.0368,-0.061521,-0.000205,0.842808,2.16,-4.92,-42.12,183.4003,0.6349,3.7332,5130
-0.730254,-0.174782,10.010463,-0.042584,0.006514,0.852582,2.16,-4.92,-42.12,183.4003,0.6349,3.7332,5139
-0.792505,-0.146051,9.816526,-0.036475,0.005293,0.859301,2.52,-5.46,-42.42,182.7716,0.603,3.7271,5150
-0.763774,-0.119714,9.725544,-0.036475,-0.009979,0.864799,2.52,-5.46,-42.42,182.7716,0.603,3.7271,5159
-0.723071,-0.090982,9.744699,-0.047471,-0.012423,0.868464,3.18,-5.22,-42.06,182.7716,0.603,3.7271,5169
-0.723071,-0.090982,9.744699,-0.060299,0.001627,0.874573,3.18,-5.22,-42.06,182.7716,0.603,3.7271,5179
-0.751802,-0.059857,9.751882,-0.069462,0.002238,0.878238,3.18,-5.04,-42.6,181.5978,0.6001,3.7888,5189
-0.634483,-0.062251,9.711179,-0.065797,-0.024029,0.882514,3.18,-5.04,-42.6,181.5978,0.6001,3.7888,5200
-0.608146,-0.10056,9.921875,-0.060299,-0.015477,0.881292,2.94,-5.22,-43.14,181.5978,0.6001,3.7888,5209
-0.608146,-0.10056,9.921875,-0.051136,0.016288,0.88679,2.94,-5.22,-43.14,181.5978,0.6001,3.7888,5219
-0.682368,-0.076617,9.914692,-0.045638,0.011401,0.889844,3.3,-4.92,-43.56,180.1186,0.6042,3.8858,5229
-0.6273,-0.105348,9.737515,-0.049304,-0.016699,0.892899,3.3,-4.92,-43.56,180.1186,0.6042,3.8858,5240
-0.696734,-0.122108,9.751882,-0.05419,-0.008757,0.899618,3.48,-4.74,-43.02,180.1186,0.6042,3.8858,5250
-0.754197,-0.134079,9.826104,-0.065186,0.013845,0.903283,3.48,-4.74,-43.02,180.1186,0.6042,3.8858,5259
-0.703917,-0.119714,9.811738,-0.065186,-0.00387,0.906949,3.6,-4.8,-42.06,191.6439,0.5752,3.9225,5269
-0.703917,-0.119714,9.811738,-0.065186,-0.00387,0.906949,3.6,-4.8,-42.06,191.6439,0.5752,3.9225,5280
-0.708705,-0.126897,9.871595,-0.059077,-0.023418,0.911225,3.96,-5.1,-42.06,191.6439,0.5752,3.9225,5289
-0.67758,-0.143656,9.864412,-0.05419,-0.002649,0.917333,3.96,-5.1,-42.06,191.6439,0.5752,3.9225,5299
-0.646454,-0.117319,9.785401,-0.051136,0.002238,0.922831,3.96,-5.04,-42.66,190.5957,0.5887,3.9634,5310
-0.656031,-0.107742,9.826104,-0.049914,-0.013644,0.925275,3.96,-5.04,-42.66,190.5957,0.5887,3.9634,5320
-0.651243,-0.098165,9.842864,-0.054801,0.001016,0.931994,3.9,-5.04,-43.14,190.5957,0.5887,3.9634,5330
-0.651243,-0.098165,9.842864,-0.058467,0.012012,0.938103,3.9,-5.04,-43.14,190.5957,0.5887,3.9634,5339
-0.725465,-0.112531,9.727939,-0.062743,0.009569,0.943601,3.42,-4.86,-42.48,180.7916,0.603,3.9833,5349
-0.768562,-0.10056,9.751882,-0.064575,-0.006314,0.951542,3.42,-4.86,-42.48,180.7916,0.603,3.9833,5359
-0.782928,-0.107742,9.890749,-0.061521,-0.016088,0.956429,3.66,-4.56,-43.02,180.7916,0.603,3.9833,5369
-0.782928,-0.107742,9.890749,-0.059077,-0.00326,0.963148,3.66,-4.56,-43.02,180.7916,0.603,3.9833,5380
-0.770956,-0.143656,9.881172,-0.056023,-0.00387,0.9717,4.14,-5.16,-42.84,190.2259,0.6178,4.0064,5390
-0.739831,-0.155628,9.775824,-0.062743,-0.01059,0.979031,4.14,-5.16,-42.84,190.2259,0.6178,4.0064,5400
-0.67758,-0.177176,9.768641,-0.062743,-0.01059,0.979031,4.08,-5.1,-42.06,190.2259,0.6178,4.0064,5409
-0.706311,-0.177176,9.878778,-0.063964,-0.012423,0.988194,4.08,-5.1,-42.06,190.2259,0.6178,4.0064,5419
-0.706311,-0.177176,9.878778,-0.065186,0.001627,0.995524,4.38,-5.16,-42.78,189.6796,0.624,4.0766,5429
-0.718282,-0.172388,9.890749,-0.060299,0.005293,0.9998,4.38,-5.16,-42.78,189.6796,0.624,4.0766,5439
-0.701522,-0.117319,9.852441,-0.051747,-0.005092,1.007131,5.1,-5.04,-42.36,189.6796,0.624,4.0766,5450
-0.69434,-0.136474,9.771035,-0.05358,-0.004481,1.011407,5.1,-5.04,-42.36,189.6796,0.624,4.0766,5460
-0.69434,-0.136474,9.771035,-0.05358,-0.004481,1.011407,5.1,-5.04,-42.36,189.6796,0.624,4.0766,5469
-0.69434,-0.136474,9.771035,-0.05358,-0.004481,1.011407,5.1,-5.04,-42.36,189.6796,0.624,4.0766,5480
-0.699128,-0.086194,9.72315,-0.063964,0.000406,1.02057,5.22,-5.04,-42.12,199.8281,0.6307,4.1188,5489
-0.624906,-0.143656,9.917087,-0.069462,-0.012423,1.032787,5.22,-5.04,-42.12,199.8281,0.6307,4.1188,5499
-0.641666,-0.222668,9.838076,-0.070684,0.000406,1.036452,5.46,-4.86,-42.06,199.8281,0.6307,4.1188,5509
-0.641666,-0.222668,9.838076,-0.066408,0.008958,1.043172,5.46,-4.86,-42.06,199.8281,0.6307,4.1188,5519
-0.656031,-0.148445,9.768641,-0.060299,-0.007536,1.048669,5.82,-4.86,-41.88,208.5123,0.6104,4.1282,5529
-0.658426,-0.217879,9.917087,-0.058467,-0.015477,1.053556,5.82,-4.86,-41.88,208.5123,0.6104,4.1282,5539
-0.739831,-0.225062,9.993703,-0.057245,0.005903,1.062108,5.28,-4.74,-42.3,208.5123,0.6104,4.1282,5550
-0.739831,-0.225062,9.993703,-0.057245,0.005903,1.062108,5.28,-4.74,-42.3,208.5123,0.6104,4.1282,5559
-0.766168,-0.093377,9.80695,-0.059077,0.008958,1.07005,5.46,-4.86,-42.66,199.1011,0.6176,4.1265,5569
-0.761379,-0.117319,9.665688,-0.061521,-0.006925,1.077991,5.46,-4.86,-42.66,199.1011,0.6176,4.1265,5579
-0.69434,-0.093377,9.718362,-0.068851,-0.009368,1.0841,5.88,-4.8,-42.96,199.1011,0.6176,4.1265,5589
-0.624906,-0.105348,9.802161,-0.072516,-0.00387,1.093873,5.88,-4.8,-42.96,199.1011,0.6176,4.1265,5599
-0.624906,-0.105348,9.802161,-0.075571,-0.009979,1.097539,6.42,-5.34,-42.78,207.6566,0.6957,4.1193,5609
-0.639271,-0.167599,9.91948,-0.075571,-0.013644,1.099982,6.42,-5.34,-42.78,207.6566,0.6957,4.1193,5619
-0.574626,-0.232245,9.907509,-0.070073,-0.005703,1.10548,6.54,-5.1,-42.54,207.6566,0.6957,4.1193,5629
-0.562655,-0.203513,9.797373,-0.071295,-0.007536,1.10548,6.54,-5.1,-42.54,207.6566,0.6957,4.1193,5639
-0.562655,-0.203513,9.797373,-0.070684,-0.001427,1.103647,6.12,-4.98,-42.54,207.6585,0.7371,4.0973,5649
-0.56026,-0.165205,9.797373,-0.067019,-0.00326,1.102426,6.12,-4.98,-42.54,207.6585,0.7371,4.0973,5659
-0.565049,-0.177176,9.854836,-0.064575,-0.001427,1.104869,6.78,-5.4,-42.72,207.6585,0.7371,4.0973,5669
-0.548289,-0.167599,9.842864,-0.063353,-0.007536,1.101815,6.78,-5.4,-42.72,207.6585,0.7371,4.0973,5679
-0.548289,-0.167599,9.842864,-0.066408,-0.00326,1.106702,6.78,-5.04,-42.6,215.4856,0.7921,3.989,5689
-0.6273,-0.198725,9.780613,-0.073127,0.005903,1.109756,6.78,-5.04,-42.6,215.4856,0.7921,3.989,5701
-0.632089,-0.220273,9.797373,-0.073738,-0.011201,1.115254,6.84,-5.16,-42.78,215.4856,0.7921,3.989,5709
-0.641666,-0.189148,9.926663,-0.067019,-0.013033,1.110367,6.84,-5.16,-42.78,215.4856,0.7921,3.989,5719
-0.533923,-0.177176,9.881172,-0.061521,-0.005092,1.116475,7.14,-5.52,-42.78,211.6456,0.8465,3.8562,5729
-0.557866,-0.129291,9.787795,-0.062743,-0.00387,1.116475,6.9,-5.76,-42.24,211.6456,0.8465,3.8562,5740
-0.557866,-0.129291,9.787795,-0.063353,0.005903,1.121973,6.9,-5.76,-42.24,211.6456,0.8465,3.8562,5749
-0.620117,-0.131685,9.730332,-0.066408,-0.000205,1.12686,6.72,-5.88,-41.22,211.6456,0.8465,3.8562,5759
-0.605751,-0.146051,9.792584,-0.073127,-0.007536,1.127471,6.72,-5.88,-41.22,211.6456,0.8465,3.8562,5770
-0.663214,-0.174782,9.871595,-0.075571,-0.004481,1.134801,7.02,-5.88,-41.82,212.4498,0.9149,3.7411,5779
-0.663214,-0.174782,9.871595,-0.079847,0.007736,1.137245,7.02,-5.88,-41.82,212.4498,0.9149,3.7411,5789
-0.720677,-0.237033,9.828498,-0.074349,0.007125,1.147019,7.74,-5.4,-42.3,212.4498,0.9149,3.7411,5800
-0.706311,-0.217879,9.797373,-0.071906,-0.009979,1.151295,7.74,-5.4,-42.3,212.4498,0.9149,3.7411,5809
-0.622511,-0.251399,9.897932,-0.067019,-0.01792,1.155571,8.1,-5.04,-42.48,222.8349,0.9296,3.6996,5819
-0.622511,-0.251399,9.897932,-0.067629,-0.009979,1.154349,8.1,-5.04,-42.48,222.8349,0.9296,3.6996,5829
-0.56026,-0.227456,9.897932,-0.06824,-0.002038,1.159847,7.68,-5.88,-42.36,222.8349,0.9296,3.6996,5839
-0.512375,-0.143656,9.816526,-0.067019,-0.006925,1.158014,7.68,-5.88,-42.36,222.8349,0.9296,3.6996,5849
-0.442941,-0.119714,9.75667,-0.070684,-0.004481,1.150684,7.74,-6.6,-42.54,213.8566,0.9843,3.7165,5860
-0.426181,-0.150839,9.742304,-0.074349,-0.00326,1.148851,7.74,-6.6,-42.54,213.8566,0.9843,3.7165,5870
-0.426181,-0.150839,9.742304,-0.074349,-0.00326,1.148851,8.52,-6.12,-42.18,213.8566,0.9843,3.7165,5879
-0.478855,-0.172388,9.792584,-0.078625,0.000406,1.145186,8.52,-6.12,-42.18,213.8566,0.9843,3.7165,5889
-0.521952,-0.21309,9.921875,-0.078014,-0.005092,1.147019,8.94,-5.46,-41.94,227.6811,1.0151,3.6378,5900
-0.517163,-0.308861,9.972155,-0.073127,-0.008146,1.143353,8.94,-5.46,-41.94,227.6811,1.0151,3.6378,5909
-0.517163,-0.308861,9.972155,-0.067629,-0.000205,1.147019,8.28,-5.7,-43.14,227.6811,1.0151,3.6378,5919
-0.629694,-0.251399,9.914692,-0.063353,0.012012,1.154349,8.28,-5.7,-43.14,227.6811,1.0151,3.6378,5930
-0.64406,-0.179571,9.794978,-0.059077,0.010179,1.159236,7.86,-6.66,-43.44,214.604,1.0454,3.4798,5940
-0.679974,-0.162811,9.811738,-0.059077,-0.000205,1.163512,7.86,-6.66,-43.44,214.604,1.0454,3.4798,5949
-0.634483,-0.086194,9.794978,-0.065797,0.001627,1.167177,8.94,-6.66,-42.36,214.604,1.0454,3.4798,5959
-0.634483,-0.086194,9.794978,-0.073127,0.00346,1.174508,8.94,-6.66,-42.36,214.604,1.0454,3.4798,5969
-0.656031,-0.146051,9.703996,-0.079847,-0.00326,1.178173,9.54,-6.42,-42.36,227.592,1.0947,3.4462,5979
-0.612934,-0.160416,9.713573,-0.084123,-0.015477,1.18306,9.54,-6.42,-42.36,227.592,1.0947,3.4462,5989
-0.519558,-0.24661,9.852441,-0.087177,-0.015477,1.18306,9.42,-6.72,-42.6,227.592,1.0947,3.4462,5999
-0.531529,-0.256187,9.972155,-0.082901,-0.008146,1.184892,9.42,-6.72,-42.6,227.592,1.0947,3.4462,6009
-0.531529,-0.256187,9.972155,-0.077403,-0.002649,1.180005,9.24,-6.78,-42,219.4407,1.0843,3.5012,6019
-0.541106,-0.253793,9.96976,-0.063964,-0.002038,1.18306,9.24,-6.78,-42,219.4407,1.0843,3.5012,6029
-0.466884,-0.251399,9.830893,-0.062132,-0.00387,1.178784,9.18,-6.6,-42.18,219.4407,1.0843,3.5012,6040
-0.41421,-0.237033,9.771035,-0.066408,0.000406,1.177562,9.18,-6.6,-42.18,219.4407,1.0843,3.5012,6049
-0.471672,-0.201119,9.823709,-0.073127,0.005293,1.17634,9.54,-6.66,-42.66,223.1858,1.1179,3.4872,6059
-0.471672,-0.201119,9.823709,-0.07496,0.001016,1.175729,9.54,-6.66,-42.66,223.1858,1.1179,3.4872,6069
-0.557866,-0.203513,9.890749,-0.071295,-0.000816,1.182449,9.6,-7.02,-42.06,223.1858,1.1179,3.4872,6079
-0.634483,-0.268159,9.878778,-0.071295,0.002849,1.187947,9.6,-7.02,-42.06,223.1858,1.1179,3.4872,6089
-0.651243,-0.220273,9.850046,-0.063353,0.004071,1.194055,9.84,-7.2,-42.36,223.6625,1.1638,3.384,6099
-0.651243,-0.220273,9.850046,-0.062132,0.001627,1.199553,9.84,-7.2,-42.36,223.6625,1.1638,3.384,6109
-0.615329,-0.237033,9.826104,-0.063353,-0.000205,1.207494,9.6,-7.26,-42.84,223.6625,1.1638,3.384,6119
-0.691945,-0.179571,9.79019,-0.06824,0.002238,1.214214,9.6,-7.26,-42.84,223.6625,1.1638,3.384,6130
-0.639271,-0.189148,9.737515,-0.076182,-0.005703,1.219101,9.66,-6.78,-42.42,223.5963,1.204,3.3694,6139
-0.574626,-0.215485,9.804555,-0.079236,-0.009979,1.228264,9.66,-6.78,-42.42,223.5963,1.204,3.3694,6149
-0.574626,-0.215485,9.804555,-0.082901,0.002849,1.236205,9.78,-7.02,-43.02,223.5963,1.204,3.3694,6159
-0.672791,-0.205908,9.826104,-0.084123,0.012623,1.247811,9.78,-7.02,-43.02,223.5963,1.204,3.3694,6170
-0.675185,-0.24661,9.79019,-0.085955,-0.004481,1.257585,10.38,-7.68,-43.62,219.3658,1.2108,3.4506,6179
-0.773351,-0.323227,9.888355,-0.079236,-0.000816,1.267359,10.38,-7.68,-43.62,219.3658,1.2108,3.4506,6190
-0.756591,-0.399844,9.96976,-0.075571,0.008347,1.282631,11.4,-7.62,-42.78,219.3658,1.2108,3.4506,6199
-0.756591,-0.399844,9.96976,-0.071906,0.008958,1.294848,11.4,-7.62,-42.78,219.3658,1.2108,3.4506,6209
-0.787716,-0.320833,9.941029,-0.067019,0.001016,1.302178,11.04,-7.62,-42.3,223.2003,1.2397,3.5526,6220
-0.72786,-0.227456,9.890749,-0.062743,-0.01059,1.316228,11.04,-7.62,-42.3,223.2003,1.2397,3.5526,6230
-0.679974,-0.158022,9.775824,-0.06824,0.002238,1.320504,10.8,-7.86,-42.6,223.2003,1.2397,3.5526,6240
-0.52674,-0.131685,9.553157,-0.078014,-0.001427,1.323559,10.8,-7.86,-42.6,223.2003,1.2397,3.5526,6250
-0.52674,-0.131685,9.553157,-0.095118,-0.007536,1.322948,11.34,-8.1,-42.6,222.6892,1.2386,3.6408,6259
-0.426181,-0.167599,9.478934,-0.112834,-0.013033,1.318672,11.34,-8.1,-42.6,222.6892,1.2386,3.6408,6269
-0.354353,-0.287313,9.761458,-0.112834,-0.013033,1.318672,11.76,-7.68,-42.6,222.6892,1.2386,3.6408,6279
-0.390267,-0.407027,10.041589,-0.118942,-0.016088,1.315007,11.7,-7.8,-43.26,222.6892,1.2386,3.6408,6289
-0.387873,-0.430969,10.288198,-0.108557,-0.008146,1.310731,11.7,-7.8,-43.26,222.6892,1.2386,3.6408,6299
-0.387873,-0.430969,10.288198,-0.084123,0.001016,1.305233,11.28,-8.58,-43.02,219.4373,1.2622,3.7146,6309
-0.373507,-0.387873,10.154119,-0.057856,0.005293,1.29607,11.28,-8.58,-43.02,219.4373,1.2622,3.7146,6319
-0.359141,-0.256187,9.818921,-0.042584,0.018732,1.282631,11.46,-9.42,-42.42,219.4373,1.2622,3.7146,6329
-0.385478,-0.148445,9.498088,-0.045638,0.011401,1.271024,11.46,-9.42,-42.42,219.4373,1.2622,3.7146,6340
-0.320833,-0.244216,9.44302,-0.070073,-0.002038,1.259418,11.7,-9.3,-42.9,222.5868,1.2325,3.7866,6350
-0.320833,-0.244216,9.44302,-0.098173,-0.024029,1.249033,11.7,-9.3,-42.9,222.5868,1.2325,3.7866,6359
-0.241822,-0.299284,9.797373,-0.115277,-0.028916,1.238648,12.06,-9,-43.2,222.5868,1.2325,3.7866,6370
-0.222668,-0.318439,10.228342,-0.105503,-0.013033,1.22582,12.06,-9,-43.2,222.5868,1.2325,3.7866,6379
-0.217879,-0.270553,10.374393,-0.088399,-0.013033,1.216657,12,-9.3,-42.96,223.2381,1.3229,3.4272,6390
-0.193936,-0.141262,9.955395,-0.035865,0.010179,1.189779,12,-9.3,-42.96,223.2381,1.3229,3.4272,6399
-0.193936,-0.141262,9.955395,-0.016317,0.013845,1.178784,12,-9.36,-42.24,223.2381,1.3229,3.4272,6409
-0.158022,-0.134079,9.447808,-0.016317,0.013845,1.178784,12,-9.36,-42.24,223.2381,1.3229,3.4272,6419
-0.251399,-0.035914,9.177256,-0.043806,0.03889,1.158625,12.24,-9.36,-41.88,223.6184,1.3727,3.3212,6429
-0.225062,-0.158022,9.538791,-0.085955,-0.004481,1.14763,12.24,-9.36,-41.88,223.6184,1.3727,3.3212,6439
-0.158022,-0.481249,10.273833,-0.123218,-0.032581,1.127471,12.42,-10.02,-42.3,223.6184,1.3727,3.3212,6450
-0.158022,-0.481249,10.273833,-0.128105,-0.028305,1.121973,12.42,-10.02,-42.3,223.6184,1.3727,3.3212,6459
-0.620117,-0.222668,10.59706,-0.099394,0.016288,1.11281,12.3,-10.32,-42.18,220.8022,1.3291,3.4055,6470
-0.519558,-0.332804,10.017646,-0.055412,0.002849,1.09876,12.3,-10.32,-42.18,220.8022,1.3291,3.4055,6479
-0.361535,-0.318439,9.658504,-0.010819,-0.025251,1.079824,12.06,-10.38,-42.42,220.8022,1.3291,3.4055,6489
-0.069434,-0.086194,9.567522,-0.015095,0.001016,1.067606,12.06,-10.38,-42.42,220.8022,1.3291,3.4055,6499
-0.069434,-0.086194,9.567522,-0.036475,0.013234,1.058443,12.3,-10.26,-42.54,220.35,1.4018,3.4375,6510
-0.193936,-0.208302,9.658504,-0.072516,0.025451,1.041339,12.3,-10.26,-42.54,220.35,1.4018,3.4375,6520
-0.088588,-0.064645,9.792584,-0.090232,0.000406,1.031565,12.36,-10.44,-42.54,220.35,1.4018,3.4375,6529
-0.258582,-0.21309,10.077502,-0.099394,-0.023418,1.016293,12.36,-10.44,-42.54,220.35,1.4018,3.4375,6540
-0.318439,-0.239427,10.113417,-0.08229,0.001627,1.001633,12.48,-10.86,-42.3,218.149,1.3319,3.4958,6549
-0.318439,-0.239427,10.113417,-0.050525,0.019953,0.99247,12.48,-10.86,-42.3,218.149,1.3319,3.4958,6559
-0.471672,-0.174782,9.883567,-0.029145,0.026062,0.982085,12.42,-11.46,-42.18,218.149,1.3319,3.4958,6570
-0.371113,-0.134079,9.663293,-0.016317,-0.004481,0.97842,12.42,-11.46,-42.18,218.149,1.3319,3.4958,6579
-0.435758,-0.160416,9.775824,-0.037086,0.004071,0.9717,12.06,-11.7,-42.6,215.5505,1.3734,3.5416,6590
-0.435758,-0.160416,9.775824,-0.062132,0.018732,0.968646,12.06,-11.7,-42.6,215.5505,1.3734,3.5416,6599
-0.378295,-0.153234,9.783007,-0.076182,0.006514,0.963759,12.6,-11.28,-42.72,215.5505,1.3734,3.5416,6609
-0.423787,-0.196331,9.842864,-0.077403,-0.013033,0.955207,12.6,-11.28,-42.72,215.5505,1.3734,3.5416,6619
-0.335198,-0.177176,10.032011,-0.059688,-0.028916,0.951542,13.08,-11.1,-42.96,220.5634,1.3082,3.6081,6629
-0.225062,-0.210696,10.113417,-0.037697,-0.006314,0.944211,13.08,-11.1,-42.96,220.5634,1.3082,3.6081,6640
-0.225062,-0.210696,10.113417,-0.019371,0.040112,0.941157,12.66,-11.64,-42.72,220.5634,1.3082,3.6081,6649
-0.387873,-0.110137,9.907509,-0.01876,0.068212,0.941768,12.66,-11.64,-42.72,220.5634,1.3082,3.6081,6659
-0.555472,-0.105348,9.574705,-0.030367,0.044999,0.94299,12.66,-11.82,-42.36,218.4637,1.3241,3.6299,6670
-0.706311,-0.088588,9.454991,-0.030367,0.044999,0.94299,12.66,-11.82,-42.36,218.4637,1.3241,3.6299,6679
-0.706311,-0.088588,9.454991,-0.056023,0.000406,0.944822,13.14,-12.24,-42.42,218.4637,1.3241,3.6299,6689
-0.747014,-0.136474,9.77343,-0.076792,-0.021586,0.955818,13.14,-12.24,-42.42,218.4637,1.3241,3.6299,6700
-0.790111,-0.174782,10.055954,-0.078625,-0.017309,0.960705,13.62,-13.02,-42.78,218.6216,1.2428,3.7695,6709
-0.620117,-0.093377,9.845258,-0.068851,-0.012423,0.968035,13.62,-13.02,-42.78,218.6216,1.2428,3.7695,6719
-0.409421,-0.186753,9.703996,-0.05419,-0.030749,0.977198,13.5,-13.08,-42.3,218.6216,1.2428,3.7695,6729
-0.409421,-0.186753,9.703996,-0.052969,-0.011812,0.981474,13.5,-13.08,-42.3,218.6216,1.2428,3.7695,6739
-0.409421,-0.174782,9.905115,-0.054801,0.023008,0.982696,13.26,-12.96,-42.24,216.4976,1.1804,3.6924,6750
-0.440547,-0.189148,9.866806,-0.056023,0.025451,0.984528,13.26,-12.96,-42.24,216.4976,1.1804,3.6924,6759
-0.471672,-0.179571,9.840469,-0.056634,0.005293,0.986361,13.14,-13.32,-42.9,216.4976,1.1804,3.6924,6770
-0.57702,-0.160416,9.873989,-0.062132,-0.002038,0.98575,13.14,-13.32,-42.9,216.4976,1.1804,3.6924,6779
-0.57702,-0.160416,9.873989,-0.065797,0.004682,0.995524,12.84,-13.68,-42.9,214.8784,1.0671,3.5342,6789
-0.670397,-0.208302,9.80695,-0.067629,0.006514,1.002854,12.84,-13.68,-42.9,214.8784,1.0671,3.5342,6799
-0.747014,-0.134079,9.737515,-0.063353,-0.013644,1.010796,12.96,-13.8,-43.08,214.8784,1.0671,3.5342,6809
-0.744619,-0.172388,9.768641,-0.067629,-0.016699,1.018737,12.96,-13.8,-43.08,214.8784,1.0671,3.5342,6819
-0.634483,-0.181965,9.876384,-0.066408,-0.005092,1.02057,13.32,-14.1,-42.78,215.2152,1.0267,3.3927,6829
-0.634483,-0.181965,9.876384,-0.066408,-0.005092,1.02057,13.32,-14.1,-42.78,215.2152,1.0267,3.3927,6839
-0.52674,-0.172388,9.888355,-0.067019,-0.011201,1.026678,13.5,-13.86,-42.78,215.2152,1.0267,3.3927,6850
-0.359141,-0.201119,9.888355,-0.068851,-0.019142,1.026678,13.5,-13.86,-42.78,215.2152,1.0267,3.3927,6860
-0.366324,-0.215485,9.830893,-0.067629,-0.011201,1.029122,13.14,-13.68,-42.9,215.157,1.0112,3.4329,6869
-0.371113,-0.184359,9.792584,-0.067629,0.007125,1.030343,13.14,-13.68,-42.9,215.157,1.0112,3.4329,6879
-0.371113,-0.184359,9.792584,-0.064575,0.012623,1.034009,13.14,-14.4,-42.54,215.157,1.0112,3.4329,6889
-0.416604,-0.232245,9.854836,-0.060299,0.000406,1.031565,13.14,-14.4,-42.54,215.157,1.0112,3.4329,6899
-0.615329,-0.215485,9.93624,-0.05358,0.002238,1.040728,13.5,-14.46,-41.94,217.9323,1.0259,3.3709,6910
-0.682368,-0.191542,9.818921,-0.05419,0.015066,1.048059,13.5,-14.46,-41.94,217.9323,1.0259,3.3709,6919
-0.691945,-0.191542,9.663293,-0.059688,-0.006314,1.047448,13.44,-14.28,-42.78,217.9323,1.0259,3.3709,6930
-0.691945,-0.191542,9.663293,-0.066408,-0.022196,1.053556,13.44,-14.28,-42.78,217.9323,1.0259,3.3709,6940
-0.562655,-0.160416,9.70639,-0.076792,-0.028305,1.055389,13.32,-15.06,-43.44,213.5359,1.0716,3.3284,6950
-0.466884,-0.167599,9.804555,-0.080458,-0.013033,1.056,13.32,-15.06,-43.44,213.5359,1.0716,3.3284,6959
-0.304073,-0.155628,9.869201,-0.076182,-0.011812,1.055389,13.08,-15.3,-42.96,213.5359,1.0716,3.3284,6969
-0.217879,-0.191542,9.804555,-0.073127,0.002238,1.057221,13.08,-15.3,-42.96,213.5359,1.0716,3.3284,6979
-0.217879,-0.191542,9.804555,-0.068851,-0.008146,1.054778,13.14,-15.24,-42.9,213.5026,1.0975,3.3288,6990
-0.323227,-0.196331,9.862018,-0.068851,0.002238,1.048059,13.14,-15.24,-42.9,213.5026,1.0975,3.3288,6999
-0.52674,-0.272947,9.93624,-0.066408,0.008958,1.048669,13.38,-15.3,-42.78,213.5026,1.0975,3.3288,7010
-0.521952,-0.292102,9.90272,-0.066408,0.008958,1.048669,13.38,-15.3,-42.78,213.5026,1.0975,3.3288,7019
-0.493221,-0.22985,9.871595,-0.066408,-0.00387,1.047448,13.5,-15.6,-43.02,214.478,1.121,3.2068,7030
-0.493221,-0.22985,9.871595,-0.066408,-0.00387,1.047448,13.5,-15.6,-43.02,214.478,1.121,3.2068,7039
-0.423787,-0.203513,9.811738,-0.065797,-0.006314,1.045615,13.2,-16.38,-43.08,214.478,1.121,3.2068,7049
-0.38069,-0.181965,9.783007,-0.065797,-0.01059,1.038285,13.2,-16.38,-43.08,214.478,1.121,3.2068,7059
-0.392661,-0.210696,9.878778,-0.067019,-0.009368,1.030343,13.2,-16.62,-42.48,210.9461,1.187,3.0857,7070
-0.342381,-0.225062,9.933846,-0.067019,-0.009368,1.030343,13.2,-16.62,-42.48,210.9461,1.187,3.0857,7079
-0.342381,-0.225062,9.933846,-0.064575,0.001627,1.024235,13.62,-16.32,-42.12,210.9461,1.187,3.0857,7089
-0.373507,-0.217879,10.015251,-0.058467,0.007125,1.02118,13.62,-16.32,-42.12,210.9461,1.187,3.0857,7099
-0.316044,-0.208302,9.862018,-0.050525,0.006514,1.018737,13.08,-16.08,-42.84,212.5051,1.2287,2.9253,7109
-0.368718,-0.174782,9.617802,-0.049914,0.002849,1.013239,13.08,-16.08,-42.84,212.5051,1.2287,2.9253,7119
-0.445335,-0.232245,9.644139,-0.071906,-0.007536,0.996746,12.84,-16.56,-43.14,212.5051,1.2287,2.9253,7130
-0.445335,-0.232245,9.644139,-0.071906,-0.007536,0.996746,12.84,-16.56,-43.14,212.5051,1.2287,2.9253,7139
-0.514769,-0.277736,9.907509,-0.07496,-0.01792,0.996746,13.2,-17.16,-42.9,211.2663,1.2485,2.7833,7149
-0.409421,-0.153234,10.048771,-0.071295,-0.021586,0.991859,13.2,-17.16,-42.9,211.2663,1.2485,2.7833,7159
-0.287313,-0.126897,9.857229,-0.06091,-0.020364,0.991248,12.78,-17.34,-42.78,211.2663,1.2485,2.7833,7169
-0.201119,-0.155628,9.668081,-0.058467,-0.006314,0.979642,12.78,-17.34,-42.78,211.2663,1.2485,2.7833,7179
-0.201119,-0.155628,9.668081,-0.06091,-0.002038,0.968035,12.24,-17.7,-43.26,207.7585,1.2914,2.6654,7189
-0.260976,-0.184359,9.694419,-0.067629,0.001627,0.959483,12.24,-17.7,-43.26,207.7585,1.2914,2.6654,7200
-0.28013,-0.225062,9.897932,-0.071295,0.000406,0.949709,12.9,-18.3,-43.38,207.7585,1.2914,2.6654,7210
-0.289707,-0.237033,10.063137,-0.067019,-0.008757,0.944211,12.9,-18.3,-43.38,207.7585,1.2914,2.6654,7220
-0.306467,-0.191542,9.93624,-0.059688,-0.005703,0.933216,13.2,-18.42,-42.78,210.3408,1.2671,2.5206,7229
-0.306467,-0.191542,9.93624,-0.05419,0.002849,0.91489,13.2,-18.42,-42.78,210.3408,1.2671,2.5206,7239
-0.371113,-0.181965,9.663293,-0.056634,-0.001427,0.906949,13.2,-18.12,-42.48,210.3408,1.2671,2.5206,7249
-0.332804,-0.184359,9.579494,-0.062743,-0.022807,0.892288,13.2,-18.12,-42.48,210.3408,1.2671,2.5206,7260
-0.304073,-0.169993,9.931452,-0.068851,-0.033192,0.875184,13.02,-18.66,-42.78,209.1626,1.2915,2.4538,7269
-0.189148,-0.165205,10.113417,-0.072516,-0.035635,0.867242,13.02,-18.66,-42.78,209.1626,1.2915,2.4538,7279
-0.189148,-0.165205,10.113417,-0.062132,-0.014866,0.848916,13.08,-18.72,-43.38,209.1626,1.2915,2.4538,7290
-0.076617,-0.162811,9.967366,-0.055412,-0.00387,0.831201,13.08,-18.72,-43.38,209.1626,1.2915,2.4538,7299
0.004789,-0.141262,9.629773,-0.052358,-0.000816,0.806767,13.14,-18.24,-43.2,210.3864,1.3531,2.4442,7309
-0.057463,-0.165205,9.651321,-0.057856,-0.00326,0.783554,13.14,-18.24,-43.2,210.3864,1.3531,2.4442,7320
-0.057463,-0.165205,9.651321,-0.06091,-0.006925,0.76645,12.9,-19.02,-42.96,210.3864,1.3531,2.4442,7329
-0.143656,-0.227456,9.955395,-0.058467,-0.011812,0.749345,12.9,-19.02,-42.96,210.3864,1.3531,2.4442,7339
-0.181965,-0.251399,10.192428,-0.049914,-0.01059,0.727354,13.2,-19.44,-42.78,209.0407,1.3988,2.468,7349
-0.129291,-0.177176,10.043983,-0.041973,-0.008757,0.715137,13.2,-19.44,-42.78,209.0407,1.3988,2.468,7359
-0.028731,-0.119714,9.656111,-0.03281,-0.002649,0.68887,12.54,-19.32,-43.02,209.0407,1.3988,2.468,7369
-0.028731,-0.119714,9.656111,-0.037086,-0.008146,0.665046,12.54,-19.32,-43.02,209.0407,1.3988,2.468,7379
0.014366,-0.069434,9.565128,-0.040141,-0.01059,0.63939,12.3,-18.9,-43.26,206.7522,1.4438,2.4816,7389
0.043097,-0.105348,9.799767,-0.04686,-0.014866,0.61862,12.3,-18.9,-43.26,206.7522,1.4438,2.4816,7400
0.002394,-0.107742,10.027223,-0.048082,-0.01059,0.591131,12.24,-18.9,-42.6,206.7522,1.4438,2.4816,7409
-0.040703,-0.112531,9.993703,-0.041362,-0.000816,0.567308,12.24,-18.9,-42.6,206.7522,1.4438,2.4816,7419
-0.040703,-0.112531,9.993703,-0.036475,0.001016,0.542873,12.36,-19.2,-42.66,206.7185,1.4633,2.4914,7429
-0.098165,-0.126897,9.835681,-0.029756,-0.002038,0.520882,12.36,-19.2,-42.66,206.7185,1.4633,2.4914,7439
-0.064645,-0.102954,9.766247,-0.027923,-0.011812,0.49828,12.78,-19.44,-42.66,206.7185,1.4633,2.4914,7449
-0.019154,-0.134079,9.792584,-0.030367,-0.013033,0.478121,12.66,-19.8,-42.18,206.7185,1.4633,2.4914,7460
0.035914,-0.146051,9.905115,-0.028534,-0.006925,0.44208,12.66,-19.8,-42.18,206.7185,1.4633,2.4914,7469
0.035914,-0.146051,9.905115,-0.029756,-0.007536,0.416424,12.54,-19.62,-42.66,207.721,1.504,2.5075,7479
0.035914,-0.153234,9.953,-0.028534,-0.007536,0.391989,12.54,-19.62,-42.66,207.721,1.504,2.5075,7489
0.043097,-0.146051,9.998491,-0.016928,0.002849,0.361446,12.48,-19.62,-43.32,207.721,1.504,2.5075,7500
-0.014366,-0.126897,9.96976,-0.007154,0.013234,0.340066,12.48,-19.62,-43.32,207.721,1.504,2.5075,7509
-0.047885,-0.057463,9.854836,0.000787,0.019342,0.316242,12.06,-20.16,-43.08,205.5439,1.5259,2.5061,7519
-0.047885,-0.057463,9.854836,0.000177,0.016288,0.298527,12.06,-20.16,-43.08,205.5439,1.5259,2.5061,7529
-0.117319,-0.023943,9.680053,-0.005321,0.011401,0.280201,12,-20.34,-43.14,205.5439,1.5259,2.5061,7540
-0.162811,-0.011971,9.651321,-0.022425,-0.005092,0.253934,12,-20.34,-43.14,205.5439,1.5259,2.5061,7549
-0.184359,-0.045491,9.72315,-0.031588,-0.019142,0.238051,12.18,-20.34,-43.08,205.5009,1.5105,2.5389,7559
-0.134079,-0.074223,9.900327,-0.034032,-0.025251,0.219114,12.18,-20.34,-43.08,205.5009,1.5105,2.5389,7569
-0.134079,-0.074223,9.900327,-0.028534,-0.021586,0.199567,12.24,-19.8,-42.84,205.5009,1.5105,2.5389,7579
-0.071828,-0.074223,9.953,-0.018149,-0.014255,0.176965,12.24,-19.8,-42.84,205.5009,1.5105,2.5389,7589
-0.004789,-0.059857,9.938635,-0.007154,-0.002038,0.157417,12.3,-19.86,-43.26,205.4924,1.5205,2.5392,7599
-0.021548,-0.098165,9.883567,0.001398,0.006514,0.134204,12.3,-19.98,-43.2,205.4924,1.5205,2.5392,7609
-0.045491,-0.105348,9.862018,0.000787,0.007125,0.112213,12.3,-19.98,-43.2,205.4924,1.5205,2.5392,7620
-0.0838,-0.114925,9.873989,-0.002267,0.005903,0.090833,12,-20.4,-42.3,205.4924,1.5205,2.5392,7629
-0.0838,-0.114925,9.873989,-0.005321,-0.001427,0.072507,12,-20.4,-42.3,205.4924,1.5205,2.5392,7639
-0.110137,-0.079011,9.850046,-0.005321,-0.001427,0.072507,11.88,-19.86,-42.24,205.6431,1.5381,2.5158,7649
-0.165205,-0.071828,9.833286,-0.008376,-0.005092,0.049905,11.88,-19.86,-42.24,205.6431,1.5381,2.5158,7660
-0.165205,-0.071828,9.833286,-0.007154,-0.008757,0.030357,11.52,-19.68,-43.02,205.6431,1.5381,2.5158,7669
-0.162811,-0.062251,9.857229,-0.0041,-0.006314,0.008977,11.52,-19.68,-43.02,205.6431,1.5381,2.5158,7680
-0.141262,-0.047885,9.876384,0.003231,-0.006925,-0.007517,11.7,-19.86,-43.02,205.5264,1.5366,2.5115,7689
-0.177176,-0.062251,9.917087,0.006285,0.000406,-0.021567,11.7,-19.86,-43.02,205.5264,1.5366,2.5115,7699
-0.172388,-0.05028,9.897932,0.008118,0.004682,-0.041725,12.12,-19.98,-43.2,205.5264,1.5366,2.5115,7709
-0.172388,-0.05028,9.897932,0.008118,0.005903,-0.056386,12.12,-19.98,-43.2,205.5264,1.5366,2.5115,7719
-0.201119,-0.086194,9.816526,0.007507,0.006514,-0.067992,11.82,-20.16,-43.02,205.5572,1.5317,2.4954,7729
-0.184359,-0.086194,9.787795,0.008118,-0.000816,-0.082042,11.82,-20.16,-43.02,205.5572,1.5317,2.4954,7740
-0.24661,-0.079011,9.814133,0.003231,-0.000205,-0.100368,11.82,-20.16,-42.66,205.5572,1.5317,2.4954,7750
-0.287313,-0.10056,9.862018,0.005063,-0.001427,-0.10892,11.82,-20.16,-42.66,205.5572,1.5317,2.4954,7759
-0.287313,-0.10056,9.862018,0.008729,-0.002649,-0.118083,11.76,-20.16,-42.54,205.5722,1.5153,2.4942,7769
-0.320833,-0.105348,9.890749,0.008729,-0.002038,-0.127857,11.76,-20.16,-42.54,205.5722,1.5153,2.4942,7780
-0.332804,-0.090982,9.909904,0.013616,0.00346,-0.133355,11.82,-20.22,-42.3,205.5722,1.5153,2.4942,7789
-0.344776,-0.059857,9.857229,0.01667,0.008958,-0.136409,11.82,-20.22,-42.3,205.5722,1.5153,2.4942,7799
-0.318439,-0.038308,9.792584,0.015448,0.007125,-0.145572,12.36,-20.1,-42.78,205.6039,1.5045,2.4805,7809
-0.318439,-0.038308,9.792584,0.013005,0.000406,-0.152903,12.36,-20.1,-42.78,205.6039,1.5045,2.4805,7819
-0.311256,-0.057463,9.761458,0.007507,0.00346,-0.161455,12.48,-20.46,-42.6,205.6039,1.5045,2.4805,7830
-0.36393,-0.071828,9.828498,0.006896,0.001016,-0.163898,12.48,-20.46,-42.6,205.6039,1.5045,2.4805,7839
-0.411815,-0.095771,9.885961,0.005063,0.001016,-0.166953,12.12,-20.58,-42.42,204.7257,1.482,2.4778,7850
-0.409421,-0.088588,9.909904,0.010561,-0.00326,-0.170007,12.12,-20.58,-42.42,204.7257,1.482,2.4778,7860
-0.409421,-0.088588,9.909904,0.011783,0.001016,-0.170618,11.94,-20.28,-42.6,204.7257,1.482,2.4778,7870
-0.409421,-0.086194,9.854836,0.013005,0.008347,-0.173672,12.18,-20.34,-42.6,204.7257,1.482,2.4778,7879
-0.450124,-0.06704,9.811738,0.014837,0.008347,-0.173061,12.18,-20.34,-42.6,204.7257,1.482,2.4778,7890
-0.471672,-0.076617,9.835681,0.014226,0.005293,-0.174283,12.3,-19.74,-42.54,205.6602,1.4723,2.4621,7899
-0.471672,-0.076617,9.835681,0.012394,0.001627,-0.171839,12.3,-19.74,-42.54,205.6602,1.4723,2.4621,7909
-0.495615,-0.0838,9.862018,0.012394,0.001627,-0.171839,12.36,-19.8,-43.02,205.6602,1.4723,2.4621,7919
-0.502798,-0.06704,9.871595,0.013616,-0.000205,-0.170618,12.36,-19.8,-43.02,205.6602,1.4723,2.4621,7929
-0.517163,-0.071828,9.823709,0.013005,0.001016,-0.167563,12.66,-19.74,-42.78,207.8352,1.4551,2.4623,7939
-0.531529,-0.062251,9.79019,0.012394,-0.000205,-0.164509,12.66,-19.74,-42.78,207.8352,1.4551,2.4623,7949
-0.507586,-0.055068,9.77343,0.00934,-0.002038,-0.163898,12.48,-19.62,-42.54,207.8352,1.4551,2.4623,7960
-0.507586,-0.055068,9.77343,0.006896,-0.002649,-0.159011,12.48,-19.62,-42.54,207.8352,1.4551,2.4623,7969
-0.498009,-0.045491,9.833286,0.005063,-0.00326,-0.153513,12.54,-19.8,-43.56,207.9266,1.1708,2.4833,7979
-0.533923,-0.069434,9.885961,0.008729,-0.001427,-0.149848,12.54,-19.8,-43.56,207.9266,1.1708,2.4833,7989
-0.531529,-0.079011,9.876384,0.006285,0.001016,-0.149237,12.6,-19.86,-42.96,207.9266,1.1708,2.4833,7999
-0.545895,-0.10056,9.838076,0.008118,-0.000205,-0.14374,12.6,-19.86,-42.96,207.9266,1.1708,2.4833,8010
-0.545895,-0.10056,9.838076,0.005674,-0.00326,-0.134577,12.06,-20.22,-42.3,206.0498,0.905,2.5722,8019
-0.538712,-0.052674,9.747093,-0.015706,0.002238,-0.126635,12.06,-20.22,-42.3,206.0498,0.905,2.5722,8029
-0.536318,-0.043097,9.675264,-0.015706,0.002238,-0.126635,12.48,-20.1,-42.18,206.0498,0.905,2.5722,8039
-0.588992,-0.10056,9.862018,-0.030978,-0.008146,-0.126635,12.48,-20.1,-42.18,206.0498,0.905,2.5722,8049
-0.586597,-0.079011,10.051166,-0.024258,-0.015477,-0.116862,12.84,-20.1,-42.36,208.1716,0.7595,2.6929,8059
-0.586597,-0.079011,10.051166,-0.006543,-0.008146,-0.112586,12.84,-20.1,-42.36,208.1716,0.7595,2.6929,8069
-0.557866,-0.112531,9.988914,0.014837,0.005903,-0.105255,12.48,-19.98,-42.72,208.1716,0.7595,2.6929,8079
-0.533923,-0.064645,9.687236,0.025222,0.011401,-0.097314,12.48,-19.98,-42.72,208.1716,0.7595,2.6929,8090
-0.545895,0.011971,9.541185,0.00995,0.00346,-0.092427,12.3,-19.68,-42.66,205.6986,0.692,2.8106,8100
-0.545895,0.011971,9.541185,-0.013262,-0.009979,-0.084486,12.3,-19.68,-42.66,205.6986,0.692,2.8106,8109
-0.57702,-0.059857,9.694419,-0.034643,-0.021586,-0.074712,12.48,-19.74,-42.84,205.6986,0.692,2.8106,8119
-0.603357,-0.088588,9.941029,-0.029756,-0.016699,-0.067992,12.48,-19.74,-42.84,205.6986,0.692,2.8106,8130
-0.572232,-0.136474,10.05356,-0.015095,-0.011812,-0.063105,12.6,-19.44,-42.9,208.9709,0.5925,2.9518,8139
-0.541106,-0.119714,9.864412,-0.001656,-0.000205,-0.058829,12.6,-19.44,-42.9,208.9709,0.5925,2.9518,8149
-0.541106,-0.119714,9.864412,0.008118,-0.000816,-0.050888,11.64,-19.26,-42.9,208.9709,0.5925,2.9518,8160
-0.548289,-0.107742,9.754275,0.006285,-0.00387,-0.044779,11.64,-19.26,-42.9,208.9709,0.5925,2.9518,8169
-0.553077,-0.088588,9.797373,0.003231,-0.008146,-0.039282,11.64,-18.96,-42.9,206.5493,0.5873,3.0224,8179
-0.519558,-0.081405,9.893144,0.000177,-0.004481,-0.036838,11.64,-18.96,-42.9,206.5493,0.5873,3.0224,8190
-0.512375,-0.124502,9.900327,-0.005321,-0.000816,-0.027675,12.36,-19.26,-43.26,206.5493,0.5873,3.0224,8200
-0.536318,-0.102954,9.797373,-0.009597,0.002238,-0.022788,12.36,-19.26,-43.26,206.5493,0.5873,3.0224,8209
-0.536318,-0.102954,9.797373,-0.012041,0.001016,-0.021567,12.3,-19.8,-43.32,205.4416,0.5819,3.0113,8219
-0.514769,-0.088588,9.783007,-0.009597,-0.006314,-0.014847,12.3,-19.8,-43.32,205.4416,0.5819,3.0113,8229
-0.514769,-0.079011,9.888355,-0.005932,-0.005092,-0.014847,12.24,-19.5,-42.9,205.4416,0.5819,3.0113,8239
-0.521952,-0.081405,9.883567,0.003842,0.002238,-0.008128,12.24,-19.5,-42.9,205.4416,0.5819,3.0113,8250
-0.545895,-0.06704,9.828498,0.001398,0.004682,-0.005684,12.6,-19.74,-43.5,207.6515,0.605,3.0162,8260
-0.545895,-0.06704,9.828498,0.001398,0.004682,-0.005684,12.6,-19.74,-43.5,207.6515,0.605,3.0162,8269
-0.514769,-0.088588,9.759064,-0.002878,-0.00326,-0.00263,12.42,-19.74,-43.62,207.6515,0.605,3.0162,8279
-0.476461,-0.098165,9.792584,-0.012041,-0.011201,0.000425,12.42,-19.74,-43.62,207.6515,0.605,3.0162,8289
-0.459701,-0.088588,9.873989,-0.010819,-0.01059,0.007144,12.12,-19.74,-43.38,205.4088,0.5964,3.0233,8299
-0.459701,-0.088588,9.873989,-0.007765,-0.00387,0.00409,12.12,-19.74,-43.38,205.4088,0.5964,3.0233,8309
-0.474066,-0.105348,9.888355,-0.000434,0.001016,0.007755,12.66,-20.16,-43.26,205.4088,0.5964,3.0233,8320
-0.447729,-0.079011,9.838076,0.001398,-0.000205,0.006533,12.66,-20.16,-43.26,205.4088,0.5964,3.0233,8329
-0.421392,-0.071828,9.80695,0.000177,-0.002038,0.008366,12.48,-19.86,-42.9,205.4756,0.5666,2.999,8339
-0.428575,-0.088588,9.802161,-0.003489,0.001016,0.005311,12.48,-19.86,-42.9,205.4756,0.5666,2.999,8349
-0.428575,-0.088588,9.802161,-0.008376,0.001016,0.008366,11.76,-19.62,-42.6,205.4756,0.5666,2.999,8360
-0.462095,-0.098165,9.854836,-0.010208,-0.002038,0.007144,11.76,-19.62,-42.6,205.4756,0.5666,2.999,8369
-0.478855,-0.095771,9.873989,-0.009597,-0.006925,0.005922,11.76,-19.44,-42.48,206.8729,0.5455,2.9362,8379
-0.433364,-0.110137,9.869201,-0.002267,-0.007536,0.003479,11.76,-19.44,-42.48,206.8729,0.5455,2.9362,8390
-0.433364,-0.110137,9.869201,0.003231,-0.004481,0.005311,12.24,-19.56,-42.9,206.8729,0.5455,2.9362,8399
-0.426181,-0.081405,9.840469,0.006285,-0.002649,0.00409,12.24,-19.56,-42.9,206.8729,0.5455,2.9362,8409
-0.404632,-0.064645,9.799767,0.004453,-0.001427,-0.001408,12.06,-20.22,-42.66,205.7354,0.5583,2.8533,8420
-0.39745,-0.095771,9.785401,-0.001656,-0.005092,0.000425,12.06,-20.22,-42.66,205.7354,0.5583,2.8533,8429
-0.39745,-0.095771,9.785401,-0.007154,-0.000205,-0.005684,12,-20.1,-42.72,205.7354,0.5583,2.8533,8440
-0.418998,-0.074223,9.816526,-0.012041,-0.002038,-0.004462,12,-20.1,-42.72,205.7354,0.5583,2.8533,8449
-0.433364,-0.06704,9.840469,-0.008986,-0.002649,-0.005073,12.12,-19.32,-43.74,206.9299,0.5378,2.7648,8459
-0.445335,-0.093377,9.852441,-0.009597,-0.002038,-0.00263,12.12,-19.32,-43.74,206.9299,0.5378,2.7648,8469
-0.452518,-0.093377,9.814133,-0.005321,-0.000205,-0.005684,11.94,-19.26,-43.62,206.9299,0.5378,2.7648,8479
-0.452518,-0.093377,9.814133,-0.002267,-0.000816,-0.005073,11.94,-19.26,-43.62,206.9299,0.5378,2.7648,8489
-0.452518,-0.088588,9.821315,-0.003489,-0.00387,-0.003852,12.36,-19.38,-42.96,207.2092,0.5371,2.678,8499
-0.442941,-0.102954,9.850046,-0.005932,-0.00387,-0.008128,12.36,-19.38,-42.96,207.2092,0.5371,2.678,8509
-0.433364,-0.095771,9.869201,-0.006543,-0.004481,-0.006295,12.06,-19.86,-42.84,207.2092,0.5371,2.678,8519
-0.438152,-0.093377,9.826104,-0.007154,-0.002649,-0.005684,12.06,-19.86,-42.84,207.2092,0.5371,2.678,8529
-0.438152,-0.093377,9.826104,-0.006543,-0.002649,-0.006906,11.94,-20.04,-42.9,206.1262,0.5377,2.6369,8539
-0.447729,-0.107742,9.850046,-0.002878,0.000406,-0.003241,11.94,-20.04,-42.9,206.1262,0.5377,2.6369,8550
-0.445335,-0.093377,9.857229,0.000177,0.000406,-0.003241,12.3,-20.16,-42.9,206.1262,0.5377,2.6369,8559
-0.459701,-0.095771,9.828498,0.000177,0.001016,-0.000186,12.3,-20.16,-42.9,206.1262,0.5377,2.6369,8569
-0.459701,-0.095771,9.828498,0.000177,0.001016,-0.000186,12.06,-20.1,-42.96,206.1688,0.5459,2.608,8579
-0.464489,-0.059857,9.814133,-0.002267,-0.000205,-0.003241,12.06,-20.1,-42.96,206.1688,0.5459,2.608,8589
-0.586597,-0.143656,6.725518,-0.023647,-0.063124,-0.001408,12.3,-19.38,-43.56,206.1688,0.5459,2.608,8599
-0.52674,0.153234,6.943397,-0.324804,-0.741185,-0.009349,12.18,-18.72,-43.02,206.1688,0.5459,2.608,8609
-0.179571,-0.251399,10.752688,-0.553878,-0.860303,-0.011182,12.18,-18.72,-43.02,206.1688,0.5459,2.608,8619
-0.220273,-0.426181,11.839689,-0.633902,-0.292199,0.003479,12.36,-19.44,-42.96,207.3922,0.5686,2.5585,8630
-0.220273,-0.426181,11.839689,-0.633902,-0.292199,0.003479,12.36,-19.44,-42.96,207.3922,0.5686,2.5585,8639
-0.165205,-0.430969,11.758284,-0.352904,-0.261045,-0.005684,11.52,-19.32,-43.26,207.3922,0.5686,2.5585,8649
-0.155628,-0.469278,10.819728,0.011783,-0.127876,-0.008738,11.52,-19.32,-43.26,207.3922,0.5686,2.5585,8659
0.019154,-0.428575,11.949825,0.232916,0.188552,0.002257,11.04,-18.12,-43.86,207.2161,1.9278,1.2764,8669
-0.021548,-0.450124,12.241927,0.515747,0.712064,0.002868,11.04,-18.12,-43.86,207.2161,1.9278,1.2764,8679
-0.021548,-0.450124,12.241927,0.903646,1.102407,-0.004462,11.04,-18.48,-44.76,207.2161,1.9278,1.2764,8690
-0.512375,-0.299284,10.508472,1.070413,0.930143,0.002257,11.04,-18.48,-44.76,207.2161,1.9278,1.2764,8699
-0.742225,0.081405,6.749461,0.66602,-0.002649,-0.014847,10.98,-18.42,-44.58,206.8326,1.6471,1.5737,8709
-0.574626,0.205908,6.375954,0.66602,-0.002649,-0.014847,10.98,-18.42,-44.58,206.8326,1.6471,1.5737,8720
