ACCELEROMETER X (m/s²),ACCELEROMETER Y (m/s²),ACCELEROMETER Z (m/s²),GYROSCOPE X (rad/s),GYROSCOPE Y (rad/s),GYROSCOPE Z (rad/s),MAGNETIC FIELD X (μT),MAGNETIC FIELD Y (μT),MAGNETIC FIELD Z (μT),ORIENTATION Z (azimuth °),ORIENTATION X (pitch °),ORIENTATION Y (roll °),LOCATION Latitude : ,LOCATION Longitude : ,LOCATION Altitude ( m),LOCATION Speed ( m/s),Time since start in ms 
-0.074223,1.034327,9.802161,-0.012396,0.006144,-0.012061,-5.52,-10.38,-37.62,134.9305,-5.5368,0.4632,55.814007,37.50039,204.0841,0,11
-0.057463,0.933767,9.79019,-0.015451,-0.004241,-0.010839,-5.52,-10.38,-37.62,134.9305,-5.5368,0.4632,55.814007,37.50039,204.0841,0,20
0.026337,0.979258,9.838076,-0.005677,-0.007295,-0.017559,-4.98,-10.26,-38.22,134.9305,-5.5368,0.4632,55.814007,37.50039,204.0841,0,31
0.009577,0.972076,9.869201,-0.002622,-0.010349,-0.033441,-5.22,-9.9,-38.4,134.9305,-5.5368,0.4632,55.814007,37.50039,204.0841,0,40
-0.045491,0.976864,9.909904,0.002875,-0.009738,-0.03283,-5.22,-9.9,-38.4,134.9305,-5.5368,0.4632,55.814007,37.50039,204.0841,0,51
-0.045491,0.976864,9.909904,0.012649,-0.000575,-0.027333,-5.52,-10.08,-38.16,134.7447,-5.6191,0.44,55.814007,37.50039,204.0841,0,60
-0.076617,1.010384,9.842864,0.012038,0.004922,-0.023056,-6,-10.08,-37.98,134.7447,-5.6191,0.44,55.814007,37.50039,204.0841,0,71
-0.074223,0.945739,9.668081,-0.001401,0.003701,-0.014504,-6,-10.08,-37.98,134.7447,-5.6191,0.44,55.814007,37.50039,204.0841,0,80
-0.059857,1.022355,9.668081,-0.016672,0.013474,-0.020613,-5.22,-10.14,-38.28,134.7447,-5.6191,0.44,55.814007,37.50039,204.0841,0,91
-0.059857,1.022355,9.668081,-0.019727,0.008588,-0.027943,-5.22,-10.14,-38.28,134.7447,-5.6191,0.44,55.814007,37.50039,204.0841,0,101
-0.069434,1.065452,9.775824,-0.019727,0.008588,-0.027943,-4.56,-10.38,-38.1,139.696,-5.6628,0.3968,55.814007,37.50039,204.0841,0,110
-0.105348,1.005595,9.826104,-0.013007,-0.006684,-0.034052,-4.56,-10.38,-38.1,139.696,-5.6628,0.3968,55.814007,37.50039,204.0841,0,120
-0.057463,1.00799,9.79019,0.002264,-0.03173,-0.040772,-5.04,-10.26,-37.86,139.696,-5.6628,0.3968,55.814007,37.50039,204.0841,0,132
-0.057463,1.00799,9.79019,0.007151,-0.043947,-0.044437,-5.04,-10.26,-37.86,139.696,-5.6628,0.3968,55.814007,37.50039,204.0841,0,141
-0.062251,0.984047,9.708784,0.005319,-0.049445,-0.048713,-5.04,-10.26,-37.86,139.6484,-5.6769,0.3979,55.814007,37.50039,204.0841,0,150
-0.090982,0.988836,9.682447,-0.010564,-0.048223,-0.041993,-5.04,-10.26,-37.86,139.6484,-5.6769,0.3979,55.814007,37.50039,204.0841,0,161
-0.098165,1.010384,9.730332,-0.013007,-0.038449,-0.03955,-5.28,-10.44,-38.16,139.6484,-5.6769,0.3979,55.814007,37.50039,204.0841,0,171
-0.131685,0.87391,9.907509,-0.017283,-0.008517,-0.023056,-5.28,-10.44,-38.16,139.6484,-5.6769,0.3979,55.814007,37.50039,204.0841,0,181
-0.131685,0.87391,9.907509,-0.002012,-0.005462,-0.021835,-5.52,-10.56,-38.58,138.5579,-5.7404,0.3269,55.814007,37.50039,204.0841,0,190
-0.047885,0.895459,9.881172,0.006541,-0.00363,-0.023667,-5.52,-10.56,-38.58,138.5579,-5.7404,0.3269,55.814007,37.50039,204.0841,0,201
-0.038308,0.92419,9.890749,0.006541,-0.00363,-0.023667,-5.82,-10.44,-38.46,138.5579,-5.7404,0.3269,55.814007,37.50039,204.0841,0,210
-0.095771,0.97447,9.771035,0.011427,0.000646,-0.023056,-5.82,-10.44,-38.46,138.5579,-5.7404,0.3269,55.814007,37.50039,204.0841,0,222
-0.095771,0.97447,9.771035,0.007762,-0.003019,-0.020613,-6.12,-10.08,-37.68,134.782,-5.696,0.347,55.814007,37.50039,204.0841,0,230
-0.088588,1.017567,9.701602,0.002264,-0.007295,-0.026111,-6.12,-10.08,-37.68,134.782,-5.696,0.347,55.814007,37.50039,204.0841,0,241
-0.126897,1.067847,9.653716,-0.007509,-0.013404,-0.035274,-5.76,-10.38,-37.32,134.782,-5.696,0.347,55.81401,37.500374,202.8514,0,251
-0.110137,1.113338,9.684841,-0.011175,-0.009128,-0.037106,-5.76,-10.38,-37.32,134.782,-5.696,0.347,55.81401,37.500374,202.8514,0,261
-0.110137,1.113338,9.684841,-0.017283,-0.009738,-0.041382,-5.1,-10.98,-38.04,143.9206,-5.6608,0.3731,55.81401,37.500374,202.8514,0,270
-0.090982,1.132492,9.720756,-0.009953,-0.004241,-0.048102,-5.1,-10.98,-38.04,143.9206,-5.6608,0.3731,55.81401,37.500374,202.8514,0,281
-0.102954,1.079818,9.708784,-0.009953,-0.004241,-0.048102,-4.92,-10.32,-38.22,143.9206,-5.6608,0.3731,55.81401,37.500374,202.8514,0,290
-0.064645,1.103761,9.720756,0.002875,-0.007906,-0.051767,-4.92,-10.32,-38.22,143.9206,-5.6608,0.3731,55.81401,37.500374,202.8514,0,301
-0.105348,1.110944,9.70639,-0.005066,-0.003019,-0.054211,-5.22,-10.32,-38.52,138.9173,-5.7334,0.4132,55.81401,37.500374,202.8514,0,311
-0.105348,1.110944,9.70639,-0.016672,0.003701,-0.052378,-5.22,-10.32,-38.52,138.9173,-5.7334,0.4132,55.81401,37.500374,202.8514,0,320
-0.074223,1.091789,9.720756,-0.018505,-0.002408,-0.048102,-3.84,-9.84,-38.76,138.9173,-5.7334,0.4132,55.81401,37.500374,202.8514,0,331
-0.055068,1.110944,9.780613,-0.020338,-0.014625,-0.049324,-3.84,-9.84,-38.76,138.9173,-5.7334,0.4132,55.81401,37.500374,202.8514,0,340
-0.088588,1.091789,9.830893,-0.019727,-0.021345,-0.04688,-3.66,-9.54,-37.8,144.5664,-5.8912,0.4602,55.81401,37.500374,202.8514,0,351
-0.074223,1.053481,9.842864,-0.022781,-0.02501,-0.0536,-3.66,-9.54,-37.8,144.5664,-5.8912,0.4602,55.81401,37.500374,202.8514,0,361
-0.074223,1.053481,9.842864,-0.024614,-0.023177,-0.06093,-4.56,-10.02,-37.32,144.5664,-5.8912,0.4602,55.81401,37.500374,202.8514,0,370
-0.040703,1.051087,9.842864,-0.02217,-0.025621,-0.071315,-4.56,-10.02,-37.32,144.5664,-5.8912,0.4602,55.81401,37.500374,202.8514,0,381
-0.009577,1.055875,9.914692,-0.02217,-0.025621,-0.071315,-4.56,-10.2,-38.1,138.3571,-6.0118,0.4646,55.81401,37.500374,202.8514,0,391
0.03352,1.034327,9.988914,0.001043,-0.037227,-0.084143,-4.56,-10.2,-38.1,138.3571,-6.0118,0.4646,55.81401,37.500374,202.8514,0,401
-0.031126,1.101366,9.974549,0.021812,-0.035395,-0.078034,-4.74,-10.5,-38.94,138.3571,-6.0118,0.4646,55.81401,37.500374,202.8514,0,411
-0.031126,1.101366,9.974549,0.026699,-0.027454,-0.074369,-4.74,-10.5,-38.94,138.3571,-6.0118,0.4646,55.81401,37.500374,202.8514,0,420
-0.081405,1.070241,9.814133,0.012649,-0.015236,-0.062763,-5.46,-10.56,-38.16,142.7539,-6.066,0.4018,55.81401,37.500374,202.8514,0,431
-0.119714,1.118126,9.787795,-0.004455,-0.007906,-0.046269,-5.46,-10.56,-38.16,142.7539,-6.066,0.4018,55.81401,37.500374,202.8514,0,440
-0.148445,1.130098,9.840469,-0.015451,0.006144,-0.037717,-5.28,-10.14,-37.38,142.7539,-6.066,0.4018,55.81401,37.500374,202.8514,0,451
-0.148445,1.130098,9.840469,-0.020338,-0.001186,-0.03955,-5.28,-10.14,-37.38,142.7539,-6.066,0.4018,55.81401,37.500374,202.8514,0,461
-0.102954,1.149252,9.878778,-0.014229,-0.004851,-0.054821,-4.74,-10.8,-37.62,142.7799,-6.1414,0.3349,55.81401,37.500374,202.8514,0,470
-0.062251,1.103761,9.797373,-0.010564,-0.016458,-0.06093,-4.74,-10.8,-37.62,142.7799,-6.1414,0.3349,55.81401,37.500374,202.8514,0,481
-0.062251,1.103761,9.797373,-0.001401,-0.026843,-0.082921,-5.28,-11.46,-38.04,142.7799,-6.1414,0.3349,55.81401,37.500374,202.8514,0,490
-0.026337,1.043904,9.72315,-0.001401,-0.026843,-0.082921,-5.28,-11.46,-38.04,142.7799,-6.1414,0.3349,55.81401,37.500374,202.8514,0,501
-0.114925,1.067847,9.708784,0.002875,-0.037838,-0.068871,-5.22,-10.8,-38.1,142.4763,-6.1863,0.3872,55.81401,37.500374,202.8514,0,510
-0.014366,1.230657,9.653716,-0.003233,-0.029286,-0.071926,-5.34,-10.56,-37.8,142.4763,-6.1863,0.3872,55.81401,37.500374,202.8514,0,522
-0.014366,1.230657,9.653716,-0.030722,-0.022567,-0.08231,-5.34,-10.56,-37.8,142.4763,-6.1863,0.3872,55.81401,37.500374,202.8514,0,531
-0.05028,1.177983,9.565128,-0.041107,3.5E-05,-0.083532,-5.22,-10.8,-37.98,142.4763,-6.1863,0.3872,55.81401,37.500374,202.8514,0,541
-0.055068,1.235446,9.510059,-0.049048,0.007366,-0.095749,-5.22,-11.04,-37.56,142.2974,-6.3182,0.3334,55.81401,37.500374,202.8514,0,551
-0.055068,1.235446,9.510059,-0.063098,0.029357,-0.121406,-5.22,-11.04,-37.56,142.2974,-6.3182,0.3334,55.81401,37.500374,202.8514,0,560
0.023943,1.156435,9.613013,-0.06432,0.055013,-0.142786,-5.16,-11.28,-37.26,142.2974,-6.3182,0.3334,55.81401,37.500374,202.8514,0,571
0.03352,1.216292,9.715967,-0.061876,0.064176,-0.159279,-5.16,-11.28,-37.26,142.2974,-6.3182,0.3334,55.81401,37.500374,202.8514,0,581
-0.055068,1.180378,9.794978,-0.061876,0.064176,-0.159279,-4.8,-10.8,-36.6,142.5768,-6.3654,0.3548,55.81401,37.500374,202.8514,0,591
-0.055068,1.180378,9.794978,-0.055157,0.051959,-0.159279,-4.8,-10.8,-36.6,142.5768,-6.3654,0.3548,55.81401,37.500374,202.8514,0,601
-0.093377,1.209109,9.847652,-0.053935,0.060511,-0.149506,-4.74,-10.5,-36.6,142.5768,-6.3654,0.3548,55.81401,37.500374,202.8514,0,611
-0.220273,1.175589,9.77343,-0.061876,0.070896,-0.13851,-4.74,-10.5,-36.6,142.5768,-6.3654,0.3548,55.81401,37.500374,202.8514,0,621
-0.249005,1.192349,9.826104,-0.076537,0.056235,-0.102469,-4.98,-10.32,-37.98,137.2831,-6.3331,0.469,55.81401,37.500374,202.8514,0,631
-0.249005,1.192349,9.826104,-0.083257,0.043407,-0.066428,-4.98,-10.32,-37.98,137.2831,-6.3331,0.469,55.81401,37.500374,202.8514,0,640
-0.179571,1.290514,9.93624,-0.089976,0.030579,-0.033441,-5.22,-10.86,-38.4,137.2831,-6.3331,0.469,55.81401,37.500374,202.8514,0,650
-0.117319,1.379102,10.008069,-0.100361,0.049516,-0.009617,-5.22,-10.86,-38.4,137.2831,-6.3331,0.469,55.81401,37.500374,202.8514,0,661
-0.112531,1.309668,9.933846,-0.116854,0.077615,-0.004731,-4.68,-10.8,-38.28,141.6417,-6.1809,0.6366,55.81401,37.500374,202.8514,0,671
-0.196331,1.139675,9.814133,-0.123574,0.104493,-0.016948,-4.68,-10.8,-38.28,141.6417,-6.1809,0.6366,55.81401,37.500374,202.8514,0,681
-0.196331,1.139675,9.814133,-0.12113,0.103883,-0.033441,-4.5,-10.5,-38.64,141.6417,-6.1809,0.6366,55.81401,37.500374,202.8514,0,690
-0.141262,1.036721,9.775824,-0.097917,0.086167,-0.079256,-4.5,-10.5,-38.64,141.6417,-6.1809,0.6366,55.81401,37.500374,202.8514,0,701
-0.112531,1.137281,9.830893,-0.097917,0.086167,-0.079256,-5.04,-10.68,-39,141.3613,-5.9541,0.7613,55.81401,37.500374,202.8514,0,711
-0.129291,1.084607,9.828498,-0.040496,0.083724,-0.160501,-5.46,-10.38,-39,141.3613,-5.9541,0.7613,55.81401,37.500374,202.8514,0,721
-0.505192,0.845179,9.744699,0.028532,0.053792,-0.219755,-5.46,-10.38,-39,141.3613,-5.9541,0.7613,55.81401,37.500374,202.8514,0,731
-0.505192,0.845179,9.744699,0.078012,0.077004,-0.200207,-5.04,-9.84,-38.82,141.3613,-5.9541,0.7613,55.81401,37.500374,202.8514,0,740
-0.421392,1.182772,9.395134,0.08412,0.091054,-0.180049,-5.04,-9.84,-38.82,141.3613,-5.9541,0.7613,55.81401,37.500374,202.8514,0,751
-0.138868,1.589799,9.170073,0.056021,0.105715,-0.198375,-4.44,-10.92,-38.88,146.2307,-5.7584,1.0397,55.81401,37.500374,202.8514,0,762
-0.045491,1.711906,9.067119,0.036473,0.096552,-0.20937,-4.02,-11.04,-38.58,146.2307,-5.7584,1.0397,55.81401,37.500374,202.8514,0,771
-0.045491,1.711906,9.067119,0.036473,0.096552,-0.20937,-4.02,-11.04,-38.58,146.2307,-5.7584,1.0397,55.81401,37.500374,202.8514,0,781
-0.131685,1.644867,9.043176,0.016925,0.061733,-0.192266,-4.2,-10.86,-38.28,146.2307,-5.7584,1.0397,55.81401,37.500374,202.8514,0,791
-0.21309,1.642473,9.148524,-0.005677,0.001257,-0.158669,-4.2,-10.86,-38.28,146.2307,-5.7584,1.0397,55.81401,37.500374,202.8514,0,800
-0.186753,1.719089,9.162889,-0.036831,-0.048834,-0.12446,-4.38,-10.5,-38.34,140.8864,-5.9345,1.3613,55.81401,37.500374,202.8514,0,811
-0.162811,1.802889,9.256267,-0.061876,-0.081821,-0.101247,-4.2,-10.68,-37.8,140.8864,-5.9345,1.3613,55.81401,37.500374,202.8514,0,821
-0.162811,1.802889,9.256267,-0.096696,-0.111753,-0.062763,-4.2,-10.68,-37.8,140.8864,-5.9345,1.3613,55.81401,37.500374,202.8514,0,831
-0.198725,1.790918,9.239507,-0.118687,-0.150237,-0.024278,-5.16,-10.98,-37.68,140.8864,-5.9345,1.3613,55.81401,37.500374,202.8514,0,841
-0.220273,1.855563,9.191621,-0.138845,-0.171007,-0.002898,-5.04,-10.68,-37.38,140.94,-5.8389,1.2965,55.81401,37.500374,202.8514,0,850
-0.150839,1.963305,9.160496,-0.190158,-0.164287,0.013595,-5.04,-10.68,-37.38,140.94,-5.8389,1.2965,55.81401,37.500374,202.8514,0,860
-0.074223,2.104568,9.167678,-0.229864,-0.154513,0.00993,-4.5,-10.38,-37.02,140.94,-5.8389,1.2965,55.81401,37.500374,202.8514,0,871
-0.074223,2.104568,9.167678,-0.229864,-0.154513,0.00993,-4.5,-10.38,-37.02,140.94,-5.8389,1.2965,55.81401,37.500374,202.8514,0,881
-0.038308,2.133299,9.249084,-0.257964,-0.14474,-0.001065,-4.26,-10.38,-37.32,143.5837,-5.6302,1.0375,55.81401,37.500374,202.8514,0,891
0.014366,2.176396,9.646533,-0.256742,-0.109309,-0.023667,-4.26,-10.38,-37.32,143.5837,-5.6302,1.0375,55.81401,37.500374,202.8514,0,901
0.014366,2.176396,9.646533,-0.221923,-0.062273,-0.054211,-4.56,-9.78,-37.56,143.5837,-5.6302,1.0375,55.81401,37.500374,202.8514,0,914
0.081405,2.233858,9.960183,-0.191991,-0.03173,-0.062152,-4.62,-9.96,-37.32,140.7086,-5.1044,0.7147,55.81401,37.500374,202.8514,0,920
0.081405,2.233858,9.960183,-0.116243,0.013474,-0.0817,-4.62,-9.96,-37.32,140.7086,-5.1044,0.7147,55.81401,37.500374,202.8514,0,931
0.201119,2.226676,9.883567,-0.083868,0.04585,-0.08903,-4.8,-9.72,-37.86,140.7086,-5.1044,0.7147,55.81401,37.500374,202.8514,0,941
0.198725,2.291321,9.675264,-0.074094,0.083724,-0.104302,-4.8,-9.72,-37.86,140.7086,-5.1044,0.7147,55.81401,37.500374,202.8514,0,951
0.076617,2.22907,9.323306,-0.074094,0.083724,-0.104302,-4.68,-9.54,-37.98,141.2637,-4.8044,0.6711,55.81401,37.500374,202.8514,0,961
0.076617,2.22907,9.323306,-0.093031,0.084946,-0.112243,-4.62,-9.54,-38.04,141.2637,-4.8044,0.6711,55.81401,37.500374,202.8514,0,971
0.028731,2.185973,9.284998,-0.100972,0.078837,-0.125682,-4.62,-9.54,-38.04,141.2637,-4.8044,0.6711,55.81401,37.500374,202.8514,0,980
-0.057463,2.051894,9.39274,-0.094863,0.064176,-0.129347,-4.8,-10.08,-37.56,141.2637,-4.8044,0.6711,55.81401,37.500374,202.8514,0,991
-0.093377,2.020768,9.543579,-0.070428,0.047072,-0.118962,-4.8,-10.08,-37.56,141.2637,-4.8044,0.6711,55.81401,37.500374,202.8514,0,1001
-0.093377,2.020768,9.543579,-0.047826,0.0318,-0.101247,-4.32,-10.14,-38.04,146.4977,-4.5906,0.8881,55.81401,37.500374,202.8514,0,1011
-0.004789,2.030345,9.586677,-0.030111,0.026914,-0.093917,-4.02,-10.02,-38.22,146.4977,-4.5906,0.8881,55.81401,37.500374,202.8514,0,1021
-0.004789,2.030345,9.586677,-0.030111,0.026914,-0.093917,-4.02,-10.02,-38.22,146.4977,-4.5906,0.8881,55.81401,37.500374,202.8514,0,1030
0.131685,2.071048,9.481328,-0.026446,0.015307,-0.09636,-4.26,-10.14,-37.74,146.4977,-4.5906,0.8881,55.81401,37.500374,202.8514,0,1041
0.172388,2.025557,9.313729,-0.04355,-0.003019,-0.099415,-4.26,-10.14,-37.74,146.4977,-4.5906,0.8881,55.81401,37.500374,202.8514,0,1052
0.208302,2.102173,9.342461,-0.069207,-0.014014,-0.102469,-3.54,-10.02,-37.56,146.2931,-4.4499,1.0386,55.81401,37.500374,202.8514,0,1061
0.239427,2.140482,9.474146,-0.093641,-0.03234,-0.113465,-3.48,-9.84,-37.86,146.2931,-4.4499,1.0386,55.81401,37.500374,202.8514,0,1071
0.239427,2.140482,9.474146,-0.089976,-0.04639,-0.13118,-3.48,-9.84,-37.86,146.2931,-4.4499,1.0386,55.81401,37.500374,202.8514,0,1081
0.22985,2.133299,9.70639,-0.060044,-0.045169,-0.140953,-3.36,-9.54,-38.28,146.2931,-4.4499,1.0386,55.81401,37.500374,202.8514,0,1090
0.265765,2.171607,9.929058,-0.028279,-0.021956,-0.137288,-3.36,-9.54,-38.28,146.2931,-4.4499,1.0386,55.81401,37.500374,202.8514,0,1101
0.184359,2.214704,10.075109,-0.011175,0.008588,-0.126293,-3.3,-8.94,-38.28,149.1107,-4.2959,1.0091,55.81401,37.500374,202.8514,0,1110
0.076617,2.286533,9.993703,0.01326,0.059289,-0.102469,-3,-8.88,-38.1,149.1107,-4.2959,1.0091,55.81401,37.500374,202.8514,0,1121
0.076617,2.286533,9.993703,0.026699,0.124041,-0.056043,-3,-8.88,-38.1,149.1107,-4.2959,1.0091,55.81401,37.500374,202.8514,0,1130
0.071828,2.396669,9.950606,0.021201,0.142978,-0.03283,-3.96,-9.3,-37.98,149.1107,-4.2959,1.0091,55.81401,37.500374,202.8514,0,1140
0.093377,2.597788,9.804555,0.021201,0.142978,-0.03283,-3.96,-9.3,-37.98,149.1107,-4.2959,1.0091,55.81401,37.500374,202.8514,0,1151
0.126897,2.657645,9.859624,0.010817,0.133815,-0.026111,-4.68,-9.42,-38.04,137.0979,-4.2845,1.0707,55.81401,37.500374,202.8514,0,1160
0.205908,2.664828,9.917087,-0.005677,0.098385,-0.032219,-4.44,-9.06,-38.04,137.0979,-4.2845,1.0707,55.81401,37.500374,202.8514,0,1171
0.205908,2.664828,9.917087,-0.012396,0.053181,-0.075591,-4.44,-9.06,-38.04,137.0979,-4.2845,1.0707,55.81401,37.500374,202.8514,0,1180
0.28013,2.593,10.067925,-0.013618,0.04585,-0.089641,-3.54,-9.24,-38.1,141.4912,-4.3377,1.298,55.81401,37.500374,202.8514,0,1191
0.28013,2.593,10.067925,-0.013618,0.04585,-0.089641,-3.54,-9.24,-38.1,141.4912,-4.3377,1.298,55.81401,37.500374,202.8514,0,1200
0.323227,2.377515,10.635368,0.002264,0.009809,-0.151949,-3,-10.02,-38.04,141.4912,-4.3377,1.298,55.81401,37.500374,202.8514,0,1211
0.332804,2.391881,10.889162,0.06274,-0.004241,-0.209981,-3,-10.02,-38.04,141.4912,-4.3377,1.298,55.81401,37.500374,202.8514,0,1220
0.332804,2.391881,10.889162,0.109777,0.044629,-0.247244,-3.24,-10.38,-37.74,141.4912,-4.3377,1.298,55.81401,37.500374,202.8514,0,1231
0.208302,2.269773,11.097464,0.119551,0.08067,-0.25885,-3.36,-10.38,-37.68,150.715,-4.4096,1.4444,55.81401,37.500374,202.8514,0,1240
0.208302,2.269773,11.097464,0.119551,0.08067,-0.25885,-3.36,-10.38,-37.68,150.715,-4.4096,1.4444,55.81401,37.500374,202.8514,0,1252
0.177176,2.202733,11.279428,0.116496,0.182684,-0.261294,-2.7,-10.14,-37.8,150.715,-4.4096,1.4444,55.814014,37.50037,202.2792,0,1262
-0.114925,2.420612,11.681666,0.125659,0.248047,-0.238081,-2.7,-10.14,-37.8,150.715,-4.4096,1.4444,55.814014,37.50037,202.2792,0,1271
-0.114925,2.420612,11.681666,0.145207,0.258431,-0.20937,-2.52,-10.08,-37.68,149.4734,-4.622,1.6254,55.814014,37.50037,202.2792,0,1281
-0.399844,2.66004,11.485336,0.164755,0.196123,-0.180049,-2.52,-10.26,-37.5,149.4734,-4.622,1.6254,55.814014,37.50037,202.2792,0,1291
-0.399844,2.66004,11.485336,0.144596,0.122208,-0.104302,-2.52,-10.26,-37.5,149.4734,-4.622,1.6254,55.814014,37.50037,202.2792,0,1301
-0.917007,2.200339,10.836488,0.012649,0.051959,-0.002898,-2.7,-10.14,-37.08,149.4734,-4.622,1.6254,55.814014,37.50037,202.2792,0,1310
-0.833208,1.989642,10.453403,-0.120519,0.042796,0.03803,-2.7,-10.14,-37.08,149.4734,-4.622,1.6254,55.814014,37.50037,202.2792,0,1321
-0.565049,1.750215,11.001693,-0.324548,0.080059,0.043528,-2.7,-10.5,-37.08,146.3201,-5.0431,2.2956,55.814014,37.50037,202.2792,0,1330
-0.66082,1.419805,11.727158,-0.3893,0.098996,0.011152,-2.58,-10.5,-37.5,146.3201,-5.0431,2.2956,55.814014,37.50037,202.2792,0,1341
-0.66082,1.419805,11.727158,-0.357535,0.050126,-0.093306,-2.58,-10.5,-37.5,146.3201,-5.0431,2.2956,55.814014,37.50037,202.2792,0,1351
-0.782928,0.92419,12.340093,-0.174276,-0.026843,-0.161723,-2.16,-10.8,-37.56,146.3201,-5.0431,2.2956,55.814014,37.50037,202.2792,0,1361
-0.751802,0.430969,13.017673,0.043192,-0.13802,-0.211203,-2.16,-10.8,-37.56,146.3201,-5.0431,2.2956,55.814014,37.50037,202.2792,0,1371
-0.751802,0.430969,13.017673,0.374281,-0.238813,-0.133012,-2.4,-10.98,-37.5,155.9563,-4.4795,2.4931,55.814014,37.50037,202.2792,0,1381
-1.132492,0.368718,13.19006,0.547156,-0.280352,0.053302,-2.34,-10.68,-36.9,155.9563,-4.4795,2.4931,55.814014,37.50037,202.2792,0,1391
-1.55149,0.452518,11.389565,0.589306,-0.327999,0.286652,-2.34,-10.68,-36.9,155.9563,-4.4795,2.4931,55.814014,37.50037,202.2792,0,1401
-1.55149,0.452518,11.389565,0.589306,-0.327999,0.286652,-2.76,-10.98,-37.14,155.9563,-4.4795,2.4931,55.814014,37.50037,202.2792,0,1410
-1.012778,1.192349,10.041589,0.473852,-0.330443,0.497401,-2.76,-10.98,-37.14,155.9563,-4.4795,2.4931,55.814014,37.50037,202.2792,0,1421
-1.039115,0.814053,9.289786,0.327856,-0.320058,0.531609,-2.52,-11.4,-37.5,150.8493,-5.0429,2.0224,55.814014,37.50037,202.2792,0,1430
-1.039115,0.751802,9.191621,0.19713,-0.30723,0.51817,-2.52,-11.4,-37.5,150.8493,-5.0429,2.0224,55.814014,37.50037,202.2792,0,1441
-0.87391,0.878699,9.304152,0.100614,-0.273632,0.438758,-2.52,-11.46,-36.42,150.8493,-5.0429,2.0224,55.814014,37.50037,202.2792,0,1451
-0.87391,0.878699,9.304152,0.087175,-0.2437,0.364232,-2.52,-11.46,-36.42,150.8493,-5.0429,2.0224,55.814014,37.50037,202.2792,0,1460
-0.684763,0.861939,9.268238,0.126881,-0.189944,0.20052,-2.7,-11.1,-36.48,152.5444,-5.968,1.1843,55.814014,37.50037,202.2792,0,1471
-0.493221,0.648849,9.067119,0.213013,-0.09526,0.04536,-2.7,-11.1,-36.48,152.5444,-5.968,1.1843,55.814014,37.50037,202.2792,0,1481
-0.241822,0.713494,8.710372,0.263104,0.026303,-0.059098,-2.82,-11.28,-37.08,152.5444,-5.968,1.1843,55.814014,37.50037,202.2792,0,1491
-0.119714,0.854756,8.360808,0.267991,0.140534,-0.133012,-2.82,-11.28,-37.08,152.5444,-5.968,1.1843,55.814014,37.50037,202.2792,0,1501
-0.119714,0.854756,8.360808,0.267991,0.140534,-0.133012,-3.42,-11.7,-36.78,156.6193,-6.2525,0.6456,55.814014,37.50037,202.2792,0,1511
-0.10056,0.914613,7.951387,0.230728,0.26454,-0.169664,-3.42,-11.7,-36.78,156.6193,-6.2525,0.6456,55.814014,37.50037,202.2792,0,1520
-0.0838,1.017567,7.790971,0.194076,0.301192,-0.163556,-3.6,-12,-36.18,156.6193,-6.2525,0.6456,55.814014,37.50037,202.2792,0,1531
-0.272947,0.943344,7.534783,0.167198,0.308522,-0.115297,-4.02,-12.18,-36.42,156.6193,-6.2525,0.6456,55.814014,37.50037,202.2792,0,1540
-0.395055,1.017567,7.388732,0.103057,0.235219,0.027645,-4.02,-12.18,-36.42,156.6193,-6.2525,0.6456,55.814014,37.50037,202.2792,0,1551
-0.395055,1.017567,7.388732,0.035251,0.197956,0.084456,-3.54,-11.7,-37.02,147.5902,-6.9248,1.1431,55.814014,37.50037,202.2792,0,1560
-0.126897,1.759792,7.429435,-0.016061,0.185128,0.078958,-3.66,-11.7,-37.2,147.5902,-6.9248,1.1431,55.814014,37.50037,202.2792,0,1571
-0.718282,1.417411,7.570697,-0.065542,0.108159,0.061243,-3.66,-11.7,-37.2,147.5902,-6.9248,1.1431,55.814014,37.50037,202.2792,0,1581
-0.718282,1.417411,7.570697,-0.052103,0.028135,0.075293,-3.42,-11.7,-36.48,147.5902,-6.9248,1.1431,55.814014,37.50037,202.2792,0,1591
-0.921796,1.539519,8.011244,-0.013618,-0.022567,0.079569,-3.42,-11.7,-36.48,147.5902,-6.9248,1.1431,55.814014,37.50037,202.2792,0,1601
-0.790111,1.587404,8.195603,-0.013618,-0.022567,0.079569,-2.58,-11.76,-36,151.1237,-7.0978,1.7876,55.814014,37.50037,202.2792,0,1611
-0.651243,1.592193,8.315316,0.054799,-0.10259,0.072849,-2.58,-11.76,-36,151.1237,-7.0978,1.7876,55.814014,37.50037,202.2792,0,1621
-0.651243,1.592193,8.315316,0.103668,-0.13069,0.071628,-1.74,-11.4,-36.12,151.1237,-7.0978,1.7876,55.814014,37.50037,202.2792,0,1630
-0.615329,1.587404,8.516436,0.12627,-0.094038,0.103393,-1.74,-11.4,-36.12,151.1237,-7.0978,1.7876,55.814014,37.50037,202.2792,0,1640
-0.730254,1.611347,8.827691,0.116496,-0.000575,0.144321,-2.7,-11.7,-36,151.3319,-7.0856,1.7377,55.814014,37.50037,202.2792,0,1651
-0.756591,1.726272,9.12937,0.116496,-0.000575,0.144321,-2.7,-11.7,-36,151.3319,-7.0856,1.7377,55.814014,37.50037,202.2792,0,1660
-0.756591,1.726272,9.12937,0.116496,0.121598,0.174864,-3.48,-12.36,-35.94,151.3319,-7.0856,1.7377,55.814014,37.50037,202.2792,0,1671
-0.816448,2.020768,9.313729,0.137266,0.185128,0.182194,-3.48,-12.36,-35.94,151.3319,-7.0856,1.7377,55.814014,37.50037,202.2792,0,1681
-0.72786,2.157242,9.347249,0.158035,0.180241,0.160203,-3,-12,-35.88,151.3574,-7.3729,1.5672,55.814014,37.50037,202.2792,0,1691
-0.591386,2.250618,9.596253,0.169642,0.150919,0.083234,-3,-12,-35.88,151.3574,-7.3729,1.5672,55.814014,37.50037,202.2792,0,1702
-0.591386,2.250618,9.596253,0.169642,0.150919,0.083234,-3.06,-11.46,-34.86,151.3574,-7.3729,1.5672,55.814014,37.50037,202.2792,0,1711
-0.421392,2.490046,9.854836,0.222787,0.026914,-0.049324,-3.06,-11.46,-34.86,151.3574,-7.3729,1.5672,55.814014,37.50037,202.2792,0,1720
-0.421392,2.490046,9.854836,0.282041,-0.076323,-0.139732,-3.48,-12.18,-34.92,149.9727,-7.7228,1.9081,55.814014,37.50037,202.2792,0,1731
-0.284919,2.353572,10.067925,0.319914,-0.167952,-0.205705,-2.94,-12.54,-35.16,149.9727,-7.7228,1.9081,55.814014,37.50037,202.2792,0,1740
-0.217879,2.138088,10.101445,0.287539,-0.227817,-0.233805,-2.94,-12.54,-35.16,149.9727,-7.7228,1.9081,55.814014,37.50037,202.2792,0,1751
-0.217879,2.138088,10.101445,0.211791,-0.258361,-0.242968,-3.06,-12.42,-35.04,149.9727,-7.7228,1.9081,55.814014,37.50037,202.2792,0,1761
-0.222668,1.757398,10.386364,0.140931,-0.267524,-0.238692,-3.06,-12.42,-35.04,149.9727,-7.7228,1.9081,55.814014,37.50037,202.2792,0,1771
-0.287313,1.541913,11.035213,0.125048,-0.254085,-0.220977,-3.66,-12.36,-35.16,142.8819,-8.4832,1.7887,55.814014,37.50037,202.2792,0,1781
-0.225062,1.553884,11.712792,0.163533,-0.202161,-0.186768,-3.9,-12.48,-35.46,142.8819,-8.4832,1.7887,55.814014,37.50037,202.2792,0,1791
-0.225062,1.553884,11.712792,0.163533,-0.202161,-0.186768,-3.9,-12.48,-35.46,142.8819,-8.4832,1.7887,55.814014,37.50037,202.2792,0,1801
-0.191542,1.896266,12.033626,0.192244,-0.134966,-0.150727,-3.72,-12.66,-36,142.8819,-8.4832,1.7887,55.814014,37.50037,202.2792,0,1810
0,2.463709,11.545193,0.154981,-0.11664,-0.129958,-3.72,-12.66,-36,142.8819,-8.4832,1.7887,55.814014,37.50037,202.2792,0,1821
0,2.463709,11.545193,-0.033777,-0.273021,-0.174551,-3.6,-12.72,-35.7,146.7537,-8.9611,1.1973,55.814014,37.50037,202.2792,0,1830
0.67758,1.539519,10.738322,-0.21948,-0.290126,-0.257629,-3.6,-12.72,-35.7,146.7537,-8.9611,1.1973,55.814014,37.50037,202.2792,0,1841
0.574626,0.821236,11.526039,-0.21948,-0.290126,-0.257629,-3.06,-13.32,-34.56,146.7537,-8.9611,1.1973,55.814014,37.50037,202.2792,0,1851
0.574626,0.821236,11.526039,-0.331268,-0.155735,-0.35048,-3.06,-13.32,-34.56,146.7537,-8.9611,1.1973,55.814014,37.50037,202.2792,0,1861
0.052674,0.435758,12.42868,-0.319661,0.00309,-0.384689,-3.42,-12.9,-34.56,154.03,-9.1949,0.8689,55.814014,37.50037,202.2792,0,1872
0.052674,0.435758,12.42868,-0.319661,0.00309,-0.384689,-3.42,-12.9,-34.56,154.03,-9.1949,0.8689,55.814014,37.50037,202.2792,0,1881
0.086194,0.837996,12.471778,0.08412,0.491171,-0.3572,-3.66,-12.06,-34.32,154.03,-9.1949,0.8689,55.814014,37.50037,202.2792,0,1891
0.086194,0.837996,12.471778,0.08412,0.491171,-0.3572,-3.66,-12.06,-34.32,154.03,-9.1949,0.8689,55.814014,37.50037,202.2792,0,1900
0.086194,0.837996,12.471778,0.08412,0.491171,-0.3572,-3.66,-12.06,-34.32,154.03,-9.1949,0.8689,55.814014,37.50037,202.2792,0,1911
1.000807,1.958517,10.56354,0.36634,0.646942,-0.458603,-3.36,-12.12,-34.68,150.8299,-8.7033,1.0984,55.814014,37.50037,202.2792,0,1921
1.000807,1.958517,10.56354,-0.159615,0.202232,-0.486092,-3.36,-12.12,-34.68,150.8299,-8.7033,1.0984,55.814014,37.50037,202.2792,0,1930
0.122108,0.94095,9.311335,-0.159615,0.202232,-0.486092,-3.42,-12.42,-35.16,150.8299,-8.7033,1.0984,55.814014,37.50037,202.2792,0,1941
0.122108,0.94095,9.311335,-0.337987,0.107548,-0.450662,-3.42,-12.42,-35.16,150.8299,-8.7033,1.0984,55.814014,37.50037,202.2792,0,1950
-0.057463,0.390267,10.043983,-0.367309,0.070285,-0.40668,-2.58,-12.54,-34.86,150.8299,-8.7033,1.0984,55.814014,37.50037,202.2792,0,1961
-0.488432,0.356747,10.156514,-0.275068,-0.012793,-0.250909,-2.58,-12.54,-34.86,150.8299,-8.7033,1.0984,55.814014,37.50037,202.2792,0,1970
-0.488432,0.356747,10.156514,-0.193823,-0.068381,-0.153171,-2.82,-12.18,-35.28,143.2866,-8.9823,2.9334,55.814014,37.50037,202.2792,0,1981
-0.826025,0.787716,9.299363,-0.098528,-0.136798,0.011763,-3.06,-12.24,-35.58,143.2866,-8.9823,2.9334,55.814014,37.50037,202.2792,0,1991
-0.826025,0.787716,9.299363,-0.120519,-0.198496,0.152262,-3.06,-12.24,-35.58,143.2866,-8.9823,2.9334,55.814014,37.50037,202.2792,0,2001
-0.85715,1.132492,8.341654,-0.185271,-0.216211,0.216403,-3.36,-12.06,-35.46,143.2866,-8.9823,2.9334,55.814014,37.50037,202.2792,0,2011
-0.85715,1.132492,8.341654,-0.185271,-0.216211,0.216403,-3.36,-12.06,-35.46,143.2866,-8.9823,2.9334,55.814014,37.50037,202.2792,0,2021
-0.969681,1.450931,8.118986,-0.227421,-0.202161,0.237172,-3.24,-11.94,-34.68,145.4114,-8.3405,2.7984,55.814014,37.50037,202.2792,0,2031
-0.811659,1.280937,8.083072,-0.256132,-0.16612,0.215181,-3.06,-12,-34.62,145.4114,-8.3405,2.7984,55.814014,37.50037,202.2792,0,2041
-0.811659,1.280937,8.083072,-0.187715,-0.162455,0.119886,-3.06,-12,-34.62,145.4114,-8.3405,2.7984,55.814014,37.50037,202.2792,0,2050
-0.385478,1.426988,8.528407,-0.059433,-0.16612,0.036197,-2.88,-11.46,-34.32,145.4114,-8.3405,2.7984,55.814014,37.50037,202.2792,0,2061
-0.177176,1.505999,8.662486,0.066405,-0.167342,-0.021224,-2.88,-11.46,-34.32,145.4114,-8.3405,2.7984,55.814014,37.50037,202.2792,0,2070
-0.177176,1.505999,8.662486,0.327245,-0.123359,-0.127514,-3.18,-11.4,-34.92,145.1073,-7.7323,2.1826,55.814014,37.50037,202.2792,0,2081
0.110137,1.83162,8.188421,0.327245,-0.123359,-0.127514,-3.18,-11.4,-34.92,145.1073,-7.7323,2.1826,55.814014,37.50037,202.2792,0,2090
0.251399,2.17879,7.300144,0.461024,-0.06716,-0.176995,-2.94,-10.62,-35.88,145.1073,-7.7323,2.1826,55.814014,37.50037,202.2792,0,2101
0.141262,2.236253,6.739884,0.51478,-0.009128,-0.211203,-2.88,-10.74,-35.94,145.1073,-7.7323,2.1826,55.814014,37.50037,202.2792,0,2110
0.148445,2.315264,6.663267,0.412766,0.170467,-0.187379,-2.88,-10.74,-35.94,145.1073,-7.7323,2.1826,55.814014,37.50037,202.2792,0,2121
0.148445,2.315264,6.663267,0.412766,0.170467,-0.187379,-3.12,-11.1,-35.76,144.1605,-8.2272,1.8399,55.814014,37.50037,202.2792,0,2130
0.249005,2.420612,6.960157,0.2179,0.357392,-0.129958,-3.3,-11.34,-35.64,144.1605,-8.2272,1.8399,55.814014,37.50037,202.2792,0,2142
0.249005,2.420612,6.960157,0.073736,0.475289,-0.055432,-3.3,-11.34,-35.64,144.1605,-8.2272,1.8399,55.814014,37.50037,202.2792,0,2151
0.282524,2.363149,7.843644,0.018758,0.508275,-0.005341,-3.66,-11.64,-35.28,144.1605,-8.2272,1.8399,55.814014,37.50037,202.2792,0,2161
0.227456,2.27935,8.813326,0.004708,0.505832,0.033754,-3.66,-11.64,-35.28,144.1605,-8.2272,1.8399,55.814014,37.50037,202.2792,0,2171
0.227456,2.27935,8.813326,0.045636,0.477121,0.033143,-3.06,-11.76,-34.5,144.9469,-9.119,2.6205,55.814014,37.50037,202.2792,0,2181
-0.076617,2.140482,9.462174,0.108555,0.417867,0.016039,-3.06,-11.76,-34.5,144.9469,-9.119,2.6205,55.814014,37.50037,202.2792,0,2191
-0.447729,1.992037,9.720756,0.176361,0.268205,0.025813,-2.64,-11.7,-35.04,144.9469,-9.119,2.6205,55.814014,37.50037,202.2792,0,2201
-0.471672,2.023162,10.247497,0.181248,0.188793,0.042306,-2.64,-11.7,-35.04,144.9469,-9.119,2.6205,55.814014,37.50037,202.2792,0,2210
-0.471672,2.023162,10.247497,0.181248,0.188793,0.042306,-2.4,-11.76,-35.7,144.6892,-9.2364,3.7016,55.814014,37.50037,202.2792,0,2221
-0.505192,2.061471,10.422278,0.169031,0.133204,0.061243,-2.58,-11.64,-35.52,144.6892,-9.2364,3.7016,55.814014,37.50037,202.2792,0,2230
-0.591386,2.044711,10.628186,0.110998,-0.015236,0.085678,-2.58,-11.64,-35.52,144.6892,-9.2364,3.7016,55.814014,37.50037,202.2792,0,2241
-0.591386,2.044711,10.628186,0.048079,-0.103201,0.10828,-2.1,-11.58,-35.1,144.6892,-9.2364,3.7016,55.814014,37.50037,202.2792,0,2251
-0.423787,2.054288,11.102252,0.021201,-0.134966,0.110723,-2.46,-11.52,-34.92,142.9148,-9.7096,4.1187,55.814014,37.50037,202.2792,0,2261
0.426181,2.557086,11.435057,-0.036831,-0.13069,0.0307,-2.46,-11.52,-34.92,142.9148,-9.7096,4.1187,55.814014,37.50037,202.2792,0,2272
0.426181,2.557086,11.435057,-0.061266,-0.067771,-0.079256,-1.8,-10.98,-35.22,142.9148,-9.7096,4.1187,55.814014,37.50037,202.2792,0,2280
0.423787,3.050306,11.511673,-0.070428,-0.01768,-0.176384,-1.74,-11.16,-35.1,142.9148,-9.7096,4.1187,55.814014,37.50037,202.2792,0,2291
0.423787,3.050306,11.511673,-0.164502,-0.061662,-0.164166,-1.74,-11.16,-35.1,142.9148,-9.7096,4.1187,55.814014,37.50037,202.2792,0,2301
-0.438152,1.857957,10.972961,-0.326992,-0.167952,-0.026111,-1.98,-10.86,-34.98,139.0012,-9.7159,3.8097,55.814014,37.50037,202.2792,0,2310
-0.438152,1.857957,10.972961,-0.326992,-0.167952,-0.026111,-1.98,-10.86,-34.98,139.0012,-9.7159,3.8097,55.814014,37.50037,202.2792,0,2321
-0.507586,0.076617,12.550789,-0.498034,-0.144129,0.098506,-2.7,-10.8,-34.68,139.0012,-9.7159,3.8097,55.814014,37.50037,202.2792,0,2330
-0.794899,-0.191542,14.451842,-0.496202,0.026914,0.169977,-2.7,-10.8,-34.68,139.0012,-9.7159,3.8097,55.814014,37.50037,202.2792,0,2341
-1.3384,0.574626,14.44466,-0.174886,0.10205,0.144931,-2.7,-10.38,-34.92,129.3569,-9.2592,3.6447,55.814014,37.50037,202.2792,0,2351
-1.3384,0.574626,14.44466,0.311362,0.082502,0.098506,-2.7,-10.38,-34.92,129.3569,-9.2592,3.6447,55.814014,37.50037,202.2792,0,2361
-1.826832,1.407834,12.399949,0.696207,-0.013404,0.057578,-2.52,-10.26,-34.86,129.3569,-9.2592,3.6447,55.814014,37.50037,202.2792,0,2371
-2.106962,1.453325,10.273833,0.793335,-0.106255,0.079569,-2.52,-10.26,-34.86,129.3569,-9.2592,3.6447,55.814014,37.50037,202.2792,0,2381
-2.403852,1.319246,8.875577,0.66261,-0.182002,0.143099,-3.12,-9.9,-35.1,131.5726,-8.6885,3.6609,55.814014,37.50037,202.2792,0,2391
-2.403852,1.319246,8.875577,0.100003,-0.2156,0.314141,-3.12,-9.9,-35.1,131.5726,-8.6885,3.6609,55.814014,37.50037,202.2792,0,2401
-2.456526,1.010384,8.379962,0.100003,-0.2156,0.314141,-3.24,-9.96,-35.46,131.5726,-8.6885,3.6609,55.814014,37.50037,202.2792,0,2411
-1.977671,0.634483,9.454991,-0.295838,-0.163676,0.43326,-3.24,-9.96,-35.46,131.5726,-8.6885,3.6609,55.814014,37.50037,202.2792,0,2421
-1.977671,0.634483,9.454991,-0.434504,-0.128246,0.49007,-2.94,-10.86,-35.16,132.8885,-10.1432,3.3938,55.814014,37.50037,202.2792,0,2431
-1.144463,0.567443,10.113417,-0.4174,-0.117251,0.479075,-2.94,-10.86,-35.16,132.8885,-10.1432,3.3938,55.814014,37.50037,202.2792,0,2441
-0.531529,0.852362,10.041589,-0.288507,-0.125803,0.381947,-2.88,-10.38,-35.1,132.8885,-10.1432,3.3938,55.814014,37.50037,202.2792,0,2451
-0.155628,1.185166,9.378374,-0.109524,-0.142907,0.218235,-2.64,-9.96,-35.88,132.8885,-10.1432,3.3938,55.814014,37.50037,202.2792,0,2460
0.356747,1.510787,8.504464,0.124438,-0.169785,-0.040772,-2.64,-9.96,-35.88,132.8885,-10.1432,3.3938,55.814014,37.50037,202.2792,0,2471
0.356747,1.510787,8.504464,0.162922,-0.152681,-0.19532,-3.96,-9.6,-36,125.16,-9.3702,2.7794,55.814014,37.50037,202.2792,0,2480
0.806871,1.666415,7.649708,0.14704,-0.114196,-0.254574,-3.96,-9.6,-36,125.16,-9.3702,2.7794,55.814014,37.50037,202.2792,0,2491
1.063058,1.556279,7.56112,0.108555,0.037909,-0.363919,-4.14,-9.06,-36,125.16,-9.3702,2.7794,55.814014,37.50037,202.2792,0,2500
1.063058,1.556279,7.56112,0.101225,0.111824,-0.372471,-4.14,-8.82,-35.7,125.16,-9.3702,2.7794,55.814014,37.50037,202.2792,0,2511
0.85715,1.50121,7.659285,0.13299,0.156417,-0.314439,-4.14,-8.82,-35.7,125.16,-9.3702,2.7794,55.814014,37.50037,202.2792,0,2520
0.555472,1.659233,7.769422,0.13299,0.156417,-0.314439,-4.02,-9.06,-36.06,117.7919,-9.568,2.4738,55.814014,37.50037,202.2792,0,2530
0.299284,1.819649,7.676045,0.170252,0.199788,-0.183103,-4.02,-9.06,-36.06,117.7919,-9.568,2.4738,55.814014,37.50037,202.2792,0,2541
-0.428575,1.647261,7.367184,0.1617,0.220558,-0.105523,-4.2,-9.24,-36.36,117.7919,-9.568,2.4738,55.814014,37.50037,202.2792,0,2551
-0.428575,1.647261,7.367184,0.149483,0.188793,-0.020002,-3.9,-8.88,-36.06,117.7919,-9.568,2.4738,55.814014,37.50037,202.2792,0,2560
-0.703917,1.778946,7.345635,0.149483,0.188793,-0.020002,-3.9,-8.88,-36.06,117.7919,-9.568,2.4738,55.814014,37.50037,202.2792,0,2571
-0.641666,1.845986,7.412675,0.193465,0.025692,0.060021,-3.9,-8.64,-36.54,112.9931,-9.933,3.0427,55.814014,37.50037,202.2792,0,2580
-0.584203,1.845986,7.565909,0.26738,-0.227206,0.084456,-3.84,-8.82,-36.42,112.9931,-9.933,3.0427,55.814014,37.50037,202.2792,0,2590
-0.584203,1.845986,7.565909,0.282652,-0.34999,0.111334,-3.84,-8.82,-36.42,112.9931,-9.933,3.0427,55.814014,37.50037,202.2792,0,2600
-0.457306,1.953728,7.340847,0.23195,-0.430014,0.109501,-4.5,-9.06,-35.88,112.9931,-9.933,3.0427,55.814014,37.50037,202.2792,0,2611
-0.36393,1.987248,7.450983,0.114053,-0.459946,0.056356,-4.5,-9.06,-35.88,112.9931,-9.933,3.0427,55.814014,37.50037,202.2792,0,2621
-0.36393,1.987248,7.450983,0.114053,-0.459946,0.056356,-4.68,-9.54,-35.76,115.8134,-10.559,2.8719,55.814014,37.50037,202.2792,0,2631
-0.186753,2.025557,8.526012,-0.009342,-0.372592,-0.060319,-4.68,-9.54,-35.76,115.8134,-10.559,2.8719,55.814014,37.50037,202.2792,0,2641
-0.05028,2.097385,9.682447,-0.017283,-0.254085,-0.170275,-5.04,-9.78,-36.18,115.8134,-10.559,2.8719,55.814014,37.50037,202.2792,0,2650
0.095771,2.008797,10.202005,0.036473,-0.181392,-0.246022,-5.04,-9.78,-36.18,115.8134,-10.559,2.8719,55.814014,37.50037,202.2792,0,2661
0.095771,2.008797,10.202005,0.126881,-0.163066,-0.322991,-5.22,-10.02,-36.66,114.8741,-10.8619,1.8924,55.814014,37.50037,202.2792,0,2670
0.045491,1.81486,10.422278,0.1617,-0.14535,-0.326657,-5.22,-10.02,-36.66,114.8741,-10.8619,1.8924,55.814014,37.50037,202.2792,0,2681
-0.174782,1.37192,10.59706,0.131157,-0.097703,-0.278398,-5.4,-10.32,-36.78,114.8741,-10.8619,1.8924,55.814014,37.50037,202.2792,0,2691
-0.447729,1.1708,10.771842,0.005319,0.013474,-0.180049,-5.4,-10.32,-36.78,114.8741,-10.8619,1.8924,55.814014,37.50037,202.2792,0,2701
-0.632089,1.115732,11.34168,-0.078981,0.103883,-0.113465,-5.28,-10.32,-36.3,116.3668,-11.0135,1.5726,55.814014,37.50037,202.2792,0,2711
-0.632089,1.115732,11.34168,-0.078981,0.103883,-0.113465,-5.28,-10.32,-36.3,116.3668,-11.0135,1.5726,55.814014,37.50037,202.2792,0,2720
-0.656031,1.343188,11.909122,-0.116243,0.168634,-0.080478,-5.28,-10.2,-36.48,116.3668,-11.0135,1.5726,55.814014,37.50037,202.2792,0,2731
-0.562655,2.669617,12.457412,-0.065542,0.205897,-0.070704,-5.28,-10.2,-36.48,116.3668,-11.0135,1.5726,55.814014,37.50037,202.2792,0,2741
-0.251399,2.978478,11.435057,-0.030722,0.103272,-0.142786,-5.46,-9.72,-36.48,115.9419,-11.0593,1.662,55.814014,37.50037,202.2792,0,2750
0.184359,1.575433,10.281016,-0.093031,-0.122138,-0.242357,-5.22,-9.72,-36.36,115.9419,-11.0593,1.662,55.814014,37.50037,202.2792,0,2761
0.184359,1.575433,10.281016,-0.397852,-0.323112,-0.42073,-5.22,-9.72,-36.36,115.9419,-11.0593,1.662,55.814014,37.50037,202.2792,0,2770
0.342381,0.562655,10.884374,-0.542627,-0.194831,-0.545346,-5.46,-9.96,-36.42,115.9419,-11.0593,1.662,55.814014,37.50037,202.2792,0,2781
0.454912,0.28013,13.134992,-0.501088,0.018972,-0.637587,-5.46,-9.96,-36.42,115.9419,-11.0593,1.662,55.814014,37.50037,202.2792,0,2790
0.830813,0.612934,13.13978,-0.226199,0.187571,-0.698063,-5.88,-9.72,-36.78,112.7039,-10.6998,1.7985,55.814014,37.50037,202.2792,0,2801
0.830813,0.612934,13.13978,0.021201,0.219336,-0.675461,-6.3,-9.3,-36.96,112.7039,-10.6998,1.7985,55.814014,37.50037,202.2792,0,2811
1.156435,0.64406,11.945037,0.021201,0.219336,-0.675461,-6.3,-9.3,-36.96,112.7039,-10.6998,1.7985,55.814014,37.50037,202.2792,0,2821
1.32164,0.773351,11.054367,0.134822,0.169245,-0.574668,-5.76,-8.64,-37.14,112.7039,-10.6998,1.7985,55.814014,37.50037,202.2792,0,2830
0.84039,0.782928,10.264256,-0.004455,0.098996,-0.461658,-5.76,-8.64,-37.14,112.7039,-10.6998,1.7985,55.814014,37.50037,202.2792,0,2841
0.84039,0.782928,10.264256,-0.229253,0.055013,-0.345593,-5.64,-8.4,-37.02,102.4332,-9.7881,2.2179,55.814014,37.50037,202.2792,0,2850
-0.043097,0.383084,10.213976,-0.444889,0.00309,-0.173329,-5.1,-8.82,-37.08,102.4332,-9.7881,2.2179,55.814014,37.50037,202.2792,0,2861
-0.043097,0.383084,10.213976,-0.444889,0.00309,-0.173329,-5.1,-8.82,-37.08,102.4332,-9.7881,2.2179,55.814014,37.50037,202.2792,0,2871
-0.356747,0.071828,11.051972,-0.614709,-0.026232,0.089343,-5.58,-9.24,-36.84,102.4332,-9.7881,2.2179,55.814014,37.50037,202.2792,0,2880
-0.708705,0.043097,11.2914,-0.510251,0.03852,0.29887,-5.64,-8.94,-37.02,112.1669,-9.0739,2.497,55.814014,37.50037,202.2792,0,2892
-0.708705,0.043097,11.2914,-0.510251,0.03852,0.29887,-5.64,-8.94,-37.02,112.1669,-9.0739,2.497,55.814014,37.50037,202.2792,0,2901
-0.885882,0.562655,10.237919,-0.206651,0.129539,0.424708,-5.88,-8.34,-37.56,112.1669,-9.0739,2.497,55.814014,37.50037,202.2792,0,2911
-0.507586,1.22108,8.925857,-0.022781,0.020194,0.378893,-5.88,-8.34,-37.56,112.1669,-9.0739,2.497,55.814014,37.50037,202.2792,0,2922
-0.507586,1.22108,8.925857,0.043192,-0.122138,0.295815,-5.52,-8.4,-37.98,112.1669,-9.0739,2.497,55.814014,37.50037,202.2792,0,2931
-0.33041,1.527547,8.2387,0.087786,-0.265691,0.182805,-5.52,-8.4,-37.98,112.1669,-9.0739,2.497,55.814014,37.50037,202.2792,0,2940
-0.292102,1.649655,7.87477,0.160479,-0.417796,0.005043,-5.34,-8.1,-38.34,111.4649,-8.0679,2.5308,55.814014,37.50037,202.2792,0,2951
-0.22985,1.692752,7.683228,0.25333,-0.481937,-0.175773,-5.34,-8.1,-38.34,111.4649,-8.0679,2.5308,55.814014,37.50037,202.2792,0,2960
-0.22985,1.692752,7.683228,0.344349,-0.466055,-0.287561,-5.52,-7.44,-38.1,111.4649,-8.0679,2.5308,55.814014,37.50037,202.2792,0,2971
-0.110137,1.675992,7.549149,0.439644,-0.390307,-0.360865,-5.7,-6.78,-38.28,111.4649,-8.0679,2.5308,55.814014,37.50037,202.2792,0,2980
0.196331,1.822043,7.149305,0.495844,-0.252863,-0.431725,-5.7,-6.78,-38.28,111.4649,-8.0679,2.5308,55.814014,37.50037,202.2792,0,2991
0.244216,1.795706,6.502851,0.492178,-0.098314,-0.467156,-6.72,-6.96,-38.16,99.6295,-8.4508,1.6347,55.814014,37.50037,202.2792,0,3000
0.162811,1.824437,6.227509,0.446974,0.074561,-0.453106,-6.78,-6.96,-38.04,99.6295,-8.4508,1.6347,55.814014,37.50037,202.2792,0,3010
0.162811,1.824437,6.227509,0.446974,0.074561,-0.453106,-6.78,-6.96,-38.04,99.6295,-8.4508,1.6347,55.814014,37.50037,202.2792,0,3021
0.234639,1.934574,6.270606,0.356566,0.234608,-0.39263,-6.66,-7.56,-38.1,99.6295,-8.4508,1.6347,55.814014,37.50037,202.2792,0,3030
0.155628,2.059076,6.780586,0.183691,0.394654,-0.278398,-6.66,-7.56,-38.1,99.6295,-8.4508,1.6347,55.814014,37.50037,202.2792,0,3041
0.153234,2.001614,7.266624,0.048079,0.472234,-0.172718,-6.3,-8.34,-38.88,100.9635,-9.7169,1.2463,55.814014,37.50037,202.2792,0,3051
0.095771,1.664021,8.035186,-0.065542,0.458795,-0.079867,-5.7,-8.4,-38.76,100.9635,-9.7169,1.2463,55.814014,37.50037,202.2792,0,3061
0.095771,1.664021,8.035186,-0.146787,0.388546,0.036197,-5.7,-8.4,-38.76,100.9635,-9.7169,1.2463,55.814014,37.50037,202.2792,0,3070
-0.177176,1.692752,9.177256,-0.117465,0.323183,0.107058,-6,-9.24,-38.16,100.9635,-9.7169,1.2463,55.814014,37.50037,202.2792,0,3081
-0.684763,1.740638,10.348056,-0.038053,0.233997,0.168144,-6,-9.24,-38.16,100.9635,-9.7169,1.2463,55.814014,37.50037,202.2792,0,3091
-0.684763,1.740638,10.348056,0.042582,0.150919,0.237783,-6.12,-9.3,-37.98,107.2856,-9.9136,2.4646,55.814014,37.50037,202.2792,0,3101
-0.905036,1.515576,10.690437,0.052966,0.117322,0.306811,-5.76,-9.06,-38.46,107.2856,-9.9136,2.4646,55.814014,37.50037,202.2792,0,3110
-0.905036,1.515576,10.690437,0.052966,0.117322,0.306811,-5.76,-9.06,-38.46,107.2856,-9.9136,2.4646,55.814014,37.50037,202.2792,0,3121
-1.180377,1.161223,10.726351,-0.016061,0.147254,0.350793,-4.98,-8.76,-39.06,107.2856,-9.9136,2.4646,55.814014,37.50037,202.2792,0,3130
-0.909824,1.22108,11.09507,-0.105859,0.197956,0.326969,-4.98,-8.76,-39.06,107.2856,-9.9136,2.4646,55.814014,37.50037,202.2792,0,3141
-0.210696,1.489239,11.549982,-0.115022,0.256599,0.189525,-5.76,-7.98,-39.18,98.8586,-9.8846,2.9684,55.814014,37.50037,202.2792,0,3150
0.366324,1.819649,11.961797,-0.075926,0.265151,0.065519,-6.18,-8.46,-39.36,98.8586,-9.8846,2.9684,55.814014,37.50037,202.2792,0,3161
0.366324,1.819649,11.961797,0.040138,0.290807,-0.219144,-6.18,-8.46,-39.36,98.8586,-9.8846,2.9684,55.814014,37.50037,202.2792,0,3171
0.260976,2.480469,11.971375,0.043803,0.213227,-0.307109,-6.3,-8.88,-38.82,98.8586,-9.8846,2.9684,55.814014,37.50037,202.2792,0,3181
-0.258582,2.071048,10.767054,-0.039885,0.012253,-0.28695,-6.3,-8.88,-38.82,98.8586,-9.8846,2.9684,55.814014,37.50037,202.2792,0,3191
-0.112531,0.009577,11.133378,-0.285453,-0.244922,-0.159279,-5.94,-8.88,-39.3,105.7553,-9.709,3.5405,55.814014,37.50037,202.2792,0,3201
-0.112531,0.009577,11.133378,-0.444889,-0.217433,-0.041993,-5.94,-8.46,-39.66,105.7553,-9.709,3.5405,55.814014,37.50037,202.2792,0,3211
-0.531529,-0.64406,13.652155,-0.444889,-0.217433,-0.041993,-5.94,-8.46,-39.66,105.7553,-9.709,3.5405,55.814014,37.50037,202.2792,0,3220
-1.065452,-0.641666,14.490151,-0.381359,0.018361,0.147986,-5.52,-7.86,-39.24,105.7553,-9.709,3.5405,55.814014,37.50037,202.2792,0,3232
-1.889083,0.011971,14.396774,0.100614,0.181462,0.450364,-5.52,-7.86,-39.24,105.7553,-9.709,3.5405,55.814014,37.50037,202.2792,0,3242
-1.889083,0.011971,14.396774,0.100614,0.181462,0.450364,-5.52,-7.14,-39.72,94.2232,-9.1464,3.5068,55.814014,37.50037,202.2792,0,3251
-2.353572,0.720677,11.755889,0.511115,0.100217,0.608578,-5.52,-7.14,-39.72,94.2232,-9.1464,3.5068,55.814014,37.50037,202.2792,0,3261
-2.353572,0.720677,11.755889,0.30953,-0.125803,0.663556,-5.4,-6.9,-39.78,94.2232,-9.1464,3.5068,55.814014,37.50037,202.2792,0,3271
-2.288926,0.723071,9.174861,-0.045383,-0.188111,0.625072,-5.7,-7.02,-39.54,94.2232,-9.1464,3.5068,55.814014,37.50037,202.2792,0,3281
-1.889083,0.943344,9.265843,-0.399685,-0.212546,0.541383,-5.7,-7.02,-39.54,94.2232,-9.1464,3.5068,55.814014,37.50037,202.2792,0,3291
-1.889083,0.943344,9.265843,-0.399685,-0.212546,0.541383,-5.64,-7.74,-39.06,99.3933,-9.7,3.545,55.814014,37.50037,202.2792,0,3301
-0.797293,0.237033,10.407912,-0.721,-0.245532,0.229842,-5.76,-7.8,-39.42,99.3933,-9.7,3.545,55.814014,37.50037,202.2792,0,3311
-0.804476,-1.053481,11.327314,-0.607379,-0.280963,0.090564,-5.76,-7.8,-39.42,99.3933,-9.7,3.545,55.814014,37.50037,202.2792,0,3321
-0.361535,-0.471672,11.418297,-0.317218,-0.292569,0.047193,-5.58,-7.86,-39.9,99.3933,-9.7,3.545,55.814014,37.50037,202.2792,0,3331
-0.361535,-0.471672,11.418297,0.022423,-0.233926,-0.052989,-5.58,-7.86,-39.9,99.3933,-9.7,3.545,55.814014,37.50037,202.2792,0,3341
0.780534,1.029538,10.455798,0.289371,-0.14535,-0.225253,-6.36,-7.44,-39.54,96.8677,-8.6546,2.7253,55.814014,37.50037,202.2792,0,3351
1.115732,1.436565,8.827691,0.407879,-0.083653,-0.351702,-6.36,-7.44,-39.54,96.8677,-8.6546,2.7253,55.814014,37.50037,202.2792,0,3361
1.115732,1.436565,8.827691,0.442698,-0.016458,-0.367584,-7.32,-7.02,-39.96,96.8677,-8.6546,2.7253,55.814014,37.50037,202.2792,0,3371
0.790111,1.199532,7.216345,0.398105,0.01042,-0.257629,-7.32,-7.02,-39.96,96.8677,-8.6546,2.7253,55.814014,37.50037,202.2792,0,3381
0.735042,1.422199,6.622565,0.317471,0.006144,-0.134845,-6.84,-6.72,-40.56,95.3169,-8.6464,2.2955,55.814014,37.50037,202.2792,0,3391
1.022355,2.159636,6.557919,0.198963,-0.001186,-0.052378,-6.84,-6.72,-40.56,95.3169,-8.6464,2.2955,55.814014,37.50037,202.2792,0,3401
1.022355,2.159636,6.557919,0.11222,-0.062273,-0.027943,-6.48,-6.78,-40.44,95.3169,-8.6464,2.2955,55.814014,37.50037,202.2792,0,3411
0.684763,2.382304,6.593833,0.11222,-0.062273,-0.027943,-6.48,-6.78,-40.44,95.3169,-8.6464,2.2955,55.814014,37.50037,202.2792,0,3421
-0.445335,1.826832,6.893117,0.085953,-0.197274,0.061243,-6.42,-6.9,-40.62,91.4758,-9.4801,2.3714,55.814014,37.50037,202.2792,0,3431
-0.847573,1.764581,7.486898,0.123216,-0.267524,0.149818,-6.42,-6.9,-40.62,91.4758,-9.4801,2.3714,55.814014,37.50037,202.2792,0,3441
-0.847573,1.764581,7.486898,0.173307,-0.257139,0.167533,-6.66,-7.2,-40.44,91.4758,-9.4801,2.3714,55.814014,37.50037,202.2792,0,3451
-0.780534,1.546702,7.484504,0.202628,-0.293791,0.15776,-6.66,-7.2,-40.44,91.4758,-9.4801,2.3714,55.814014,37.50037,202.2792,0,3461
-0.541106,1.620924,7.362395,0.203239,-0.362208,0.116221,-6.78,-7.62,-39.6,97.8047,-9.7553,2.0285,55.814014,37.50037,202.2792,0,3471
-0.337593,1.561067,7.513234,0.170252,-0.383588,0.077125,-6.78,-7.62,-39.6,97.8047,-9.7553,2.0285,55.814014,37.50037,202.2792,0,3481
-0.193936,1.446142,7.649708,0.133601,-0.385421,0.045971,-7.62,-7.68,-39.84,97.8047,-9.7553,2.0285,55.814014,37.50037,202.2792,0,3492
-0.193936,1.446142,7.649708,0.133601,-0.385421,0.045971,-7.62,-7.68,-39.84,97.8047,-9.7553,2.0285,55.814014,37.50037,202.2792,0,3500
0.148445,1.48445,8.197997,0.045636,-0.338995,-0.043215,-8.16,-7.92,-40.02,95.3217,-10.1934,1.2801,55.814014,37.50037,202.2792,0,3511
0.337593,1.462902,8.973742,0.010817,-0.301121,-0.137288,-8.16,-7.92,-40.02,95.3217,-10.1934,1.2801,55.814014,37.50037,202.2792,0,3520
0.337593,1.462902,8.973742,0.00593,-0.281573,-0.250909,-8.1,-7.68,-39.54,95.3217,-10.1934,1.2801,55.814014,37.50037,202.2792,0,3531
0.418998,1.192349,9.890749,0.052966,-0.262026,-0.401793,-8.1,-7.68,-39.54,95.3217,-10.1934,1.2801,55.814014,37.50037,202.2792,0,3540
0.38069,0.826025,10.666494,0.073125,-0.253474,-0.434169,-8.16,-7.56,-40.02,94.6305,-10.3786,0.4901,55.814014,37.50037,202.2792,0,3551
0.093377,0.407027,11.633781,0.136655,-0.161844,-0.438445,-8.16,-7.56,-40.02,94.6305,-10.3786,0.4901,55.814014,37.50037,202.2792,0,3561
-0.275342,0.282524,11.933065,0.240502,0.016529,-0.315661,-8.52,-7.44,-39.96,94.6305,-10.3786,0.4901,55.814014,37.50037,202.2792,0,3570
-0.275342,0.282524,11.933065,0.285706,0.127095,-0.191655,-8.52,-7.44,-39.96,94.6305,-10.3786,0.4901,55.814014,37.50037,202.2792,0,3581
-0.416604,0.502798,11.499701,0.285706,0.127095,-0.191655,-9.12,-7.74,-39.36,94.7667,-10.5086,0.0849,55.814014,37.50037,202.2792,0,3590
-0.378295,1.070241,11.200418,0.271656,0.213227,-0.092084,-8.52,-7.92,-39.6,94.7667,-10.5086,0.0849,55.814014,37.50037,202.2792,0,3601
-0.418998,1.680781,10.621003,0.10489,0.30669,0.004432,-8.76,-8.34,-39.36,94.7667,-10.5086,0.0849,55.814014,37.50037,202.2792,0,3611
-0.418998,1.680781,10.621003,-0.343485,0.050126,0.068573,-8.76,-8.34,-39.36,94.7667,-10.5086,0.0849,55.814014,37.50037,202.2792,0,3621
0.418998,0.806871,9.498088,-0.719778,-0.090373,-0.033441,-8.22,-8.16,-39.36,92.6484,-11.0571,0.4085,55.814014,37.50037,202.2792,0,3631
0.864333,-0.241822,11.691244,-0.922585,-0.108088,-0.176995,-8.22,-8.16,-39.36,92.6484,-11.0571,0.4085,55.814014,37.50037,202.2792,0,3641
0.864333,-0.241822,11.691244,-0.922585,-0.108088,-0.176995,-8.76,-8.28,-39.72,92.6484,-11.0571,0.4085,55.814014,37.50037,202.2792,0,3651
0.304073,-0.756591,14.090307,-0.822404,0.045239,-0.443332,-8.76,-8.28,-39.72,92.6484,-11.0571,0.4085,55.814014,37.50037,202.2792,0,3661
0.718282,0.387873,14.523671,-0.296449,0.167413,-0.59727,-9.48,-8.28,-40.38,94.1169,-10.3802,0.667,55.814014,37.50037,202.2792,0,3672
0.94095,1.192349,13.055981,0.064573,0.219336,-0.658356,-9.48,-8.28,-40.38,94.1169,-10.3802,0.667,55.814014,37.50037,202.2792,0,3681
0.993624,1.082212,10.388759,0.441477,0.147865,-0.647972,-9,-7.44,-40.5,94.1169,-10.3802,0.667,55.814014,37.50037,202.2792,0,3691
0.993624,1.082212,10.388759,0.329077,-0.01768,-0.592994,-9,-7.44,-40.5,94.1169,-10.3802,0.667,55.814014,37.50037,202.2792,0,3701
1.046298,0.972076,8.959376,0.106112,-0.123359,-0.549011,-8.76,-7.2,-40.2,93.5664,-9.1093,1.0297,55.814014,37.50037,202.2792,0,3711
1.046298,0.972076,8.959376,-0.377083,-0.360375,-0.417065,-8.76,-7.2,-40.2,93.5664,-9.1093,1.0297,55.814014,37.50037,202.2792,0,3721
0.301679,0.184359,9.584282,-0.625094,-0.486824,-0.250909,-8.76,-7.68,-40.2,93.5664,-9.1093,1.0297,55.814014,37.50037,202.2792,0,3731
-0.01676,-0.545895,11.34168,-0.640366,-0.499652,-0.16661,-8.76,-7.68,-40.2,93.5664,-9.1093,1.0297,55.814014,37.50037,202.2792,0,3741
-0.086194,-0.725465,12.543606,-0.496812,-0.39886,-0.106745,-8.64,-7.62,-40.14,97.5969,-9.5158,1.1673,55.814014,37.50037,202.2792,0,3751
-0.435758,-0.524346,12.854861,-0.198099,-0.207048,-0.033441,-8.64,-7.62,-40.14,97.5969,-9.5158,1.1673,55.814014,37.50037,202.2792,0,3760
-0.435758,-0.524346,12.854861,-0.198099,-0.207048,-0.033441,-8.94,-6.78,-39.36,97.5969,-9.5158,1.1673,55.814014,37.50037,202.2792,0,3771
-0.581809,0.227456,11.772649,0.157424,-0.06044,0.060632,-9.3,-6.6,-39.36,97.5969,-9.5158,1.1673,55.814014,37.50037,202.2792,0,3781
0,1.113338,9.107821,0.388942,-0.024399,0.10889,-9.3,-6.6,-39.36,97.5969,-9.5158,1.1673,55.814014,37.50037,202.2792,0,3791
0,1.113338,9.107821,0.368173,-0.086097,0.09423,-9.3,-6.72,-39.84,98.0323,-8.1224,0.1081,55.814014,37.50037,202.2792,0,3801
0.332804,1.422199,7.726325,0.223398,-0.142296,0.054523,-9.3,-6.72,-39.84,98.0323,-8.1224,0.1081,55.814014,37.50037,202.2792,0,3811
0.179571,1.496422,7.778999,0.021201,-0.214378,-0.021835,-9.36,-6.42,-40.26,98.0323,-8.1224,0.1081,55.814014,37.50037,202.2792,0,3821
-0.007183,1.503605,8.593052,-0.016672,-0.20827,-0.090252,-9.42,-6.54,-40.14,98.0323,-8.1224,0.1081,55.814014,37.50037,202.2792,0,3831
-0.007183,1.503605,8.593052,-0.016672,-0.20827,-0.090252,-9.42,-6.54,-40.14,98.0323,-8.1224,0.1081,55.814014,37.50037,202.2792,0,3841
-0.114925,1.508393,9.038387,0.029143,-0.1875,-0.125682,-9.06,-6.36,-40.44,88.4857,-8.8566,-0.1856,55.814014,37.50037,202.2792,0,3851
-0.349564,1.467691,9.134158,0.174528,-0.105644,-0.172718,-9.06,-6.36,-40.44,88.4857,-8.8566,-0.1856,55.814014,37.50037,202.2792,0,3861
-0.466884,1.307274,8.712766,0.292425,0.036076,-0.172108,-10.14,-6.72,-40.56,88.4857,-8.8566,-0.1856,55.814014,37.50037,202.2792,0,3873
-0.430969,1.407834,8.193209,0.370005,0.160082,-0.156836,-10.44,-7.08,-40.62,88.4857,-8.8566,-0.1856,55.814014,37.50037,202.2792,0,3880
-0.430969,1.407834,8.193209,0.370005,0.160082,-0.156836,-10.44,-7.08,-40.62,88.4857,-8.8566,-0.1856,55.814014,37.50037,202.2792,0,3891
-0.359141,1.446142,7.649708,0.437201,0.296916,-0.140343,-10.5,-7.14,-40.14,93.2367,-9.1373,-0.5157,55.814014,37.50037,202.2792,0,3901
-0.136474,1.575433,7.376761,0.426816,0.33479,-0.107356,-10.32,-7.14,-39.78,93.2367,-9.1373,-0.5157,55.814014,37.50037,202.2792,0,3912
-0.153234,1.573039,7.491686,0.385888,0.303635,-0.055432,-10.32,-7.14,-39.78,93.2367,-9.1373,-0.5157,55.814014,37.50037,202.2792,0,3920
-0.191542,1.546702,7.59464,0.349847,0.28592,-0.01145,-10.26,-7.5,-40.08,90.3441,-9.8396,-0.0537,55.814014,37.50037,202.2792,0,3931
-0.191542,1.546702,7.59464,0.349847,0.28592,-0.01145,-10.26,-7.5,-40.08,90.3441,-9.8396,-0.0537,55.814014,37.50037,202.2792,0,3941
-0.237033,1.520365,8.13814,0.209348,0.229721,0.160814,-10.02,-8.4,-40.86,90.3441,-9.8396,-0.0537,55.814014,37.50037,202.2792,0,3950
-0.184359,1.460508,8.868394,0.136044,0.169245,0.260996,-10.02,-8.4,-40.86,90.3441,-9.8396,-0.0537,55.814014,37.50037,202.2792,0,3961
-0.241822,1.343188,9.387952,0.104279,0.127095,0.31353,-9.66,-9.06,-40.5,90.3441,-9.8396,-0.0537,55.814014,37.50037,202.2792,0,3970
-0.241822,1.343188,9.387952,0.096949,0.103272,0.331856,-9.66,-9.06,-40.5,90.3441,-9.8396,-0.0537,55.814014,37.50037,202.2792,0,3981
-0.249005,1.132492,9.562734,0.073125,0.061122,0.322693,-9.06,-8.88,-40.44,97.8827,-10.8624,0.8282,55.814014,37.50037,202.2792,0,3990
-0.210696,0.842785,9.792584,0.041971,0.037909,0.300091,-9.06,-8.88,-40.44,97.8827,-10.8624,0.8282,55.814014,37.50037,202.2792,0,4001
-0.10056,0.61054,10.345661,0.037695,0.037298,0.245113,-9.06,-8.94,-41.1,97.8827,-10.8624,0.8282,55.814014,37.50037,202.2792,0,4010
-0.10056,0.61054,10.345661,0.101225,0.057457,0.135768,-9.06,-8.94,-41.1,97.8827,-10.8624,0.8282,55.814014,37.50037,202.2792,0,4021
0.325621,0.945739,10.984933,0.173918,0.062344,0.017871,-9.54,-8.52,-41.1,95.1913,-11.1043,0.8787,55.814014,37.50037,202.2792,0,4030
0.486038,1.963305,11.049579,0.173918,0.062344,0.017871,-9.54,-8.52,-41.1,95.1913,-11.1043,0.8787,55.814014,37.50037,202.2792,0,4040
0.486038,1.963305,11.049579,0.238058,0.088,-0.100026,-8.88,-7.38,-41.04,95.1913,-11.1043,0.8787,55.814014,37.50037,202.2792,0,4051
0.05028,1.836409,10.077502,0.247221,0.017751,-0.130569,-8.88,-7.38,-41.04,95.1913,-11.1043,0.8787,55.814014,37.50037,202.2792,0,4061
0.06704,0.948133,10.015251,0.118329,-0.06716,-0.079867,-8.58,-7.62,-41.4,89.1865,-11.2704,0.9402,55.814014,37.50037,202.2792,0,4071
-0.0838,0.225062,10.94423,-0.105248,-0.061662,-0.002287,-9.3,-7.92,-40.92,89.1865,-11.2704,0.9402,55.814014,37.50037,202.2792,0,4081
-0.0838,0.225062,10.94423,-0.328214,-0.007295,0.146764,-9.3,-7.92,-40.92,89.1865,-11.2704,0.9402,55.814014,37.50037,202.2792,0,4091
-0.454912,-0.452518,12.411921,-0.300114,0.044018,0.369119,-9.84,-8.22,-40.5,89.1865,-11.2704,0.9402,55.814014,37.50037,202.2792,0,4101
-0.749408,-0.423787,13.958622,-0.06432,0.112435,0.530998,-9.84,-8.22,-40.5,89.1865,-11.2704,0.9402,55.814014,37.50037,202.2792,0,4111
-1.051087,0.469278,13.161328,0.407879,0.075783,0.667832,-9.9,-8.04,-40.26,89.9498,-11.3699,0.9381,55.814014,37.50037,202.2792,0,4120
-1.656838,1.098972,10.290593,0.618628,-0.068381,0.712425,-10.38,-7.92,-40.14,89.9498,-11.3699,0.9381,55.814014,37.50037,202.2792,0,4130
-1.656838,1.098972,10.290593,0.618628,-0.068381,0.712425,-10.38,-7.92,-40.14,89.9498,-11.3699,0.9381,55.814014,37.50037,202.2792,0,4140
-1.778946,1.216292,8.514041,0.566704,-0.192998,0.742358,-9.72,-7.98,-40.2,89.9498,-11.3699,0.9381,55.814014,37.50037,202.2792,0,4151
-1.675992,1.415016,7.539572,0.203239,-0.296234,0.70143,-9.72,-7.98,-40.2,89.9498,-11.3699,0.9381,55.814014,37.50037,202.2792,0,4161
-1.675992,1.415016,7.539572,-0.208484,-0.315171,0.632402,-9.72,-8.16,-40.62,87.1942,-11.785,0.7317,55.814014,37.50037,202.2792,0,4170
-0.972076,1.177983,8.810931,-0.569505,-0.308451,0.506564,-10.26,-8.7,-41.1,87.1942,-11.785,0.7317,55.814014,37.50037,202.2792,0,4181
-0.972076,1.177983,8.810931,-0.710615,-0.307841,0.300702,-10.26,-8.7,-41.1,87.1942,-11.785,0.7317,55.814014,37.50037,202.2792,0,4191
-0.01676,-0.069434,10.970567,-0.576836,-0.296234,0.116221,-10.5,-8.22,-40.86,87.1942,-11.785,0.7317,55.814014,37.50037,202.2792,0,4201
0.533923,-0.39745,12.107848,-0.415567,-0.243089,0.014206,-10.5,-8.22,-40.86,87.1942,-11.785,0.7317,55.814014,37.50037,202.2792,0,4210
0.701523,0.196331,11.803775,-0.111967,-0.086707,-0.142786,-11.4,-7.02,-39.84,84.7289,-11.2963,-0.4325,55.814014,37.50037,202.2792,0,4220
0.512375,0.466884,10.355239,0.078012,0.009809,-0.196542,-11.34,-6.12,-39.78,84.7289,-11.2963,-0.4325,55.814014,37.50037,202.2792,0,4231
0.512375,0.466884,10.355239,0.078012,0.009809,-0.196542,-11.34,-6.12,-39.78,84.7289,-11.2963,-0.4325,55.814014,37.50037,202.2792,0,4241
0.469278,0.57702,9.296969,0.180637,0.080059,-0.198986,-11.22,-5.52,-40.26,84.7289,-11.2963,-0.4325,55.814014,37.50037,202.2792,0,4251
0.67758,0.876305,8.624178,0.159868,0.241327,-0.123849,-11.22,-5.52,-40.26,84.7289,-11.2963,-0.4325,55.814014,37.50037,202.2792,0,4260
0.648849,1.273754,8.526012,0.119551,0.310966,-0.068261,-11.22,-5.28,-40.02,77.0377,-10.4936,-0.8371,55.814014,37.50037,202.2792,0,4271
0.648849,1.273754,8.526012,0.082899,0.336011,-0.012672,-11.22,-5.28,-40.02,77.0377,-10.4936,-0.8371,55.814014,37.50037,202.2792,0,4281
0.31365,1.424594,8.674458,0.079844,0.315853,0.047193,-11.16,-5.52,-39.72,77.0377,-10.4936,-0.8371,55.814014,37.50037,202.2792,0,4291
0.057463,1.400651,8.743892,0.089007,0.290196,0.088732,-11.16,-5.52,-39.72,77.0377,-10.4936,-0.8371,55.814014,37.50037,202.2792,0,4300
0.052674,1.426988,8.667274,0.101836,0.226666,0.10828,-10.74,-6.72,-40.08,86.6645,-10.8021,-0.2663,55.814014,37.50037,202.2792,0,4311
0.052674,1.426988,8.667274,0.111609,0.042185,0.10889,-10.74,-6.72,-40.08,86.6645,-10.8021,-0.2663,55.814014,37.50037,202.2792,0,4320
0.141262,1.505999,8.387145,0.106722,-0.108088,0.082012,-10.32,-6.78,-40.32,86.6645,-10.8021,-0.2663,55.814014,37.50037,202.2792,0,4331
0.141262,1.505999,8.387145,0.106722,-0.108088,0.082012,-10.32,-6.78,-40.32,86.6645,-10.8021,-0.2663,55.814014,37.50037,202.2792,0,4341
0.153234,1.417411,8.190814,0.078623,-0.27241,0.038641,-10.32,-6.42,-40.38,80.4202,-10.9892,0.3119,55.814014,37.50037,202.2792,0,4351
0.131685,1.273754,8.722343,0.045025,-0.415964,-0.020002,-10.32,-6.42,-40.38,80.4202,-10.9892,0.3119,55.814014,37.50037,202.2792,0,4361
0.002394,1.101366,9.165284,0.042582,-0.476439,-0.06093,-10.2,-6.24,-40.5,80.4202,-10.9892,0.3119,55.814014,37.50037,202.2792,0,4370
-0.019154,0.909824,9.478934,0.053577,-0.463,-0.095749,-9.96,-6.36,-40.68,80.4202,-10.9892,0.3119,55.814014,37.50037,202.2792,0,4381
-0.019154,0.909824,9.478934,0.080455,-0.301121,-0.173329,-9.96,-6.36,-40.68,80.4202,-10.9892,0.3119,55.814014,37.50037,202.2792,0,4390
0.059857,0.833208,9.548368,0.100614,-0.202772,-0.227085,-11.04,-6.3,-40.92,78.9219,-11.1863,-0.4847,55.814014,37.50037,202.2792,0,4401
0.095771,0.794899,9.567522,0.131157,-0.086097,-0.276566,-11.04,-6.3,-40.92,78.9219,-11.1863,-0.4847,55.814014,37.50037,202.2792,0,4410
0.095771,0.794899,9.567522,0.179415,0.029968,-0.31505,-11.82,-6.24,-40.74,78.9219,-11.1863,-0.4847,55.814014,37.50037,202.2792,0,4425
0.237033,0.883487,9.636956,0.1898,0.040963,-0.324213,-11.82,-6.54,-40.62,83.5848,-11.3637,-1.1074,55.814014,37.50037,202.2792,0,4431
0.237033,0.883487,9.636956,0.247832,0.082502,-0.321159,-11.82,-6.54,-40.62,83.5848,-11.3637,-1.1074,55.814014,37.50037,202.2792,0,4441
0.258582,1.036721,9.648928,0.247832,0.082502,-0.321159,-11.46,-7.02,-40.56,83.5848,-11.3637,-1.1074,55.814014,37.50037,202.2792,0,4451
0.074223,1.087001,9.613013,0.236226,0.085557,-0.282674,-11.46,-7.02,-40.56,83.5848,-11.3637,-1.1074,55.814014,37.50037,202.2792,0,4461
0.074223,1.087001,9.613013,0.195909,0.053181,-0.245411,-11.46,-7.32,-40.92,83.5848,-11.3637,-1.1074,55.814014,37.50037,202.2792,0,4470
-0.093377,1.180378,9.778218,0.153759,0.003701,-0.21609,-11.46,-7.32,-40.92,83.5848,-11.3637,-1.1074,55.814014,37.50037,202.2792,0,4481
-0.093377,1.180378,9.778218,0.153759,0.003701,-0.21609,-11.52,-7.14,-40.44,82.6473,-11.9667,-0.7733,55.814014,37.50037,202.2792,0,4491
-0.136474,1.218686,10.0368,0.178805,-0.037838,-0.224031,-11.52,-7.14,-40.44,82.6473,-11.9667,-0.7733,55.814014,37.50037,202.2792,0,4500
-0.270553,1.707118,10.290593,0.228285,-0.020734,-0.242968,-11.64,-6.84,-39.84,82.6473,-11.9667,-0.7733,55.814014,37.50037,202.2792,0,4511
-0.481249,1.968094,9.730332,0.247832,0.000646,-0.229529,-11.64,-6.84,-39.84,82.6473,-11.9667,-0.7733,55.814014,37.50037,202.2792,0,4521
-0.481249,1.968094,9.730332,0.203239,-0.010349,-0.205705,-11.7,-7.08,-40.08,81.3884,-12.3517,-0.6595,55.814014,37.50037,202.2792,0,4531
-0.438152,1.664021,9.153313,-0.112578,-0.004241,-0.163556,-11.7,-7.08,-40.08,81.3884,-12.3517,-0.6595,55.814014,37.50037,202.2792,0,4541
-0.222668,1.331217,9.352037,-0.336766,0.046461,-0.176384,-11.52,-7.5,-39.48,81.3884,-12.3517,-0.6595,55.814014,37.50037,202.2792,0,4550
0.088588,0.981653,10.276228,-0.501699,0.075783,-0.226475,-11.52,-7.5,-39.48,81.3884,-12.3517,-0.6595,55.814014,37.50037,202.2792,0,4560
0.323227,0.292102,11.054367,-0.570727,0.079448,-0.311385,-11.22,-7.02,-39.48,80.3547,-12.7485,-0.5761,55.814014,37.50037,202.2792,0,4571
0.536318,-0.325621,11.842083,-0.516971,0.084946,-0.396906,-11.64,-7.26,-39.48,80.3547,-12.7485,-0.5761,55.814014,37.50037,202.2792,0,4581
0.536318,-0.325621,11.842083,-0.516971,0.084946,-0.396906,-11.64,-7.26,-39.48,80.3547,-12.7485,-0.5761,55.814014,37.50037,202.2792,0,4591
0.670397,-0.165205,12.42868,-0.359979,0.105715,-0.481205,-11.88,-7.02,-39.6,80.3547,-12.7485,-0.5761,55.814014,37.50037,202.2792,0,4601
0.533923,0.464489,11.681666,-0.099139,0.168634,-0.558785,-11.88,-7.02,-39.6,80.3547,-12.7485,-0.5761,55.814014,37.50037,202.2792,0,4610
0.533923,0.464489,11.681666,-0.099139,0.168634,-0.558785,-11.82,-6.48,-40.02,80.0566,-11.4618,-0.2166,55.814014,37.50037,202.2792,0,4621
0.56026,0.402238,9.826104,-0.148008,0.059289,-0.490979,-11.7,-6.24,-39.9,80.0566,-11.4618,-0.2166,55.814014,37.50037,202.2792,0,4630
0.64406,-0.189148,9.464568,-0.350816,-0.031119,-0.403015,-11.7,-6.24,-39.9,80.0566,-11.4618,-0.2166,55.814014,37.50037,202.2792,0,4641
0.447729,-0.471672,10.158908,-0.521858,-0.086097,-0.3291,-11.46,-5.94,-39.78,80.0566,-11.4618,-0.2166,55.814014,37.50037,202.2792,0,4651
0.447729,-0.471672,10.158908,-0.521858,-0.086097,-0.3291,-11.46,-5.94,-39.78,80.0566,-11.4618,-0.2166,55.814014,37.50037,202.2792,0,4661
0.22985,-0.567443,10.94423,-0.598827,-0.129468,-0.20937,-11.52,-6.66,-39.9,86.8647,-10.8941,0.3656,55.814014,37.50037,202.2792,0,4671
0.167599,-0.632089,11.490125,-0.455274,-0.177115,-0.052378,-11.52,-6.66,-39.9,86.8647,-10.8941,0.3656,55.814014,37.50037,202.2792,0,4681
0.167599,-0.632089,11.490125,-0.22009,-0.219265,0.056967,-11.28,-6.66,-40.14,86.8647,-10.8941,0.3656,55.814014,37.50037,202.2792,0,4690
0.174782,-0.282524,11.040001,-0.103415,-0.205826,0.104614,-11.28,-6.66,-40.14,86.8647,-10.8941,0.3656,55.814014,37.50037,202.2792,0,4701
-0.119714,0.260976,9.699207,0.057853,-0.148405,0.195633,-11.28,-6.12,-40.02,85.9249,-9.6599,0.163,55.814014,37.50037,202.2792,0,4712
-0.119714,0.260976,9.699207,0.076179,-0.122138,0.22129,-11.28,-6.12,-40.02,85.9249,-9.6599,0.163,55.814014,37.50037,202.2792,0,4720
-0.076617,0.533923,8.834874,0.076179,-0.122138,0.22129,-11.76,-5.7,-39.84,85.9249,-9.6599,0.163,55.814014,37.50037,202.2792,0,4731
0.131685,0.775745,8.427847,0.065794,-0.105644,0.223122,-11.76,-5.7,-39.84,85.9249,-9.6599,0.163,55.814014,37.50037,202.2792,0,4741
0.169994,0.928979,8.312923,-0.025835,-0.169174,0.096673,-12.06,-5.7,-39.72,86.4148,-9.5442,-0.4677,55.814014,37.50037,202.2792,0,4750
0.098165,0.914613,8.545167,-0.031333,-0.258971,0.008708,-12.06,-5.7,-39.72,86.4148,-9.5442,-0.4677,55.814014,37.50037,202.2792,0,4761
0.098165,0.914613,8.545167,-0.020948,-0.302343,-0.070093,-12.06,-5.76,-40.32,86.4148,-9.5442,-0.4677,55.814014,37.50037,202.2792,0,4771
0.258582,0.828419,8.614601,0.005319,-0.368927,-0.200818,-12.06,-5.76,-40.32,86.4148,-9.5442,-0.4677,55.814014,37.50037,202.2792,0,4781
0.29689,0.656031,8.152506,0.005319,-0.368927,-0.200818,-11.88,-6.06,-39.96,86.4797,-9.4996,-0.7065,55.814014,37.50037,202.2792,0,4791
0.107742,0.416604,9.09585,-0.111967,-0.52592,-0.275955,-11.58,-5.64,-39.36,86.4797,-9.4996,-0.7065,55.814014,37.50037,202.2792,0,4803
0.107742,0.416604,9.09585,-0.242692,-0.103201,-0.276566,-11.58,-5.64,-39.36,86.4797,-9.4996,-0.7065,55.814014,37.50037,202.2792,0,4812
0,0.325621,8.865999,-0.273236,-0.021956,-0.269846,-12.42,-5.52,-39,87.203,-9.4766,-1.2494,55.814014,37.50037,202.2792,0,4820
-0.167599,-0.055068,9.591465,-0.299503,0.114267,-0.216701,-12.42,-5.52,-39,87.203,-9.4766,-1.2494,55.814014,37.50037,202.2792,0,4831
-0.167599,-0.055068,9.591465,-0.204819,0.258431,-0.099415,-13.02,-4.68,-39.72,87.203,-9.4766,-1.2494,55.814014,37.50037,202.2792,0,4841
-0.098165,-0.466884,10.168485,-0.204819,0.258431,-0.099415,-13.02,-4.68,-39.72,87.203,-9.4766,-1.2494,55.814014,37.50037,202.2792,0,4851
0.332804,-1.240234,10.996904,-0.116854,0.370831,-0.030387,-13.02,-4.5,-39.66,87.203,-9.4766,-1.2494,55.814014,37.50037,202.2792,0,4860
0.373507,-1.391074,9.96976,-0.016061,0.409315,0.019093,-12.9,-4.68,-39,85.5637,-8.6243,-1.2077,55.814014,37.50037,202.2792,0,4871
0.373507,-1.391074,9.96976,-0.055768,0.198567,0.020926,-12.9,-4.68,-39,85.5637,-8.6243,-1.2077,55.814014,37.50037,202.2792,0,4881
-0.011971,-1.84838,10.898739,-0.185271,0.327459,0.11561,-12.6,-4.62,-39.24,85.5637,-8.6243,-1.2077,55.814014,37.50037,202.2792,0,4890
0.402238,-1.719089,11.195629,-0.196267,0.241327,0.130882,-12.66,-4.68,-39.06,86.1915,-8.4943,-0.6358,55.814014,37.50037,202.2792,0,4901
0.402238,-1.719089,11.195629,-0.196267,0.241327,0.130882,-12.66,-4.68,-39.06,86.1915,-8.4943,-0.6358,55.814014,37.50037,202.2792,0,4911
