ACCELEROMETER X (m/s²),ACCELEROMETER Y (m/s²),ACCELEROMETER Z (m/s²),GYROSCOPE X (rad/s),GYROSCOPE Y (rad/s),GYROSCOPE Z (rad/s),MAGNETIC FIELD X (μT),MAGNETIC FIELD Y (μT),MAGNETIC FIELD Z (μT),ORIENTATION Z (azimuth °),ORIENTATION X (pitch °),ORIENTATION Y (roll °),LOCATION Latitude : ,LOCATION Longitude : ,LOCATION Altitude ( m),Time since start in ms 
0.011971,0.833208,9.835681,0.016925,-0.009128,-0.017559,-4.2,-9.78,-38.82,147.7463,-4.941,0.2472,55.814,37.500443,214.3526,15
-0.06704,0.854756,9.838076,0.005319,0.01042,-0.005341,-4.2,-9.78,-38.82,147.7463,-4.941,0.2472,55.814,37.500443,214.3526,24
-0.06704,0.854756,9.838076,-0.011175,0.030579,0.013595,-4.74,-9.72,-38.64,147.7463,-4.941,0.2472,55.814,37.500443,214.3526,34
-0.074223,0.912219,9.778218,-0.01484,0.028135,0.022148,-4.74,-9.72,-38.64,147.7463,-4.941,0.2472,55.814,37.500443,214.3526,43
-0.031126,0.881093,9.732727,-0.01484,0.028135,0.022148,-5.76,-9.72,-38.52,137.1557,-4.9269,0.199,55.814,37.500443,214.3526,54
-0.055068,0.847573,9.754275,-0.01484,0.018361,0.019093,-5.76,-9.72,-38.52,137.1557,-4.9269,0.199,55.814,37.500443,214.3526,63
-0.055068,0.847573,9.754275,-0.01484,0.007366,0.007487,-5.64,-10.14,-38.88,137.1557,-4.9269,0.199,55.814,37.500443,214.3526,74
-0.062251,0.833208,9.799767,-0.00812,-0.011571,-0.000454,-5.64,-10.14,-38.88,137.1557,-4.9269,0.199,55.814,37.500443,214.3526,84
-0.055068,0.859545,9.873989,0.004708,-0.023788,-0.002287,-4.14,-10.08,-39.12,147.9254,-4.9265,0.2139,55.814,37.500443,214.3526,94
-0.064645,0.799688,9.900327,0.005319,-0.029897,0.001378,-4.14,-10.08,-39.12,147.9254,-4.9265,0.2139,55.814,37.500443,214.3526,103
-0.059857,0.797294,9.888355,-0.001401,-0.018291,0.012985,-3.9,-9.72,-39.12,147.9254,-4.9265,0.2139,55.814,37.500443,214.3526,114
-0.059857,0.797294,9.888355,-0.009342,-0.014625,0.011763,-3.9,-9.72,-39.12,147.9254,-4.9265,0.2139,55.814,37.500443,214.3526,123
-0.011971,0.792505,9.823709,-0.017283,-0.006684,0.012985,-4.68,-10.38,-39.12,142.2026,-4.9224,0.1955,55.814,37.500443,214.3526,134
0.014366,0.811659,9.873989,-0.010564,0.000646,0.008098,-4.68,-10.38,-39.12,142.2026,-4.9224,0.1955,55.814,37.500443,214.3526,144
0.026337,0.866728,9.909904,-0.010564,0.000646,0.008098,-4.62,-10.86,-38.94,142.2026,-4.9224,0.1955,55.814,37.500443,214.3526,153
-0.011971,0.849968,9.955395,0.005319,3.5E-05,-0.007174,-4.62,-10.86,-38.94,142.2026,-4.9224,0.1955,55.814,37.500443,214.3526,164
-0.011971,0.849968,9.955395,0.024256,3.5E-05,-0.01878,-4.62,-10.08,-38.64,142.3753,-4.878,0.1835,55.814,37.500443,214.3526,174
-0.059857,0.756591,9.950606,0.024256,3.5E-05,-0.01878,-4.62,-10.08,-38.64,142.3753,-4.878,0.1835,55.814,37.500443,214.3526,183
-0.031126,0.782928,9.869201,0.026088,0.018972,-0.009617,-5.04,-9.6,-38.82,142.3753,-4.878,0.1835,55.814,37.500443,214.3526,194
-0.031126,0.799688,9.811738,0.010206,0.022027,-0.015115,-5.04,-9.6,-38.82,142.3753,-4.878,0.1835,55.814,37.500443,214.3526,204
-0.031126,0.794899,9.895537,-0.001401,0.022637,-0.009617,-4.8,-9.96,-38.88,142.351,-4.8859,0.1838,55.814,37.500443,214.3526,214
-0.031126,0.794899,9.895537,-0.010564,0.033633,-0.000454,-4.8,-9.96,-38.88,142.351,-4.8859,0.1838,55.814,37.500443,214.3526,224
-0.047885,0.811659,9.926663,0.010206,0.027524,-0.003509,-4.5,-10.02,-38.52,142.351,-4.8859,0.1838,55.814,37.500443,214.3526,234
-0.043097,0.818842,9.878778,0.022423,0.022637,-0.006563,-4.5,-10.02,-38.52,142.351,-4.8859,0.1838,55.814,37.500443,214.3526,244
-0.079011,0.84039,9.749487,0.018758,0.021416,-0.006563,-4.68,-10.26,-38.7,142.3008,-4.8146,0.2542,55.814,37.500443,214.3526,253
-0.110137,0.787716,9.720756,0.012038,0.023859,-0.001065,-4.68,-10.26,-38.7,142.3008,-4.8146,0.2542,55.814,37.500443,214.3526,264
-0.110137,0.787716,9.720756,0.002875,0.020194,0.003822,-4.86,-11.22,-38.76,142.3008,-4.8146,0.2542,55.814,37.500443,214.3526,273
-0.105348,0.792505,9.711179,-0.007509,0.011642,0.011152,-4.86,-11.22,-38.76,142.3008,-4.8146,0.2542,55.814,37.500443,214.3526,284
-0.076617,0.845179,9.73991,-0.016061,0.009198,0.016039,-4.86,-11.04,-38.82,145.8843,-4.7963,0.3209,55.814,37.500443,214.3526,294
-0.076617,0.845179,9.73991,-0.016061,0.009198,0.016039,-4.86,-11.04,-38.82,145.8843,-4.7963,0.3209,55.814,37.500443,214.3526,303
-0.057463,0.830813,9.847652,-0.027668,0.001257,0.013595,-4.32,-10.14,-39.42,145.8843,-4.7963,0.3209,55.814,37.500443,214.3526,314
-0.043097,0.830813,9.929058,-0.018505,3.5E-05,0.017871,-4.32,-10.14,-39.42,145.8843,-4.7963,0.3209,55.814,37.500443,214.3526,323
-0.059857,0.847573,9.909904,-0.002622,-0.004851,0.014206,-4.08,-9.66,-39.06,147.8531,-4.7507,0.3442,55.814,37.500443,214.3526,333
-0.043097,0.837996,9.845258,0.015093,-0.016458,0.005654,-4.08,-9.66,-39.06,147.8531,-4.7507,0.3442,55.814,37.500443,214.3526,344
-0.043097,0.837996,9.845258,0.021812,-0.018901,0.003822,-4.86,-9.72,-38.82,147.8531,-4.7507,0.3442,55.814,37.500443,214.3526,353
-0.062251,0.849968,9.850046,0.012649,-0.013404,0.003211,-4.86,-9.72,-38.82,147.8531,-4.7507,0.3442,55.814,37.500443,214.3526,364
-0.138868,0.85715,9.914692,0.012649,-0.013404,0.003211,-5.4,-9.84,-39.42,142.1236,-4.8003,0.3148,55.814,37.500443,214.3526,373
-0.105348,0.821236,9.933846,0.01326,0.001257,0.006265,-5.4,-9.84,-39.42,142.1236,-4.8003,0.3148,55.814,37.500443,214.3526,384
-0.105348,0.821236,9.933846,0.018758,0.018972,0.007487,-5.46,-9.6,-38.94,142.1236,-4.8003,0.3148,55.814,37.500443,214.3526,393
-0.06704,0.866728,9.933846,0.023034,0.012864,-0.002898,-5.46,-9.6,-38.94,142.1236,-4.8003,0.3148,55.814,37.500443,214.3526,404
-0.052674,0.885882,9.96976,0.026088,0.011642,-0.000454,-5.16,-9.78,-38.82,141.7368,-4.8485,0.384,55.814,37.500443,214.3526,414
-0.0838,0.89067,9.909904,0.026088,0.011642,-0.000454,-5.16,-9.78,-38.82,141.7368,-4.8485,0.384,55.814,37.500443,214.3526,423
-0.10056,0.893065,9.809344,0.01998,0.009198,0.001989,-4.56,-10.26,-38.94,141.7368,-4.8485,0.384,55.814,37.500443,214.3526,434
-0.093377,0.919402,9.754275,0.012649,3.5E-05,0.008098,-4.32,-10.14,-39.06,141.7368,-4.8485,0.384,55.814,37.500443,214.3526,444
-0.093377,0.919402,9.754275,0.002264,-0.006073,0.001378,-4.32,-10.14,-39.06,141.7368,-4.8485,0.384,55.814,37.500443,214.3526,453
-0.114925,0.871516,9.761458,-0.000179,-0.00363,0.001378,-4.62,-10.32,-38.94,141.3469,-4.934,0.4237,55.814,37.500443,214.3526,464
-0.114925,0.871516,9.761458,0.007151,-0.00363,-0.003509,-4.62,-10.32,-38.94,141.3469,-4.934,0.4237,55.814,37.500443,214.3526,473
-0.129291,0.837996,9.797373,0.008373,0.003701,-0.002287,-4.68,-10.56,-38.52,141.3469,-4.934,0.4237,55.814,37.500443,214.3526,484
-0.090982,0.821236,9.871595,0.009595,0.008588,-0.006563,-4.68,-10.56,-38.52,141.3469,-4.934,0.4237,55.814,37.500443,214.3526,494
-0.074223,0.782928,9.917087,0.012038,0.017751,-0.014504,-4.32,-10.14,-38.1,147.2801,-4.9551,0.4432,55.814,37.500443,214.3526,503
-0.028731,0.809265,9.864412,0.018147,0.01714,-0.008396,-4.32,-10.14,-38.1,147.2801,-4.9551,0.4432,55.814,37.500443,214.3526,514
-0.028731,0.809265,9.864412,0.02059,-0.004851,-0.009617,-4.62,-9.72,-39.42,147.2801,-4.9551,0.4432,55.814,37.500443,214.3526,524
-0.047885,0.802082,9.842864,0.023034,-0.023177,-0.006563,-4.62,-9.72,-39.42,147.2801,-4.9551,0.4432,55.814,37.500443,214.3526,534
-0.043097,0.816448,9.878778,0.02731,-0.029286,-0.000454,-4.62,-10.62,-39.54,144.5287,-4.9554,0.5008,55.814,37.500443,214.3526,543
-0.03352,0.823631,9.90272,0.023034,-0.028675,0.008708,-4.62,-10.62,-39.54,144.5287,-4.9554,0.5008,55.814,37.500443,214.3526,554
-0.03352,0.823631,9.90272,0.015704,-0.015847,0.02398,-4.8,-10.98,-38.28,144.5287,-4.9554,0.5008,55.814,37.500443,214.3526,564
-0.076617,0.85715,9.794978,0.00593,-0.01768,0.020926,-4.8,-10.98,-38.28,144.5287,-4.9554,0.5008,55.814,37.500443,214.3526,574
-0.071828,0.914613,9.711179,0.005319,-0.026232,0.011152,-5.22,-10.8,-38.64,145.1926,-4.9414,0.42,55.814,37.500443,214.3526,583
-0.064645,0.90743,9.771035,0.005319,-0.018901,0.010541,-5.4,-10.5,-38.64,145.1926,-4.9414,0.42,55.814,37.500443,214.3526,594
-0.014366,0.905036,9.703996,0.005319,-0.018901,0.010541,-5.4,-10.5,-38.64,145.1926,-4.9414,0.42,55.814,37.500443,214.3526,604
-0.014366,0.905036,9.703996,0.002264,-0.002408,0.0026,-4.98,-10.44,-38.76,145.1926,-4.9414,0.42,55.814,37.500443,214.3526,613
-0.090982,0.893065,9.653716,-0.007509,0.002479,-0.002898,-4.98,-10.44,-38.76,145.1926,-4.9414,0.42,55.814,37.500443,214.3526,624
-0.093377,0.921796,9.708784,-0.011785,0.004922,-0.003509,-4.56,-11.1,-39.12,145.2633,-4.9794,0.3722,55.814,37.500443,214.3526,634
-0.055068,0.912219,9.785401,-0.011175,0.007977,-0.005341,-4.56,-10.74,-39,145.2633,-4.9794,0.3722,55.814,37.500443,214.3526,643
-0.011971,0.888276,9.80695,-0.011785,0.012253,-0.007174,-4.56,-10.74,-39,145.2633,-4.9794,0.3722,55.814,37.500443,214.3526,654
-0.011971,0.888276,9.80695,-0.020948,-0.007906,-0.010228,-4.98,-10.86,-38.7,145.2633,-4.9794,0.3722,55.814,37.500443,214.3526,664
-0.019154,0.852362,9.885961,-0.026446,-0.006073,-0.002898,-4.98,-10.86,-38.7,145.2633,-4.9794,0.3722,55.814,37.500443,214.3526,674
-0.043097,0.837996,9.924269,-0.012396,-0.018901,0.007487,-4.56,-10.74,-38.94,145.1873,-5.0196,0.3655,55.814,37.500443,214.3526,684
-0.03352,0.833208,9.912297,-0.002622,-0.021956,0.001989,-3.9,-10.32,-39.06,145.1873,-5.0196,0.3655,55.814,37.500443,214.3526,693
-0.03352,0.826025,9.929058,-0.002622,-0.021956,0.001989,-3.9,-10.32,-39.06,145.1873,-5.0196,0.3655,55.814,37.500443,214.3526,704
-0.03352,0.826025,9.929058,-0.000179,-0.012182,-0.002898,-4.08,-9.96,-39.06,145.1873,-5.0196,0.3655,55.814,37.500443,214.3526,713
-0.021548,0.835602,9.895537,0.001654,-0.004241,0.000767,-4.08,-9.96,-39.06,145.1873,-5.0196,0.3655,55.814,37.500443,214.3526,724
-0.009577,0.89067,9.917087,0.008373,-0.00363,-0.002287,-4.56,-10.38,-38.88,141.5329,-5.0096,0.3099,55.814,37.500443,214.3526,733
-0.040703,0.893065,9.876384,0.013871,-0.003019,-0.002287,-4.8,-10.68,-38.88,141.5329,-5.0096,0.3099,55.814,37.500443,214.3526,744
-0.114925,0.847573,9.794978,0.015704,-0.007295,0.005043,-4.8,-10.68,-38.88,141.5329,-5.0096,0.3099,55.814,37.500443,214.3526,754
-0.114925,0.847573,9.794978,0.004097,0.001868,0.015428,-4.86,-10.8,-39,141.5329,-5.0096,0.3099,55.814,37.500443,214.3526,763
-0.112531,0.895459,9.73991,-0.014229,0.015918,0.019093,-4.74,-10.56,-38.64,145.5626,-5.0175,0.2588,55.814,37.500443,214.3526,774
-0.124502,0.869122,9.749487,-0.027057,0.022027,0.019704,-4.74,-10.56,-38.64,145.5626,-5.0175,0.2588,55.814,37.500443,214.3526,783
-0.093377,0.928979,9.818921,-0.027668,0.011031,0.010541,-5.1,-10.38,-39.12,145.5626,-5.0175,0.2588,55.814,37.500443,214.3526,794
-0.040703,0.95771,9.864412,-0.012396,-0.009738,-0.001676,-5.1,-10.38,-39.12,145.5626,-5.0175,0.2588,55.814,37.500443,214.3526,804
-0.040703,0.95771,9.864412,-0.012396,-0.009738,-0.001676,-4.62,-10.2,-39.24,141.5931,-5.0007,0.3004,55.814,37.500443,214.3526,813
0,0.917007,9.859624,0.007762,-0.043947,-0.0255,-4.62,-10.2,-39.24,141.5931,-5.0007,0.3004,55.814,37.500443,214.3526,825
-0.004789,0.859545,9.835681,0.007762,-0.043947,-0.0255,-4.44,-10.2,-38.46,141.5931,-5.0007,0.3004,55.814,37.500443,214.3526,834
-0.023943,0.802082,9.862018,0.012038,-0.04639,-0.029776,-4.44,-10.2,-38.46,141.5931,-5.0007,0.3004,55.814,37.500443,214.3526,844
-0.023943,0.802082,9.862018,0.011427,-0.040893,-0.024278,-4.44,-10.38,-38.04,147.6929,-5.0732,0.2638,55.814,37.500443,214.3526,854
-0.038308,0.806871,9.921875,0.00593,-0.022567,-0.013894,-4.44,-10.38,-38.04,147.6929,-5.0732,0.2638,55.814,37.500443,214.3526,864
-0.038308,0.806871,9.921875,0.006541,0.01714,0.003211,-4.2,-10.5,-38.34,147.6929,-5.0732,0.2638,55.814,37.500443,214.3526,874
-0.081405,0.792505,9.938635,0.006541,0.03119,0.019704,-4.2,-10.5,-38.34,147.6929,-5.0732,0.2638,55.814,37.500443,214.3526,883
-0.05028,0.864333,9.881172,0.002875,0.03852,0.015428,-5.04,-9.9,-39.42,141.5834,-5.0481,0.2645,55.814,37.500443,214.3526,894
-0.059857,0.842785,9.821315,0.002875,0.026914,0.015428,-5.04,-9.9,-39.42,141.5834,-5.0481,0.2645,55.814,37.500443,214.3526,904
-0.059857,0.842785,9.821315,-0.002622,0.018972,0.005043,-5.28,-9.72,-39.48,141.5834,-5.0481,0.2645,55.814,37.500443,214.3526,913
-0.004789,0.883487,9.783007,-0.002622,0.018972,0.005043,-5.28,-9.72,-39.48,141.5834,-5.0481,0.2645,55.814,37.500443,214.3526,924
0.014366,0.89067,9.787795,0.001654,0.013474,-0.01145,-4.86,-9.9,-39.36,141.4864,-5.0269,0.3086,55.814,37.500443,214.3526,934
0.01676,0.881093,9.761458,0.007762,0.006144,-0.024278,-5.4,-9.96,-39.84,141.4864,-5.0269,0.3086,55.814,37.500443,214.3526,943
-0.059857,0.902642,9.732727,0.011427,-0.000575,-0.0255,-5.4,-9.96,-39.84,141.4864,-5.0269,0.3086,55.814,37.500443,214.3526,954
-0.059857,0.902642,9.732727,0.007151,-0.006073,-0.019391,-4.98,-10.14,-39.72,141.4864,-5.0269,0.3086,55.813995,37.500454,222.4711,963
-0.076617,0.900247,9.701602,0.007151,-0.006073,-0.019391,-4.98,-10.14,-39.72,141.4864,-5.0269,0.3086,55.813995,37.500454,222.4711,974
-0.10056,0.864333,9.670476,-0.008731,0.006144,-0.005341,-4.02,-10.14,-39.12,147.2766,-5.0483,0.2891,55.813995,37.500454,222.4711,984
-0.10056,0.87391,9.70639,-0.024003,0.016529,0.001378,-4.02,-10.14,-39.12,147.2766,-5.0483,0.2891,55.813995,37.500454,222.4711,994
-0.10056,0.87391,9.70639,-0.029501,0.016529,0.006265,-4.32,-10.38,-38.82,147.2766,-5.0483,0.2891,55.813995,37.500454,222.4711,1004
-0.10056,0.885882,9.775824,-0.023392,0.002479,0.007487,-4.32,-10.38,-38.82,147.2766,-5.0483,0.2891,55.813995,37.500454,222.4711,1013
-0.023943,0.89067,9.840469,-0.000179,-0.020734,0.003822,-4.5,-10.14,-38.64,147.1208,-5.0312,0.3376,55.813995,37.500454,222.4711,1024
-0.055068,0.900247,9.833286,0.018758,-0.032951,-0.002287,-4.5,-10.14,-38.64,147.1208,-5.0312,0.3376,55.813995,37.500454,222.4711,1034
-0.055068,0.900247,9.833286,0.022423,-0.042725,0.001989,-4.86,-10.8,-39.42,147.1208,-5.0312,0.3376,55.813995,37.500454,222.4711,1043
-0.143656,0.869122,9.730332,0.004097,-0.03234,0.010541,-4.86,-10.8,-39.42,147.1208,-5.0312,0.3376,55.813995,37.500454,222.4711,1054
-0.160416,0.842785,9.656111,-0.023392,-0.019512,0.02398,-5.1,-10.74,-39.36,145.2291,-5.0824,0.3085,55.813995,37.500454,222.4711,1064
-0.105348,0.881093,9.701602,-0.053324,-0.006073,0.033754,-4.86,-10.38,-39.18,145.2291,-5.0824,0.3085,55.813995,37.500454,222.4711,1073
-0.090982,0.90743,9.804555,-0.047826,-0.021956,0.027034,-4.86,-10.38,-39.18,145.2291,-5.0824,0.3085,55.813995,37.500454,222.4711,1084
-0.090982,0.90743,9.804555,-0.035609,-0.025621,0.017261,-4.74,-9.84,-39.06,145.2291,-5.0824,0.3085,55.813995,37.500454,222.4711,1094
-0.052674,0.917007,9.876384,-0.01484,-0.029897,0.001378,-4.74,-9.84,-39.06,145.2291,-5.0824,0.3085,55.813995,37.500454,222.4711,1104
-0.038308,0.905036,9.890749,-0.011175,-0.02501,-0.010228,-4.86,-10.32,-38.7,141.2875,-5.0303,0.361,55.813995,37.500454,222.4711,1113
-0.076617,0.871516,9.871595,-0.011175,-0.02501,-0.010228,-4.86,-10.32,-38.7,141.2875,-5.0303,0.361,55.813995,37.500454,222.4711,1124
-0.057463,0.854756,9.771035,-0.003844,-0.018901,-0.007785,-4.8,-10.32,-38.76,141.2875,-5.0303,0.361,55.813995,37.500454,222.4711,1134
-0.059857,0.811659,9.838076,-0.011175,-0.009128,-0.007785,-4.8,-10.32,-38.76,141.2875,-5.0303,0.361,55.813995,37.500454,222.4711,1143
-0.059857,0.811659,9.838076,-0.02889,0.012864,0.006265,-4.8,-9.72,-39.06,141.245,-5.0507,0.356,55.813995,37.500454,222.4711,1154
-0.076617,0.804476,9.885961,-0.036831,0.01714,0.012985,-4.56,-10.14,-39.18,141.245,-5.0507,0.356,55.813995,37.500454,222.4711,1164
-0.057463,0.806871,9.909904,-0.033777,0.014085,0.013595,-4.56,-10.14,-39.18,141.245,-5.0507,0.356,55.813995,37.500454,222.4711,1173
-0.05028,0.818842,9.890749,-0.028279,0.012253,0.00993,-4.74,-9.72,-39.06,141.245,-5.0507,0.356,55.813995,37.500454,222.4711,1184
-0.040703,0.845179,9.893144,-0.019727,0.015918,0.005043,-4.62,-10.32,-38.82,141.3323,-4.9797,0.3902,55.813995,37.500454,222.4711,1194
-0.040703,0.845179,9.893144,-0.00079,0.012253,0.000767,-4.62,-10.32,-38.82,141.3323,-4.9797,0.3902,55.813995,37.500454,222.4711,1203
-0.026337,0.816448,9.90272,0.014482,0.004311,-0.005341,-4.74,-9.9,-38.64,141.3323,-4.9797,0.3902,55.813995,37.500454,222.4711,1214
0,0.811659,9.852441,0.014482,0.004311,-0.005341,-4.74,-9.9,-38.64,141.3323,-4.9797,0.3902,55.813995,37.500454,222.4711,1224
-0.026337,0.871516,9.814133,0.01998,-0.001797,-0.013894,-4.68,-9.84,-39,141.5125,-4.9137,0.3939,55.813995,37.500454,222.4711,1233
-0.052674,0.87391,9.79019,0.023645,-0.012182,-0.013894,-4.68,-9.84,-39,141.5125,-4.9137,0.3939,55.813995,37.500454,222.4711,1243
-0.052674,0.87391,9.79019,0.012038,-0.007295,-0.009007,-5.22,-10.32,-39.3,141.5125,-4.9137,0.3939,55.813995,37.500454,222.4711,1253
-0.047885,0.876305,9.72315,-0.008731,-0.006684,-0.007785,-5.22,-10.32,-39.3,141.5125,-4.9137,0.3939,55.813995,37.500454,222.4711,1264
-0.079011,0.818842,9.718362,-0.022781,-0.002408,0.000767,-5.16,-10.5,-39.06,141.5873,-4.9257,0.3632,55.813995,37.500454,222.4711,1273
-0.047885,0.823631,9.80695,-0.026446,0.009809,0.005654,-5.16,-10.5,-39.06,141.5873,-4.9257,0.3632,55.813995,37.500454,222.4711,1284
-0.043097,0.87391,9.79019,-0.028279,0.018972,0.008098,-4.98,-10.8,-38.88,141.5873,-4.9257,0.3632,55.813995,37.500454,222.4711,1294
-0.043097,0.87391,9.79019,-0.023392,0.017751,0.012985,-4.98,-10.8,-38.88,141.5873,-4.9257,0.3632,55.813995,37.500454,222.4711,1304
-0.05028,0.833208,9.835681,-0.023392,0.017751,0.012985,-5.34,-10.56,-38.52,145.5637,-4.8868,0.3507,55.813995,37.500454,222.4711,1314
-0.03352,0.828419,9.826104,-0.013007,0.005533,0.011763,-5.34,-10.56,-38.52,145.5637,-4.8868,0.3507,55.813995,37.500454,222.4711,1324
-0.057463,0.768562,9.893144,-0.017894,-0.003019,0.000156,-5.4,-10.2,-38.64,145.5637,-4.8868,0.3507,55.813995,37.500454,222.4711,1334
-0.0838,0.809265,9.917087,-0.011785,-0.001797,0.003822,-5.4,-10.2,-38.64,145.5637,-4.8868,0.3507,55.813995,37.500454,222.4711,1344
-0.0838,0.809265,9.917087,0.005319,0.001868,0.001989,-4.74,-10.32,-38.88,141.9141,-4.8497,0.3335,55.813995,37.500454,222.4711,1354
-0.0838,0.802082,9.821315,0.018147,-0.001797,-0.003509,-4.74,-10.32,-38.88,141.9141,-4.8497,0.3335,55.813995,37.500454,222.4711,1363
-0.06704,0.847573,9.794978,0.01326,0.001257,0.000767,-4.68,-10.38,-38.88,141.9141,-4.8497,0.3335,55.813995,37.500454,222.4711,1374
-0.038308,0.833208,9.754275,0.008984,0.007977,0.007487,-4.68,-10.38,-38.88,141.9141,-4.8497,0.3335,55.813995,37.500454,222.4711,1384
-0.038308,0.833208,9.754275,-0.00079,0.002479,0.006876,-5.4,-10.56,-38.82,145.6697,-4.8535,0.3433,55.813995,37.500454,222.4711,1393
0,0.806871,9.823709,0.002875,-0.00363,-0.001676,-5.4,-10.56,-38.82,145.6697,-4.8535,0.3433,55.813995,37.500454,222.4711,1404
-0.040703,0.804476,9.826104,0.004097,-0.006073,-0.008396,-5.4,-10.74,-38.82,145.6697,-4.8535,0.3433,55.813995,37.500454,222.4711,1413
-0.074223,0.804476,9.804555,-0.009953,-0.002408,0.006265,-5.4,-10.74,-38.82,145.6697,-4.8535,0.3433,55.813995,37.500454,222.4711,1424
-0.074223,0.804476,9.804555,-0.015451,0.011031,0.011152,-5.34,-10.62,-39.36,145.8185,-4.8329,0.3145,55.813995,37.500454,222.4711,1434
-0.040703,0.828419,9.79019,-0.015451,0.011031,0.011152,-5.34,-10.62,-39.36,145.8185,-4.8329,0.3145,55.813995,37.500454,222.4711,1444
-0.052674,0.847573,9.797373,-0.009342,0.011642,0.005043,-5.1,-10.32,-39.3,145.8185,-4.8329,0.3145,55.813995,37.500454,222.4711,1454
-0.114925,0.878699,9.785401,-0.009342,0.011642,0.005043,-5.1,-10.32,-39.3,145.8185,-4.8329,0.3145,55.813995,37.500454,222.4711,1463
-0.074223,0.883487,9.794978,-0.004455,-0.002408,0.010541,-4.74,-10.32,-38.7,142.0687,-4.7935,0.3356,55.813995,37.500454,222.4711,1474
-0.076617,0.900247,9.792584,-0.003233,-0.001186,-0.003509,-4.74,-10.32,-38.7,142.0687,-4.7935,0.3356,55.813995,37.500454,222.4711,1483
-0.076617,0.900247,9.792584,-0.005066,0.003701,-0.021835,-4.74,-10.5,-38.64,142.0687,-4.7935,0.3356,55.813995,37.500454,222.4711,1494
-0.007183,0.964893,9.830893,-0.00812,0.001257,-0.024889,-4.74,-10.5,-38.64,142.0687,-4.7935,0.3356,55.813995,37.500454,222.4711,1504
-0.191542,0.735042,9.838076,-0.004455,-0.01096,-0.002287,-5.16,-10.02,-38.4,142.2047,-4.8579,0.3529,55.813995,37.500454,222.4711,1513
-0.217879,0.72786,9.950606,-0.004455,-0.01096,-0.002287,-5.16,-10.02,-38.4,142.2047,-4.8579,0.3529,55.813995,37.500454,222.4711,1524
-0.004789,0.878699,9.881172,0.003486,-0.01768,0.00993,-5.28,-9.66,-37.86,142.2047,-4.8579,0.3529,55.813995,37.500454,222.4711,1533
-0.004789,0.878699,9.881172,0.002264,-0.020734,0.003822,-5.28,-9.66,-37.86,142.2047,-4.8579,0.3529,55.813995,37.500454,222.4711,1544
0,0.826025,9.823709,-0.002012,-0.020123,0.001378,-4.98,-9.96,-38.64,141.7289,-4.8578,0.3788,55.813995,37.500454,222.4711,1553
-0.076617,0.756591,9.845258,-0.003233,-0.012182,0.000767,-4.98,-9.96,-38.64,141.7289,-4.8578,0.3788,55.813995,37.500454,222.4711,1563
-0.076617,0.756591,9.845258,-0.003233,3.5E-05,0.003211,-4.44,-10.26,-38.82,141.7289,-4.8578,0.3788,55.813995,37.500454,222.4711,1574
-0.047885,0.790111,9.914692,0.002875,0.011642,-0.005341,-4.44,-10.26,-38.82,141.7289,-4.8578,0.3788,55.813995,37.500454,222.4711,1584
-0.079011,0.749408,9.859624,0.011427,0.030579,-0.003509,-4.86,-10.56,-37.92,145.9287,-4.8134,0.3903,55.813995,37.500454,222.4711,1594
-0.038308,0.814053,9.830893,0.00593,0.036687,0.007487,-4.86,-10.56,-37.92,145.9287,-4.8134,0.3903,55.813995,37.500454,222.4711,1604
-0.038308,0.814053,9.830893,0.001654,0.036076,0.004432,-5.46,-10.44,-37.8,145.9287,-4.8134,0.3903,55.813995,37.500454,222.4711,1613
-0.076617,0.806871,9.73991,0.002264,0.015918,0.003211,-5.46,-10.44,-37.8,145.9287,-4.8134,0.3903,55.813995,37.500454,222.4711,1624
-0.0838,0.811659,9.751882,0.003486,0.015307,0.000767,-5.22,-10.02,-37.74,142.1642,-4.781,0.426,55.813995,37.500454,222.4711,1634
-0.112531,0.763774,9.802161,0.004097,0.022637,0.003211,-5.22,-10.02,-37.74,142.1642,-4.781,0.426,55.813995,37.500454,222.4711,1643
-0.126897,0.806871,9.787795,-0.002622,0.02447,0.012985,-5.46,-10.32,-37.98,142.1642,-4.781,0.426,55.813995,37.500454,222.4711,1654
-0.086194,0.828419,9.77343,-0.005066,0.026303,0.010541,-5.46,-10.32,-37.98,142.1642,-4.781,0.426,55.813995,37.500454,222.4711,1664
-0.086194,0.828419,9.77343,-0.005066,0.026303,0.010541,-5.46,-10.32,-37.92,142.0866,-4.7286,0.4904,55.813995,37.500454,222.4711,1674
-0.086194,0.828419,9.742304,-0.011175,0.025692,0.007487,-5.46,-10.32,-37.92,142.0866,-4.7286,0.4904,55.813995,37.500454,222.4711,1684
-0.129291,0.842785,9.768641,-0.01484,0.02447,0.008098,-4.68,-10.32,-37.92,142.0866,-4.7286,0.4904,55.813995,37.500454,222.4711,1694
-0.057463,0.885882,9.737515,-0.011175,0.014085,0.006265,-4.68,-10.32,-37.92,142.0866,-4.7286,0.4904,55.813995,37.500454,222.4711,1704
-0.057463,0.885882,9.737515,-0.005677,-0.007906,0.000767,-4.62,-10.32,-38.04,142.025,-4.719,0.5161,55.813995,37.500454,222.4711,1713
-0.045491,0.90743,9.742304,-0.00079,-0.035395,-0.003509,-4.62,-10.32,-38.04,142.025,-4.719,0.5161,55.813995,37.500454,222.4711,1723
-0.098165,0.859545,9.747093,0.001654,-0.036616,-0.002898,-5.46,-10.08,-38.1,142.025,-4.719,0.5161,55.813995,37.500454,222.4711,1734
-0.071828,0.87391,9.718362,-0.013007,-0.04639,0.003822,-5.46,-10.08,-38.1,142.025,-4.719,0.5161,55.813995,37.500454,222.4711,1743
-0.069434,0.849968,9.780613,-0.027057,-0.033562,0.00993,-5.58,-10.08,-37.92,137.0805,-4.7563,0.5148,55.813995,37.500454,222.4711,1754
-0.117319,0.830813,9.857229,-0.031333,-0.019512,0.011763,-5.58,-10.08,-37.92,137.0805,-4.7563,0.5148,55.813995,37.500454,222.4711,1764
-0.117319,0.830813,9.857229,-0.023392,-0.015236,0.00993,-5.04,-10.26,-37.74,137.0805,-4.7563,0.5148,55.813995,37.500454,222.4711,1773
-0.086194,0.842785,9.859624,-0.017283,-0.010349,0.008098,-5.04,-10.26,-37.74,137.0805,-4.7563,0.5148,55.813995,37.500454,222.4711,1784
-0.090982,0.770957,9.840469,-0.017283,-0.010349,0.008098,-4.62,-10.62,-38.1,145.7949,-4.8065,0.4355,55.813995,37.500454,222.4711,1793
-0.076617,0.787716,9.881172,-0.01484,-0.017069,0.006265,-4.62,-10.62,-38.1,145.7949,-4.8065,0.4355,55.813995,37.500454,222.4711,1804
-0.076617,0.787716,9.881172,-0.013007,-0.014625,0.004432,-4.26,-10.56,-38.52,145.7949,-4.8065,0.4355,55.813995,37.500454,222.4711,1814
-0.090982,0.775745,9.929058,-0.006288,-0.012182,0.001378,-4.26,-10.56,-38.52,145.7949,-4.8065,0.4355,55.813995,37.500454,222.4711,1823
-0.057463,0.802082,9.957788,-0.006288,-0.012182,0.001378,-4.38,-10.02,-38.7,147.3929,-4.7898,0.4308,55.813995,37.500454,222.4711,1834
-0.064645,0.802082,9.921875,0.001043,-0.013404,-0.001676,-4.38,-10.02,-38.7,147.3929,-4.7898,0.4308,55.813995,37.500454,222.4711,1844
-0.079011,0.835602,9.876384,0.00593,-0.018901,-0.000454,-4.86,-9.96,-37.74,147.3929,-4.7898,0.4308,55.813995,37.500454,222.4711,1853
-0.079011,0.835602,9.876384,0.013871,-0.011571,0.001989,-4.86,-9.96,-37.74,147.3929,-4.7898,0.4308,55.813995,37.500454,222.4711,1864
-0.071828,0.87391,9.783007,0.002264,-0.007295,-0.000454,-4.86,-10.2,-37.68,142.246,-4.7561,0.4221,55.813995,37.500454,222.4711,1873
-0.088588,0.89067,9.708784,0.000432,-0.004241,-0.001065,-4.86,-10.2,-37.68,142.246,-4.7561,0.4221,55.813995,37.500454,222.4711,1884
-0.086194,0.885882,9.759064,-0.002622,0.001257,-0.006563,-4.86,-10.38,-38.28,142.246,-4.7561,0.4221,55.813995,37.500454,222.4711,1894
-0.081405,0.811659,9.818921,-0.005677,0.003701,-0.010228,-4.86,-10.38,-38.28,142.246,-4.7561,0.4221,55.813995,37.500454,222.4711,1904
-0.081405,0.811659,9.818921,-0.005677,0.003701,-0.010228,-4.86,-10.68,-38.58,145.6057,-4.773,0.4186,55.813995,37.500454,222.4711,1914
-0.031126,0.814053,9.862018,-0.004455,0.013474,-0.008396,-4.86,-10.68,-38.58,145.6057,-4.773,0.4186,55.813995,37.500454,222.4711,1924
-0.028731,0.802082,9.871595,0.008984,-0.001186,-0.015115,-5.22,-10.32,-38.7,145.6057,-4.773,0.4186,55.813995,37.500454,222.4711,1933
-0.045491,0.816448,9.893144,0.027921,-0.010349,-0.01878,-5.22,-10.32,-38.7,145.6057,-4.773,0.4186,55.813995,37.500454,222.4711,1944
-0.043097,0.821236,9.852441,0.035862,-0.012182,-0.013894,-5.58,-9.78,-38.82,136.7974,-4.7995,0.4376,55.813995,37.500454,222.4711,1954
-0.059857,0.816448,9.759064,0.032197,-0.01096,-0.007785,-5.58,-9.78,-38.82,136.7974,-4.7995,0.4376,55.81399,37.500458,219.5426,1963
-0.059857,0.816448,9.759064,0.010817,-0.014625,-0.005952,-6.06,-9.6,-38.82,136.7974,-4.7995,0.4376,55.81399,37.500458,219.5426,1973
-0.064645,0.806871,9.720756,-0.010564,-0.016458,-0.002287,-6.06,-9.6,-38.82,136.7974,-4.7995,0.4376,55.81399,37.500458,219.5426,1984
-0.069434,0.821236,9.847652,-0.010564,-0.016458,-0.002287,-6.18,-9.78,-38.64,136.8589,-4.836,0.3822,55.81399,37.500458,219.5426,1993
-0.064645,0.814053,9.943423,-0.013007,-0.010349,-0.005952,-6.18,-9.78,-38.64,136.8589,-4.836,0.3822,55.81399,37.500458,219.5426,2004
-0.064645,0.814053,9.943423,0.004097,-0.005462,-0.01145,-5.46,-10.2,-38.46,136.8589,-4.836,0.3822,55.81399,37.500458,219.5426,2013
-0.095771,0.816448,9.924269,0.010206,0.000646,-0.010839,-5.46,-10.2,-38.46,136.8589,-4.836,0.3822,55.81399,37.500458,219.5426,2024
-0.102954,0.823631,9.785401,0.017536,3.5E-05,-0.004731,-4.98,-10.26,-38.46,142.3376,-4.8165,0.3477,55.81399,37.500458,219.5426,2033
-0.129291,0.802082,9.780613,0.01326,0.001257,-0.001676,-4.98,-10.26,-38.46,142.3376,-4.8165,0.3477,55.81399,37.500458,219.5426,2044
-0.129291,0.802082,9.780613,-0.00079,0.014085,-0.002287,-4.8,-10.62,-38.58,142.3376,-4.8165,0.3477,55.81399,37.500458,219.5426,2054
-0.148445,0.799688,9.80695,-0.016061,0.025081,0.0026,-4.74,-10.56,-38.88,142.3376,-4.8165,0.3477,55.81399,37.500458,219.5426,2064
-0.10056,0.830813,9.835681,-0.028279,0.022027,0.000767,-4.74,-10.56,-38.88,142.3376,-4.8165,0.3477,55.81399,37.500458,219.5426,2073
-0.047885,0.90743,9.876384,-0.018505,0.011031,-0.015726,-4.86,-10.32,-38.94,141.8079,-4.8104,0.395,55.81399,37.500458,219.5426,2084
-0.047885,0.90743,9.876384,-0.018505,0.011031,-0.015726,-4.86,-10.32,-38.94,141.8079,-4.8104,0.395,55.81399,37.500458,219.5426,2093
-0.045491,0.888276,9.93624,0.001654,-0.017069,-0.03283,-4.98,-9.96,-38.76,141.8079,-4.8104,0.395,55.81399,37.500458,219.5426,2103
-0.081405,0.806871,9.890749,0.025477,-0.023788,-0.031609,-4.98,-9.96,-38.76,141.8079,-4.8104,0.395,55.81399,37.500458,219.5426,2114
-0.114925,0.770957,9.787795,0.02731,-0.028064,-0.030998,-4.68,-10.14,-38.28,142.0472,-4.784,0.4575,55.81399,37.500458,219.5426,2123
-0.138868,0.775745,9.785401,0.023645,-0.020123,-0.026722,-4.68,-10.14,-38.28,142.0472,-4.784,0.4575,55.81399,37.500458,219.5426,2133
-0.138868,0.775745,9.785401,0.019369,0.004311,-0.009007,-4.68,-10.5,-38.22,142.0472,-4.784,0.4575,55.81399,37.500458,219.5426,2144
-0.136474,0.826025,9.787795,0.016925,0.023859,0.003822,-5.46,-10.62,-38.34,142.0472,-4.784,0.4575,55.81399,37.500458,219.5426,2154
-0.088588,0.859545,9.725544,0.018147,0.018972,0.012374,-5.46,-10.62,-38.34,142.0472,-4.784,0.4575,55.81399,37.500458,219.5426,2163
-0.086194,0.823631,9.718362,0.010206,0.001868,0.009319,-6.18,-9.96,-38.76,136.6013,-4.8351,0.4675,55.81399,37.500458,219.5426,2174
-0.107742,0.816448,9.761458,0.004097,-0.004241,0.014206,-6.18,-9.96,-38.76,136.6013,-4.8351,0.4675,55.81399,37.500458,219.5426,2184
-0.107742,0.816448,9.761458,0.004097,-0.004241,0.014206,-5.4,-9.96,-38.28,136.6013,-4.8351,0.4675,55.81399,37.500458,219.5426,2194
-0.146051,0.823631,9.785401,-0.009953,-0.017069,0.008708,-5.4,-9.96,-38.28,136.6013,-4.8351,0.4675,55.81399,37.500458,219.5426,2204
-0.141262,0.768562,9.924269,-0.017894,-0.023177,0.00993,-5.46,-10.08,-38.16,141.7029,-4.8511,0.5036,55.81399,37.500458,219.5426,2214
-0.107742,0.804476,9.96976,-0.011785,-0.025621,0.015428,-5.46,-10.08,-38.16,141.7029,-4.8511,0.5036,55.81399,37.500458,219.5426,2224
-0.107742,0.804476,9.96976,-0.002622,-0.025621,0.01665,-5.58,-10.02,-38.64,141.7029,-4.8511,0.5036,55.81399,37.500458,219.5426,2233
-0.052674,0.797294,9.864412,0.007762,-0.034173,0.016039,-5.58,-10.02,-38.64,141.7029,-4.8511,0.5036,55.81399,37.500458,219.5426,2244
-0.035914,0.768562,9.799767,0.004097,-0.040893,0.011763,-5.4,-10.38,-38.46,141.8178,-4.8011,0.5106,55.81399,37.500458,219.5426,2253
-0.028731,0.787716,9.802161,-0.000179,-0.040282,0.011152,-5.4,-10.38,-38.46,141.8178,-4.8011,0.5106,55.81399,37.500458,219.5426,2264
0.023943,0.849968,9.852441,0.001654,-0.03234,0.005043,-5.52,-10.26,-38.22,141.8178,-4.8011,0.5106,55.81399,37.500458,219.5426,2274
0.023943,0.849968,9.852441,0.00593,-0.027454,0.000156,-5.52,-10.26,-38.22,141.8178,-4.8011,0.5106,55.81399,37.500458,219.5426,2284
-0.035914,0.797294,9.866806,0.007762,-0.008517,0.005654,-5.22,-10.08,-37.74,142.1289,-4.7621,0.4513,55.81399,37.500458,219.5426,2294
-0.064645,0.761379,9.878778,0.002264,0.03119,0.011763,-5.22,-10.08,-37.74,142.1289,-4.7621,0.4513,55.81399,37.500458,219.5426,2303
-0.088588,0.730254,9.838076,-0.003844,0.043407,0.016039,-4.74,-9.66,-38.34,142.1289,-4.7621,0.4513,55.81399,37.500458,219.5426,2314
-0.088588,0.730254,9.838076,-0.014229,0.058068,0.024591,-4.74,-9.66,-38.34,142.1289,-4.7621,0.4513,55.81399,37.500458,219.5426,2324
-0.0838,0.751802,9.859624,-0.016672,0.055624,0.020926,-4.56,-10.08,-39.18,142.0533,-4.7405,0.3823,55.81399,37.500458,219.5426,2334
-0.040703,0.739831,9.914692,-0.016672,0.055624,0.020926,-4.56,-10.08,-39.18,142.0533,-4.7405,0.3823,55.81399,37.500458,219.5426,2343
-0.002394,0.802082,9.914692,-0.00079,0.040963,0.012374,-4.92,-10.02,-39.18,142.0533,-4.7405,0.3823,55.81399,37.500458,219.5426,2354
-0.002394,0.802082,9.914692,0.021201,0.007366,-0.000454,-4.92,-10.02,-39.18,142.0533,-4.7405,0.3823,55.81399,37.500458,219.5426,2364
-0.01676,0.854756,9.830893,0.041971,-0.017069,-0.007174,-4.92,-9.6,-38.94,141.9141,-4.6651,0.4821,55.81399,37.500458,219.5426,2374
-0.03352,0.852362,9.804555,0.052355,-0.037838,-0.007174,-4.92,-9.6,-38.94,141.9141,-4.6651,0.4821,55.81399,37.500458,219.5426,2383
-0.090982,0.842785,9.636956,0.046858,-0.03234,-0.007785,-4.98,-10.08,-38.88,141.9141,-4.6651,0.4821,55.81399,37.500458,219.5426,2394
-0.126897,0.864333,9.569917,0.021201,-0.024399,0.007487,-4.98,-10.08,-38.88,141.9141,-4.6651,0.4821,55.81399,37.500458,219.5426,2404
-0.126897,0.864333,9.569917,-0.013007,0.000646,0.014206,-4.62,-10.68,-38.82,145.5417,-4.7325,0.4659,55.81399,37.500458,219.5426,2413
-0.074223,0.883487,9.63935,-0.039885,0.01714,0.014206,-4.62,-10.68,-38.82,145.5417,-4.7325,0.4659,55.81399,37.500458,219.5426,2424
-0.040703,0.845179,9.77343,-0.047216,0.017751,0.011763,-4.92,-10.56,-38.52,145.5417,-4.7325,0.4659,55.81399,37.500458,219.5426,2434
-0.079011,0.823631,10.017646,-0.047216,0.017751,0.011763,-4.92,-10.56,-38.52,145.5417,-4.7325,0.4659,55.81399,37.500458,219.5426,2444
-0.079011,0.823631,10.017646,-0.032555,0.021416,0.006265,-5.4,-10.38,-38.16,142.2138,-4.7558,0.4317,55.81399,37.500458,219.5426,2454
-0.059857,0.780534,10.075109,0.012038,0.01042,-0.001676,-5.4,-10.38,-38.16,142.2138,-4.7558,0.4317,55.81399,37.500458,219.5426,2464
-0.035914,0.814053,10.039194,0.037695,-0.004851,-0.010228,-4.74,-10.74,-38.4,142.2138,-4.7558,0.4317,55.81399,37.500458,219.5426,2474
-0.076617,0.830813,9.941029,0.04869,-0.015236,-0.008396,-4.74,-10.74,-38.4,142.2138,-4.7558,0.4317,55.81399,37.500458,219.5426,2484
-0.076617,0.830813,9.941029,0.043192,-0.005462,0.000767,-5.4,-10.98,-38.58,145.6242,-4.7068,0.4597,55.81399,37.500458,219.5426,2494
-0.122108,0.802082,9.859624,0.019369,0.000646,0.007487,-5.4,-10.98,-38.58,145.6242,-4.7068,0.4597,55.81399,37.500458,219.5426,2504
-0.110137,0.792505,9.852441,-0.005066,0.006144,0.021537,-5.22,-10.62,-38.16,145.6242,-4.7068,0.4597,55.81399,37.500458,219.5426,2514
-0.110137,0.792505,9.852441,-0.016672,0.004922,0.029478,-5.22,-10.62,-38.16,145.6242,-4.7068,0.4597,55.81399,37.500458,219.5426,2523
-0.059857,0.852362,9.90272,-0.001401,-0.002408,0.02398,-4.56,-10.2,-38.64,141.7822,-4.7853,0.4225,55.81399,37.500458,219.5426,2534
0.002394,0.895459,9.885961,-0.001401,-0.002408,0.02398,-4.56,-10.2,-38.64,141.7822,-4.7853,0.4225,55.81399,37.500458,219.5426,2544
-0.052674,0.871516,9.833286,0.023645,-0.017069,0.007487,-5.1,-10.8,-38.88,141.7822,-4.7853,0.4225,55.81399,37.500458,219.5426,2554
-0.052674,0.871516,9.833286,0.043192,-0.024399,-0.001065,-5.1,-10.8,-38.88,141.7822,-4.7853,0.4225,55.81399,37.500458,219.5426,2564
-0.088588,0.85715,9.730332,0.032197,-0.02501,-0.005341,-5.22,-10.2,-38.58,141.832,-4.7698,0.421,55.81399,37.500458,219.5426,2573
-0.023943,0.914613,9.715967,0.015704,-0.011571,-0.003509,-5.22,-10.2,-38.58,141.832,-4.7698,0.421,55.81399,37.500458,219.5426,2584
-0.023943,0.914613,9.715967,-0.026446,0.016529,-0.00412,-4.86,-9.66,-38.34,141.832,-4.7698,0.421,55.81399,37.500458,219.5426,2594
-0.045491,0.84039,9.725544,-0.027057,0.012253,-0.012061,-4.86,-9.66,-38.34,141.832,-4.7698,0.421,55.81399,37.500458,219.5426,2603
-0.045491,0.84039,9.725544,-0.027057,0.012253,-0.012061,-4.56,-10.44,-38.58,141.7399,-4.8806,0.3572,55.81399,37.500458,219.5426,2615
-0.102954,0.775745,9.938635,-0.01484,0.006144,-0.01878,-4.56,-10.44,-38.58,141.7399,-4.8806,0.3572,55.81399,37.500458,219.5426,2624
-0.102954,0.775745,9.938635,-0.01484,0.006144,-0.01878,-4.56,-10.44,-38.58,141.7399,-4.8806,0.3572,55.81399,37.500458,219.5426,2634
-0.138868,0.775745,9.900327,0.016925,-0.004851,-0.012672,-4.62,-10.62,-39,141.7399,-4.8806,0.3572,55.81399,37.500458,219.5426,2644
-0.040703,0.785322,9.799767,0.003486,0.001868,-0.001676,-4.38,-10.44,-38.64,147.3448,-4.893,0.3748,55.81399,37.500458,219.5426,2653
-0.035914,0.823631,9.854836,-0.005066,0.013474,0.000767,-4.38,-10.44,-38.64,147.3448,-4.893,0.3748,55.81399,37.500458,219.5426,2665
-0.059857,0.85715,9.857229,-0.002012,0.011642,-0.002287,-4.26,-10.44,-38.34,147.3448,-4.893,0.3748,55.81399,37.500458,219.5426,2674
-0.031126,0.888276,9.823709,0.004097,3.5E-05,-0.001676,-4.26,-10.44,-38.34,147.3448,-4.893,0.3748,55.81399,37.500458,219.5426,2684
-0.031126,0.888276,9.823709,-0.000179,-0.005462,-0.002898,-5.16,-10.44,-37.74,142.0583,-4.8553,0.3971,55.81399,37.500458,219.5426,2694
-0.028731,0.869122,9.80695,-0.003844,-0.013404,-0.009617,-5.16,-10.44,-37.74,142.0583,-4.8553,0.3971,55.81399,37.500458,219.5426,2703
-0.028731,0.869122,9.80695,-0.003844,-0.013404,-0.009617,-5.76,-10.2,-38.16,142.0583,-4.8553,0.3971,55.81399,37.500458,219.5426,2714
-0.040703,0.871516,9.768641,-0.00812,-0.023788,-0.015115,-5.76,-10.2,-38.16,142.0583,-4.8553,0.3971,55.81399,37.500458,219.5426,2724
-0.045491,0.878699,9.847652,-0.015451,-0.028064,-0.016948,-5.7,-10.68,-38.82,140.8101,-4.8521,0.3664,55.81399,37.500458,219.5426,2734
-0.045491,0.878699,9.847652,-0.012396,-0.021956,-0.012672,-5.7,-10.68,-38.82,140.8101,-4.8521,0.3664,55.81399,37.500458,219.5426,2745
-0.026337,0.931373,9.909904,-0.00812,-0.015236,-0.013283,-5.7,-10.92,-38.82,140.8101,-4.8521,0.3664,55.81399,37.500458,219.5426,2754
-0.095771,0.814053,9.897932,-0.004455,0.001868,-0.022446,-5.7,-10.92,-38.82,140.8101,-4.8521,0.3664,55.81399,37.500458,219.5426,2764
-0.162811,0.747014,9.912297,-0.002012,0.01042,-0.016337,-5.34,-10.44,-39,141.9504,-4.8803,0.2989,55.81399,37.500458,219.5426,2774
-0.162811,0.747014,9.912297,-0.000179,0.007977,-0.004731,-5.28,-10.26,-38.94,141.9504,-4.8803,0.2989,55.81399,37.500458,219.5426,2784
-0.117319,0.770957,9.921875,0.008984,-0.018291,-0.001065,-5.28,-10.26,-38.94,141.9504,-4.8803,0.2989,55.81399,37.500458,219.5426,2794
-0.035914,0.818842,9.895537,0.007762,-0.029286,-0.006563,-5.22,-10.56,-39.3,141.9504,-4.8803,0.2989,55.81399,37.500458,219.5426,2804
-0.035914,0.818842,9.895537,0.007762,-0.029286,-0.006563,-5.22,-10.56,-39.3,141.9504,-4.8803,0.2989,55.81399,37.500458,219.5426,2813
-0.002394,0.849968,9.842864,0.001043,-0.031119,-0.013283,-5.1,-10.92,-39.12,145.5868,-4.8916,0.3406,55.81399,37.500458,219.5426,2824
-0.045491,0.859545,9.833286,0.007151,-0.035395,-0.01878,-5.22,-10.62,-38.82,145.5868,-4.8916,0.3406,55.81399,37.500458,219.5426,2834
-0.079011,0.881093,9.895537,0.007151,-0.026843,-0.015726,-5.22,-10.62,-38.82,145.5868,-4.8916,0.3406,55.81399,37.500458,219.5426,2844
-0.079011,0.881093,9.895537,0.005319,-0.012182,-0.007174,-5.7,-10.62,-38.22,145.5868,-4.8916,0.3406,55.81399,37.500458,219.5426,2854
-0.057463,0.928979,9.80695,0.005319,0.005533,0.007487,-5.7,-10.62,-38.22,145.5868,-4.8916,0.3406,55.81399,37.500458,219.5426,2864
-0.03352,0.912219,9.785401,0.001043,0.009198,0.008708,-5.4,-10.68,-38.46,146.1368,-4.882,0.2805,55.81399,37.500458,219.5426,2873
-0.10056,0.854756,9.73991,-0.002622,0.030579,0.003211,-5.4,-10.68,-38.46,146.1368,-4.882,0.2805,55.81399,37.500458,219.5426,2884
-0.10056,0.854756,9.73991,-0.009953,0.028746,-0.00412,-4.62,-10.68,-38.88,146.1368,-4.882,0.2805,55.81399,37.500458,219.5426,2894
-0.153234,0.823631,9.797373,-0.007509,0.014696,-0.005341,-4.62,-10.68,-38.88,146.1368,-4.882,0.2805,55.81399,37.500458,219.5426,2905
-0.153234,0.823631,9.797373,-0.006899,-0.003019,-0.010228,-4.98,-10.86,-39.06,145.532,-4.9309,0.3287,55.81399,37.500458,219.5426,2915
-0.165205,0.842785,9.938635,-0.001401,-0.009738,-0.008396,-4.98,-10.98,-39.06,145.532,-4.9309,0.3287,55.813995,37.50046,215.4071,2923
-0.098165,0.830813,9.957788,0.018758,-0.016458,-0.010228,-4.98,-10.98,-39.06,145.532,-4.9309,0.3287,55.813995,37.50046,215.4071,2934
-0.043097,0.816448,9.840469,0.021812,-0.023177,-0.013283,-4.62,-10.38,-39,145.532,-4.9309,0.3287,55.813995,37.50046,215.4071,2943
-0.043097,0.816448,9.840469,0.01998,-0.020123,-0.015115,-4.62,-10.38,-39,145.532,-4.9309,0.3287,55.813995,37.50046,215.4071,2954
-0.05028,0.816448,9.787795,0.007762,-0.018291,-0.008396,-4.5,-9.78,-37.98,147.4378,-4.9491,0.4077,55.813995,37.50046,215.4071,2964
-0.038308,0.826025,9.859624,-0.000179,0.00309,-0.009617,-4.98,-10.26,-37.92,147.4378,-4.9491,0.4077,55.813995,37.50046,215.4071,2974
-0.038308,0.826025,9.859624,-0.000179,0.00309,-0.009617,-4.98,-10.26,-37.92,147.4378,-4.9491,0.4077,55.813995,37.50046,215.4071,2984
-0.043097,0.787716,9.98652,0.005319,0.022027,-0.002287,-5.16,-10.14,-38.34,147.4378,-4.9491,0.4077,55.813995,37.50046,215.4071,2994
-0.069434,0.775745,9.953,0.015093,0.028135,0.000767,-5.16,-10.14,-38.34,147.4378,-4.9491,0.4077,55.813995,37.50046,215.4071,3004
-0.069434,0.775745,9.953,0.026088,0.02447,-0.003509,-5.28,-10.5,-38.4,141.7792,-4.9369,0.4119,55.813995,37.50046,215.4071,3014
-0.081405,0.814053,9.823709,0.026088,0.02447,-0.003509,-5.28,-10.5,-38.4,141.7792,-4.9369,0.4119,55.813995,37.50046,215.4071,3024
-0.062251,0.816448,9.75667,0.02731,0.019583,0.0026,-4.74,-10.74,-38.22,141.7792,-4.9369,0.4119,55.813995,37.50046,215.4071,3034
-0.031126,0.931373,9.660899,0.001654,0.014085,-0.001065,-4.74,-10.74,-38.22,141.7792,-4.9369,0.4119,55.813995,37.50046,215.4071,3044
-0.031126,0.931373,9.660899,-0.005677,0.011642,-0.010228,-4.32,-10.5,-38.46,147.3874,-4.9087,0.4468,55.813995,37.50046,215.4071,3053
-0.079011,0.883487,9.692024,-0.005677,0.011642,-0.010228,-4.32,-10.5,-38.46,147.3874,-4.9087,0.4468,55.813995,37.50046,215.4071,3064
-0.134079,0.849968,9.771035,-0.001401,0.007366,-0.007785,-4.38,-10.26,-37.86,147.3874,-4.9087,0.4468,55.813995,37.50046,215.4071,3074
-0.124502,0.859545,9.780613,0.012649,-0.003019,-0.005341,-4.14,-10.38,-38.22,147.3874,-4.9087,0.4468,55.813995,37.50046,215.4071,3084
-0.0838,0.852362,9.80695,0.022423,-0.014014,-0.003509,-4.14,-10.38,-38.22,147.3874,-4.9087,0.4468,55.813995,37.50046,215.4071,3094
-0.0838,0.852362,9.80695,0.023645,-0.006684,-0.004731,-4.32,-9.66,-38.46,147.3164,-4.9296,0.4509,55.813995,37.50046,215.4071,3103
-0.086194,0.845179,9.759064,0.012649,0.004311,-0.007785,-4.56,-10.02,-38.52,147.3164,-4.9296,0.4509,55.813995,37.50046,215.4071,3114
-0.076617,0.866728,9.692024,-0.004455,0.000646,0.001989,-4.56,-10.02,-38.52,147.3164,-4.9296,0.4509,55.813995,37.50046,215.4071,3123
-0.052674,0.847573,9.718362,-0.013618,0.004922,0.000156,-4.44,-10.14,-38.04,147.3164,-4.9296,0.4509,55.813995,37.50046,215.4071,3134
-0.052674,0.847573,9.718362,-0.026446,-0.002408,0.006876,-4.44,-10.14,-38.04,147.3164,-4.9296,0.4509,55.813995,37.50046,215.4071,3143
-0.052674,0.837996,9.864412,-0.020948,-0.01096,0.005654,-4.62,-10.5,-38.04,141.4571,-4.982,0.4683,55.813995,37.50046,215.4071,3154
-0.052674,0.837996,9.864412,-0.020948,-0.01096,0.005654,-4.62,-10.5,-38.04,141.4571,-4.982,0.4683,55.813995,37.50046,215.4071,3164
-0.06704,0.852362,9.907509,-0.013007,-0.014014,0.003211,-5.28,-11.16,-37.56,141.4571,-4.982,0.4683,55.813995,37.50046,215.4071,3173
-0.028731,0.871516,9.888355,0.004097,-0.030508,-0.002287,-5.28,-11.16,-37.56,141.4571,-4.982,0.4683,55.813995,37.50046,215.4071,3184
-0.021548,0.905036,9.852441,0.007151,-0.02501,-0.001676,-5.04,-11.28,-37.74,145.3939,-4.9508,0.4547,55.813995,37.50046,215.4071,3193
-0.01676,0.917007,9.816526,0.007762,-0.018291,-0.004731,-5.04,-11.28,-37.74,145.3939,-4.9508,0.4547,55.813995,37.50046,215.4071,3204
-0.01676,0.917007,9.816526,0.004097,-0.009738,-0.010228,-4.98,-10.56,-38.04,145.3939,-4.9508,0.4547,55.813995,37.50046,215.4071,3214
-0.05028,0.888276,9.881172,0.002875,0.000646,-0.008396,-4.98,-10.56,-38.04,145.3939,-4.9508,0.4547,55.813995,37.50046,215.4071,3224
-0.074223,0.854756,9.90272,0.004708,0.01714,-0.001676,-5.82,-10.74,-38.1,140.7877,-4.9883,0.3743,55.813995,37.50046,215.4071,3234
-0.064645,0.893065,9.897932,0.004708,0.01714,-0.001676,-5.82,-10.74,-38.1,140.7877,-4.9883,0.3743,55.813995,37.50046,215.4071,3243
-0.064645,0.893065,9.897932,0.017536,0.017751,0.000156,-6.3,-11.34,-37.86,140.7877,-4.9883,0.3743,55.813995,37.50046,215.4071,3254
-0.043097,0.900247,9.838076,0.019369,0.01042,-0.009617,-6.3,-11.34,-37.86,140.7877,-4.9883,0.3743,55.813995,37.50046,215.4071,3265
-0.026337,0.871516,9.816526,0.010817,0.016529,-0.012061,-5.64,-11.16,-37.8,140.6941,-5.0318,0.3694,55.813995,37.50046,215.4071,3273
-0.038308,0.866728,9.850046,0.003486,0.01042,-0.016337,-5.64,-11.16,-37.8,140.6941,-5.0318,0.3694,55.813995,37.50046,215.4071,3284
-0.038308,0.866728,9.850046,0.003486,0.01042,-0.016337,-5.34,-10.44,-37.8,140.6941,-5.0318,0.3694,55.813995,37.50046,215.4071,3293
-0.062251,0.866728,9.883567,0.013871,0.013474,-0.019391,-5.34,-10.44,-37.8,140.6941,-5.0318,0.3694,55.813995,37.50046,215.4071,3304
-0.098165,0.835602,9.797373,0.011427,0.008588,-0.014504,-4.98,-10.74,-37.92,145.3638,-5.0686,0.38,55.813995,37.50046,215.4071,3313
-0.057463,0.883487,9.761458,0.012649,0.004922,-0.007174,-4.62,-10.62,-37.92,145.3638,-5.0686,0.38,55.813995,37.50046,215.4071,3324
-0.057463,0.883487,9.761458,0.008984,0.000646,-0.004731,-4.62,-10.62,-37.92,145.3638,-5.0686,0.38,55.813995,37.50046,215.4071,3334
-0.045491,0.90743,9.775824,0.002875,-0.002408,-0.012061,-4.38,-10.8,-37.62,145.3638,-5.0686,0.38,55.813995,37.50046,215.4071,3344
-0.081405,0.878699,9.759064,0.012649,-0.006684,-0.009617,-4.5,-10.62,-37.44,151.0433,-5.0836,0.3871,55.813995,37.50046,215.4071,3353
-0.06704,0.871516,9.77343,0.01998,-0.006684,-0.014504,-4.5,-10.62,-37.44,151.0433,-5.0836,0.3871,55.813995,37.50046,215.4071,3364
-0.06704,0.871516,9.77343,0.026699,-0.008517,-0.015726,-4.62,-10.62,-37.68,151.0433,-5.0836,0.3871,55.813995,37.50046,215.4071,3374
-0.035914,0.878699,9.761458,0.026699,-0.008517,-0.015726,-4.62,-10.62,-37.68,151.0433,-5.0836,0.3871,55.813995,37.50046,215.4071,3383
-0.059857,0.893065,9.730332,0.022423,-0.005462,-0.013283,-4.92,-10.02,-38.1,141.4328,-5.0983,0.3799,55.813995,37.50046,215.4071,3394
-0.110137,0.878699,9.751882,0.010206,0.004311,0.000156,-5.1,-10.14,-38.58,141.4328,-5.0983,0.3799,55.813995,37.50046,215.4071,3404
-0.110137,0.878699,9.751882,0.010206,0.004311,0.000156,-5.1,-10.14,-38.58,141.4328,-5.0983,0.3799,55.813995,37.50046,215.4071,3414
-0.086194,0.885882,9.775824,-0.011175,-0.001797,0.001378,-5.16,-9.84,-38.28,141.4328,-5.0983,0.3799,55.813995,37.50046,215.4071,3424
-0.086194,0.885882,9.775824,-0.011175,-0.001797,0.001378,-5.16,-9.84,-38.28,141.4328,-5.0983,0.3799,55.813995,37.50046,215.4071,3434
-0.110137,0.85715,9.828498,-0.013007,-0.006073,0.000767,-5.34,-9.72,-38.1,141.3134,-5.1382,0.3813,55.813995,37.50046,215.4071,3443
-0.110137,0.85715,9.828498,-0.013007,-0.006073,0.000767,-5.34,-9.72,-38.1,141.3134,-5.1382,0.3813,55.813995,37.50046,215.4071,3454
-0.114925,0.837996,9.826104,0.007762,-0.023788,-0.00412,-5.34,-9.72,-37.8,141.3134,-5.1382,0.3813,55.813995,37.50046,215.4071,3463
-0.124502,0.905036,9.742304,0.012038,-0.023788,-0.006563,-5.52,-10.56,-38.52,141.3134,-5.1382,0.3813,55.813995,37.50046,215.4071,3474
-0.124502,0.905036,9.742304,0.012038,-0.023788,-0.006563,-5.52,-10.56,-38.52,141.3134,-5.1382,0.3813,55.813995,37.50046,215.4071,3483
-0.102954,0.895459,9.747093,-0.002012,-0.01096,-0.00412,-5.34,-10.8,-38.16,145.1252,-5.1341,0.4043,55.813995,37.50046,215.4071,3494
-0.102954,0.895459,9.747093,-0.002012,-0.01096,-0.00412,-5.34,-10.8,-38.16,145.1252,-5.1341,0.4043,55.813995,37.50046,215.4071,3503
-0.081405,0.909824,9.77343,-0.016672,0.006755,0.0026,-5.28,-11.04,-38.1,145.1252,-5.1341,0.4043,55.813995,37.50046,215.4071,3514
-0.081405,0.909824,9.77343,-0.016672,0.006755,0.0026,-5.28,-11.04,-38.1,145.1252,-5.1341,0.4043,55.813995,37.50046,215.4071,3524
-0.026337,0.962499,9.787795,-0.017283,-0.001186,0.000767,-5.28,-10.62,-38.16,144.978,-5.1375,0.4459,55.813995,37.50046,215.4071,3534
-0.031126,0.943344,9.759064,-0.014229,-0.010349,-0.012672,-5.46,-10.38,-38.22,144.978,-5.1375,0.4459,55.813995,37.50046,215.4071,3543
-0.031126,0.943344,9.759064,-0.014229,-0.010349,-0.012672,-5.46,-10.38,-38.22,144.978,-5.1375,0.4459,55.813995,37.50046,215.4071,3554
-0.0838,0.849968,9.816526,-0.004455,-0.009738,-0.019391,-5.88,-10.92,-37.86,144.978,-5.1375,0.4459,55.813995,37.50046,215.4071,3563
-0.071828,0.888276,9.890749,0.000432,0.004311,-0.008396,-5.46,-10.92,-38.28,144.9174,-5.1614,0.4467,55.813995,37.50046,215.4071,3574
-0.071828,0.888276,9.890749,0.009595,0.011031,0.003211,-5.46,-10.92,-38.28,144.9174,-5.1614,0.4467,55.813995,37.50046,215.4071,3584
-0.095771,0.888276,9.780613,0.002875,0.01714,0.010541,-5.34,-10.2,-38.16,144.9174,-5.1614,0.4467,55.813995,37.50046,215.4071,3594
-0.148445,0.876305,9.725544,-0.005677,0.015918,0.017871,-4.98,-10.14,-37.86,144.9174,-5.1614,0.4467,55.813995,37.50046,215.4071,3604
-0.148445,0.876305,9.725544,-0.005677,0.015918,0.017871,-4.98,-10.14,-37.86,144.9174,-5.1614,0.4467,55.813995,37.50046,215.4071,3614
-0.177176,0.914613,9.792584,-0.027057,0.015918,0.015428,-4.44,-10.44,-37.08,147.02,-5.1886,0.4541,55.813995,37.50046,215.4071,3623
-0.177176,0.914613,9.792584,-0.006899,-0.024399,0.000156,-4.44,-10.44,-37.08,147.02,-5.1886,0.4541,55.813995,37.50046,215.4071,3634
-0.093377,0.89067,9.953,0.002264,-0.030508,-0.000454,-4.68,-10.86,-36.96,147.02,-5.1886,0.4541,55.813995,37.50046,215.4071,3643
0.019154,0.976864,9.842864,0.026088,-0.05311,-0.016337,-4.62,-10.92,-37.2,147.02,-5.1886,0.4541,55.813995,37.50046,215.4071,3654
0.019154,0.976864,9.842864,0.026088,-0.05311,-0.016337,-4.62,-10.92,-37.2,147.02,-5.1886,0.4541,55.813995,37.50046,215.4071,3666
-0.040703,0.909824,9.732727,0.027921,-0.048834,-0.012672,-5.46,-11.34,-37.92,144.6583,-5.1786,0.5119,55.813995,37.50046,215.4071,3674
-0.040703,0.909824,9.732727,0.027921,-0.048834,-0.012672,-5.46,-11.34,-37.92,144.6583,-5.1786,0.5119,55.813995,37.50046,215.4071,3684
-0.062251,0.876305,9.715967,-0.001401,-0.03173,-0.001065,-5.4,-10.5,-37.92,144.6583,-5.1786,0.5119,55.813995,37.50046,215.4071,3694
-0.062251,0.876305,9.715967,-0.029501,0.004922,0.014817,-5.4,-10.5,-37.92,144.6583,-5.1786,0.5119,55.813995,37.50046,215.4071,3703
-0.107742,0.826025,9.871595,-0.027668,0.018361,0.019704,-5.46,-10.26,-38.1,144.6583,-5.1786,0.5119,55.813995,37.50046,215.4071,3714
-0.023943,0.842785,10.022434,-0.010564,0.021416,0.012374,-5.4,-10.44,-38.1,140.9569,-5.2488,0.3915,55.813995,37.50046,215.4071,3723
-0.023943,0.842785,10.022434,-0.010564,0.021416,0.012374,-5.4,-10.44,-38.1,140.9569,-5.2488,0.3915,55.813995,37.50046,215.4071,3734
0.009577,0.842785,9.893144,0.017536,0.009198,0.006265,-5.34,-10.68,-38.22,140.9569,-5.2488,0.3915,55.813995,37.50046,215.4071,3743
-0.064645,0.849968,9.814133,0.032197,-0.007906,-0.00412,-5.52,-10.38,-38.16,140.9569,-5.2488,0.3915,55.813995,37.50046,215.4071,3754
-0.064645,0.849968,9.814133,0.032197,-0.007906,-0.00412,-5.52,-10.38,-38.16,140.9569,-5.2488,0.3915,55.813995,37.50046,215.4071,3765
-0.112531,0.881093,9.727939,0.016314,0.011031,0.012374,-5.76,-10.5,-38.28,136.215,-5.1724,0.401,55.813995,37.50046,215.4071,3773
-0.112531,0.881093,9.727939,0.016314,0.011031,0.012374,-5.76,-10.5,-38.28,136.215,-5.1724,0.401,55.813995,37.50046,215.4071,3784
-0.107742,0.897853,9.718362,-0.016061,0.018972,0.013595,-5.4,-10.8,-37.98,136.215,-5.1724,0.401,55.813995,37.50046,215.4071,3794
-0.090982,0.912219,9.833286,-0.006899,0.029357,0.008098,-5.58,-11.22,-37.62,136.215,-5.1724,0.401,55.813995,37.50046,215.4071,3804
-0.090982,0.912219,9.833286,0.006541,0.021416,0.001989,-5.58,-11.22,-37.62,136.215,-5.1724,0.401,55.813995,37.50046,215.4071,3815
-0.057463,0.97447,9.799767,0.023034,-0.004241,-0.008396,-5.52,-11.22,-36.84,140.6314,-5.1369,0.4251,55.813995,37.50046,215.4071,3825
-0.057463,0.97447,9.799767,0.023034,-0.004241,-0.008396,-5.52,-11.22,-36.84,140.6314,-5.1369,0.4251,55.813995,37.50046,215.4071,3834
-0.098165,0.905036,9.783007,0.032197,-0.007906,-0.01878,-5.58,-11.04,-37.2,140.6314,-5.1369,0.4251,55.813995,37.50046,215.4071,3844
-0.074223,0.976864,9.727939,0.025477,-0.006073,-0.008396,-5.28,-10.26,-38.04,140.6314,-5.1369,0.4251,55.813995,37.50046,215.4071,3854
-0.074223,0.976864,9.727939,0.025477,-0.006073,-0.008396,-5.28,-10.26,-38.04,140.6314,-5.1369,0.4251,55.813995,37.50046,215.4071,3864
-0.081405,0.926584,9.63935,-0.011175,0.012864,0.00993,-5.22,-9.96,-38.28,140.8167,-5.228,0.4491,55.813995,37.50046,215.4071,3873
-0.081405,0.926584,9.63935,-0.011175,0.012864,0.00993,-5.22,-9.96,-38.28,140.8167,-5.228,0.4491,55.813995,37.50046,215.4071,3884
-0.093377,0.919402,9.830893,-0.040496,0.008588,0.012374,-5.52,-10.56,-37.74,140.8167,-5.228,0.4491,55.813995,37.50046,215.4071,3893
-0.093377,0.919402,9.830893,-0.009953,0.002479,0.004432,-5.52,-10.56,-37.74,140.8167,-5.228,0.4491,55.813995,37.50046,215.4071,3904
-0.076617,0.909824,9.957788,-0.00812,0.002479,0.005654,-5.82,-10.32,-37.08,136.1872,-5.2625,0.4682,55.813995,37.500435,214.6562,3914
-0.102954,0.878699,9.859624,0.027921,-0.003019,0.0026,-5.34,-10.56,-36.6,136.1872,-5.2625,0.4682,55.813995,37.500435,214.6562,3924
-0.102954,0.878699,9.859624,0.027921,-0.003019,0.0026,-5.34,-10.56,-36.6,136.1872,-5.2625,0.4682,55.813995,37.500435,214.6562,3933
-0.074223,0.962499,9.692024,0.015093,-0.005462,-0.001065,-5.58,-10.26,-36.36,136.1872,-5.2625,0.4682,55.813995,37.500435,214.6562,3944
-0.062251,0.928979,9.72315,-0.027057,0.015307,0.0026,-5.64,-10.68,-36.72,140.0994,-5.291,0.4797,55.813995,37.500435,214.6562,3954
-0.062251,0.928979,9.72315,-0.025835,0.012864,-0.00412,-5.64,-10.68,-36.72,140.0994,-5.291,0.4797,55.813995,37.500435,214.6562,3964
-0.0838,0.943344,9.890749,0.001043,-0.001797,-0.012061,-5.94,-10.62,-36.3,140.0994,-5.291,0.4797,55.813995,37.500435,214.6562,3974
-0.0838,0.943344,9.890749,0.001043,-0.001797,-0.012061,-5.94,-10.62,-36.3,140.0994,-5.291,0.4797,55.813995,37.500435,214.6562,3983
-0.052674,0.928979,9.890749,0.021812,-0.012182,-0.015115,-5.76,-10.08,-37.62,135.6029,-5.2825,0.4969,55.813995,37.500435,214.6562,3994
-0.052674,0.928979,9.890749,0.021812,-0.012182,-0.015115,-5.76,-10.08,-37.62,135.6029,-5.2825,0.4969,55.813995,37.500435,214.6562,4004
-0.088588,0.948133,9.759064,0.028532,-0.01096,-0.016948,-5.52,-9.6,-37.56,135.6029,-5.2825,0.4969,55.813995,37.500435,214.6562,4014
-0.126897,0.914613,9.672871,0.002875,0.004922,-0.005341,-5.4,-10.26,-37.74,135.6029,-5.2825,0.4969,55.813995,37.500435,214.6562,4024
-0.126897,0.914613,9.672871,0.002875,0.004922,-0.005341,-5.4,-10.26,-37.74,135.6029,-5.2825,0.4969,55.813995,37.500435,214.6562,4033
-0.105348,0.952921,9.608225,-0.037442,0.025081,0.007487,-5.1,-10.86,-37.68,144.3113,-5.36,0.4824,55.813995,37.500435,214.6562,4043
-0.107742,0.905036,9.711179,-0.05027,0.017751,0.009319,-5.1,-10.92,-37.5,144.3113,-5.36,0.4824,55.813995,37.500435,214.6562,4053
-0.107742,0.905036,9.711179,-0.02889,-0.013404,-0.003509,-5.1,-10.92,-37.5,144.3113,-5.36,0.4824,55.813995,37.500435,214.6562,4063
-0.064645,0.931373,9.799767,-0.009953,-0.028675,-0.010839,-5.04,-10.56,-38.1,144.3113,-5.36,0.4824,55.813995,37.500435,214.6562,4074
-0.064645,0.931373,9.799767,-0.009953,-0.028675,-0.010839,-5.04,-10.56,-38.1,144.3113,-5.36,0.4824,55.813995,37.500435,214.6562,4083
-0.098165,0.888276,9.838076,0.002264,-0.028064,-0.01145,-4.62,-10.26,-37.5,140.6561,-5.3172,0.5508,55.813995,37.500435,214.6562,4094
-0.098165,0.888276,9.838076,0.002264,-0.028064,-0.01145,-4.62,-10.26,-37.5,140.6561,-5.3172,0.5508,55.813995,37.500435,214.6562,4103
-0.119714,0.881093,9.814133,-0.004455,-0.015236,-0.012061,-4.68,-10.68,-37.32,140.6561,-5.3172,0.5508,55.813995,37.500435,214.6562,4114
-0.086194,0.921796,9.768641,-0.014229,0.003701,0.000767,-5.04,-10.74,-37.68,140.6561,-5.3172,0.5508,55.813995,37.500435,214.6562,4124
-0.086194,0.921796,9.768641,-0.014229,0.003701,0.000767,-5.04,-10.74,-37.68,140.6561,-5.3172,0.5508,55.813995,37.500435,214.6562,4133
-0.102954,0.917007,9.79019,-0.02217,0.007366,0.010541,-5.22,-10.62,-38.28,144.3052,-5.3112,0.5203,55.813995,37.500435,214.6562,4144
-0.102954,0.917007,9.79019,-0.02217,0.007366,0.010541,-5.22,-10.62,-38.28,144.3052,-5.3112,0.5203,55.813995,37.500435,214.6562,4153
-0.076617,0.976864,9.816526,-0.027057,0.011642,0.011763,-5.52,-10.32,-37.68,144.3052,-5.3112,0.5203,55.813995,37.500435,214.6562,4163
-0.076617,0.917007,9.821315,-0.019116,0.004311,-0.001065,-5.76,-10.14,-37.14,144.3052,-5.3112,0.5203,55.813995,37.500435,214.6562,4173
-0.076617,0.917007,9.821315,-0.019116,0.004311,-0.001065,-5.76,-10.14,-37.14,144.3052,-5.3112,0.5203,55.813995,37.500435,214.6562,4183
-0.112531,0.902642,9.857229,-0.011785,-0.004241,-0.009617,-5.64,-10.44,-37.56,135.4415,-5.2761,0.5582,55.813995,37.500435,214.6562,4193
-0.136474,0.869122,9.845258,-0.016672,-0.009128,-0.007174,-5.28,-10.44,-37.74,135.4415,-5.2761,0.5582,55.813995,37.500435,214.6562,4203
-0.136474,0.869122,9.845258,-0.016672,-0.009128,-0.007174,-5.28,-10.44,-37.74,135.4415,-5.2761,0.5582,55.813995,37.500435,214.6562,4213
-0.155628,0.859545,9.864412,-0.020948,-0.00363,0.001378,-5.1,-9.72,-37.56,135.4415,-5.2761,0.5582,55.813995,37.500435,214.6562,4223
-0.155628,0.859545,9.864412,-0.020948,-0.00363,0.001378,-5.1,-9.72,-37.56,135.4415,-5.2761,0.5582,55.813995,37.500435,214.6562,4233
-0.110137,0.90743,9.883567,-0.017283,-0.007906,-0.002287,-5.46,-9.66,-37.26,140.8565,-5.2526,0.5453,55.813995,37.500435,214.6562,4243
-0.105348,0.893065,9.893144,0.002264,-0.017069,-0.005341,-5.28,-9.54,-37.26,140.8565,-5.2526,0.5453,55.813995,37.500435,214.6562,4254
-0.105348,0.893065,9.893144,0.002264,-0.017069,-0.005341,-5.28,-9.54,-37.26,140.8565,-5.2526,0.5453,55.813995,37.500435,214.6562,4264
-0.076617,0.861939,9.768641,0.014482,-0.016458,-0.007785,-5.64,-10.32,-37.2,136.0355,-5.2198,0.5636,55.813995,37.500435,214.6562,4274
-0.076617,0.861939,9.768641,0.014482,-0.016458,-0.007785,-5.64,-10.32,-37.2,136.0355,-5.2198,0.5636,55.813995,37.500435,214.6562,4284
-0.102954,0.869122,9.727939,0.004708,-0.01768,-0.000454,-6.18,-10.56,-37.56,136.0355,-5.2198,0.5636,55.813995,37.500435,214.6562,4294
-0.102954,0.869122,9.727939,0.004708,-0.01768,-0.000454,-6.18,-10.56,-37.56,136.0355,-5.2198,0.5636,55.813995,37.500435,214.6562,4304
-0.076617,0.90743,9.766247,-0.00812,-0.000575,0.005654,-5.94,-10.62,-37.5,136.0355,-5.2198,0.5636,55.813995,37.500435,214.6562,4314
-0.093377,0.960104,9.708784,-0.006899,-0.001186,0.010541,-5.82,-10.2,-38.22,135.697,-5.2081,0.5403,55.813995,37.500435,214.6562,4324
-0.093377,0.960104,9.708784,-0.002012,-0.012793,0.004432,-5.82,-10.2,-38.22,135.697,-5.2081,0.5403,55.813995,37.500435,214.6562,4334
-0.107742,0.945739,9.672871,-0.001401,-0.016458,-0.006563,-5.58,-10.56,-38.28,135.697,-5.2081,0.5403,55.813995,37.500435,214.6562,4344
-0.107742,0.945739,9.672871,-0.001401,-0.016458,-0.006563,-5.58,-10.56,-38.28,135.697,-5.2081,0.5403,55.813995,37.500435,214.6562,4354
-0.124502,0.936161,9.675264,-0.007509,-0.020123,-0.010839,-5.52,-10.68,-38.4,135.697,-5.2081,0.5403,55.813995,37.500435,214.6562,4364
-0.107742,0.895459,9.713573,-0.019727,-0.02501,-0.014504,-5.4,-10.92,-37.74,144.4338,-5.2335,0.5392,55.813995,37.500435,214.6562,4374
-0.107742,0.895459,9.713573,-0.019727,-0.02501,-0.014504,-5.4,-10.92,-37.74,144.4338,-5.2335,0.5392,55.813995,37.500435,214.6562,4384
-0.038308,0.85715,9.818921,-0.033777,-0.023788,-0.005952,-4.8,-10.62,-37.62,144.4338,-5.2335,0.5392,55.813995,37.500435,214.6562,4393
-0.069434,0.799688,9.885961,-0.025224,-0.03173,0.001378,-4.8,-10.62,-37.62,144.4338,-5.2335,0.5392,55.813995,37.500435,214.6562,4404
-0.069434,0.799688,9.885961,-0.019727,-0.028675,-0.001676,-4.56,-10.02,-37.68,140.5337,-5.2365,0.5238,55.813995,37.500435,214.6562,4414
-0.014366,0.804476,9.914692,-0.009953,-0.02501,-0.004731,-4.56,-10.02,-37.68,140.5337,-5.2365,0.5238,55.813995,37.500435,214.6562,4423
-0.047885,0.785322,9.967366,0.012649,-0.018901,-0.015115,-4.92,-10.2,-37.8,140.5337,-5.2365,0.5238,55.813995,37.500435,214.6562,4434
-0.069434,0.806871,9.926663,0.027921,-0.00363,-0.008396,-4.92,-10.2,-37.8,140.5337,-5.2365,0.5238,55.813995,37.500435,214.6562,4443
-0.069434,0.806871,9.926663,0.027921,-0.00363,-0.008396,-5.52,-10.62,-37.92,140.1545,-5.1471,0.4547,55.813995,37.500435,214.6562,4454
-0.076617,0.797294,9.864412,0.031586,3.5E-05,-0.007174,-5.52,-10.62,-37.92,140.1545,-5.1471,0.4547,55.813995,37.500435,214.6562,4464
-0.057463,0.835602,9.677659,0.006541,0.001257,0.004432,-5.4,-10.86,-37.68,140.1545,-5.1471,0.4547,55.813995,37.500435,214.6562,4473
-0.057463,0.835602,9.677659,-0.01484,0.007366,0.00993,-5.4,-10.86,-37.68,140.1545,-5.1471,0.4547,55.813995,37.500435,214.6562,4484
-0.040703,0.888276,9.713573,-0.020338,0.006144,0.003822,-5.46,-10.8,-37.5,145.5611,-5.0763,0.4193,55.813995,37.500435,214.6562,4494
-0.040703,0.888276,9.713573,-0.020338,0.006144,0.003822,-5.46,-10.8,-37.5,145.5611,-5.0763,0.4193,55.813995,37.500435,214.6562,4504
-0.057463,0.861939,9.838076,-0.017894,0.003701,-0.003509,-5.76,-10.44,-37.62,145.5611,-5.0763,0.4193,55.813995,37.500435,214.6562,4513
-0.086194,0.885882,9.830893,-0.00079,-0.01096,-0.020002,-5.7,-10.08,-38.22,145.5611,-5.0763,0.4193,55.813995,37.500435,214.6562,4523
-0.086194,0.885882,9.830893,0.008373,-0.004851,-0.020613,-5.7,-10.08,-38.22,145.5611,-5.0763,0.4193,55.813995,37.500435,214.6562,4534
-0.093377,0.849968,9.80695,0.011427,-0.007295,-0.021224,-5.7,-9.78,-38.64,136.3553,-4.9883,0.398,55.813995,37.500435,214.6562,4543
-0.093377,0.849968,9.80695,0.011427,-0.007295,-0.021224,-5.7,-9.78,-38.64,136.3553,-4.9883,0.398,55.813995,37.500435,214.6562,4554
-0.10056,0.869122,9.749487,0.001043,-0.002408,-0.008396,-5.82,-10.2,-38.22,136.3553,-4.9883,0.398,55.813995,37.500435,214.6562,4563
-0.06704,0.912219,9.720756,-0.003844,-0.004241,-0.000454,-5.52,-10.32,-37.56,136.3553,-4.9883,0.398,55.813995,37.500435,214.6562,4574
-0.06704,0.912219,9.720756,-0.009953,-0.012182,-0.002898,-5.52,-10.32,-37.56,136.3553,-4.9883,0.398,55.813995,37.500435,214.6562,4584
-0.079011,0.897853,9.749487,-0.013007,-0.022567,-0.002898,-5.4,-10.14,-37.92,141.6486,-5.0046,0.3946,55.813995,37.500435,214.6562,4593
-0.079011,0.897853,9.749487,-0.002622,-0.028675,-0.014504,-5.4,-10.14,-37.92,141.6486,-5.0046,0.3946,55.813995,37.500435,214.6562,4603
-0.052674,0.847573,9.873989,-0.000179,-0.034173,-0.0255,-5.94,-10.38,-38.52,141.6486,-5.0046,0.3946,55.813995,37.500435,214.6562,4614
-0.0838,0.806871,9.897932,0.005319,-0.030508,-0.01878,-6.06,-10.32,-38.46,136.6978,-5.0272,0.382,55.813995,37.500435,214.6562,4623
-0.0838,0.806871,9.897932,0.005319,-0.030508,-0.01878,-6.06,-10.32,-38.46,136.6978,-5.0272,0.382,55.813995,37.500435,214.6562,4634
-0.0838,0.821236,9.828498,0.003486,-0.029897,-0.007174,-5.94,-10.2,-38.4,136.6978,-5.0272,0.382,55.813995,37.500435,214.6562,4644
-0.0838,0.821236,9.828498,-0.005677,-0.01096,0.008708,-5.94,-10.2,-38.4,136.6978,-5.0272,0.382,55.813995,37.500435,214.6562,4653
-0.095771,0.823631,9.811738,-0.013618,0.001257,0.023369,-5.7,-10.14,-38.16,136.7895,-5.0227,0.3557,55.813995,37.500435,214.6562,4664
-0.114925,0.847573,9.792584,-0.013007,0.001257,0.026424,-5.52,-10.14,-38.1,136.7895,-5.0227,0.3557,55.813995,37.500435,214.6562,4673
-0.114925,0.847573,9.792584,-0.013007,0.001257,0.026424,-5.52,-10.14,-38.1,136.7895,-5.0227,0.3557,55.813995,37.500435,214.6562,4684
-0.074223,0.861939,9.842864,-0.010564,-0.007906,0.014206,-5.04,-10.26,-38.04,136.7895,-5.0227,0.3557,55.813995,37.500435,214.6562,4694
-0.074223,0.861939,9.842864,-0.00079,-0.014014,0.003211,-5.04,-10.26,-38.04,136.7895,-5.0227,0.3557,55.813995,37.500435,214.6562,4703
-0.090982,0.837996,9.804555,0.005319,-0.029286,-0.009617,-4.86,-10.62,-37.92,145.5516,-4.9594,0.4012,55.813995,37.500435,214.6562,4714
-0.064645,0.792505,9.802161,0.012649,-0.034784,-0.020002,-5.64,-10.86,-38.1,145.5516,-4.9594,0.4012,55.813995,37.500435,214.6562,4723
-0.064645,0.792505,9.802161,0.025477,-0.026843,-0.015115,-5.64,-10.86,-38.1,145.5516,-4.9594,0.4012,55.813995,37.500435,214.6562,4734
-0.064645,0.828419,9.802161,0.026088,-0.020734,-0.014504,-6.06,-10.5,-37.44,145.5516,-4.9594,0.4012,55.813995,37.500435,214.6562,4743
-0.064645,0.828419,9.802161,0.026088,-0.020734,-0.014504,-6.06,-10.5,-37.44,145.5516,-4.9594,0.4012,55.813995,37.500435,214.6562,4753
-0.055068,0.84039,9.730332,0.02059,-0.017069,-0.007174,-5.46,-9.96,-37.62,141.8493,-4.9427,0.3871,55.813995,37.500435,214.6562,4764
0.014366,0.859545,9.713573,-0.006288,-0.00363,0.001378,-5.1,-9.96,-37.32,141.8493,-4.9427,0.3871,55.813995,37.500435,214.6562,4774
0.014366,0.859545,9.713573,-0.006288,-0.00363,0.001378,-5.1,-9.96,-37.32,141.8493,-4.9427,0.3871,55.813995,37.500435,214.6562,4784
-0.009577,0.84039,9.744699,-0.020948,0.004311,0.000767,-4.86,-10.74,-37.74,141.8493,-4.9427,0.3871,55.813995,37.500435,214.6562,4794
-0.004789,0.842785,9.850046,-0.018505,-0.001797,-0.006563,-4.86,-10.74,-37.74,141.8493,-4.9427,0.3871,55.813995,37.500435,214.6562,4803
-0.01676,0.847573,9.871595,-0.006288,-0.00363,-0.013283,-5.7,-10.44,-37.62,137.0493,-4.9337,0.355,55.813995,37.500435,214.6562,4814
-0.040703,0.821236,9.833286,-0.00079,-0.012182,-0.008396,-6.06,-10.38,-37.44,137.0493,-4.9337,0.355,55.813995,37.500435,214.6562,4823
-0.040703,0.821236,9.833286,-0.00079,-0.012182,-0.008396,-6.06,-10.38,-37.44,137.0493,-4.9337,0.355,55.813995,37.500435,214.6562,4834
-0.071828,0.830813,9.768641,0.005319,-0.015236,0.000156,-5.82,-10.38,-37.38,137.0493,-4.9337,0.355,55.813995,37.500435,214.6562,4843
-0.071828,0.830813,9.768641,0.005319,-0.015236,0.000156,-5.82,-10.38,-37.38,137.0493,-4.9337,0.355,55.813995,37.500435,214.6562,4854
-0.040703,0.876305,9.732727,-0.002622,-0.012793,-0.002898,-5.52,-10.14,-37.38,137.7486,-4.903,0.2792,55.813995,37.500435,214.6562,4863
-0.040703,0.876305,9.732727,-0.002622,-0.012793,-0.002898,-5.52,-10.14,-37.38,137.7486,-4.903,0.2792,55.813995,37.500435,214.6562,4874
0.002394,0.833208,9.711179,-0.003844,-0.018901,-0.002898,-5.7,-10.02,-37.62,137.7486,-4.903,0.2792,55.813995,37.500435,214.6562,4884
-0.076617,0.768562,9.814133,-0.005066,-0.010349,-0.012061,-6.48,-10.56,-37.44,137.7486,-4.903,0.2792,55.813995,37.500435,214.6562,4894
-0.043097,0.804476,9.763853,-0.011175,-0.009738,-0.00412,-6.48,-10.56,-37.44,137.7486,-4.903,0.2792,55.813995,37.500435,214.1758,4904
-0.043097,0.804476,9.763853,-0.011175,-0.009738,-0.00412,-6.06,-10.62,-37.8,141.4243,-4.9094,0.2249,55.813984,37.50041,214.1758,4914
-0.074223,0.802082,9.737515,-0.008731,-0.014625,-0.005341,-6.06,-10.62,-37.8,141.4243,-4.9094,0.2249,55.813984,37.50041,214.1758,4924
-0.045491,0.849968,9.747093,-0.005677,-0.020734,-0.005952,-5.16,-10.38,-37.98,141.4243,-4.9094,0.2249,55.813984,37.50041,214.1758,4934
-0.045491,0.849968,9.747093,-0.00079,-0.015847,-0.00412,-5.16,-10.38,-37.98,141.4243,-4.9094,0.2249,55.813984,37.50041,214.1758,4944
-0.047885,0.871516,9.72315,-0.006899,-0.015847,-0.000454,-5.34,-9.96,-37.68,142.7183,-4.855,0.2087,55.813984,37.50041,214.1758,4953
-0.004789,0.859545,9.73991,-0.017283,-0.018291,-0.002287,-5.34,-9.96,-37.68,142.7183,-4.855,0.2087,55.813984,37.50041,214.1758,4964
0.002394,0.837996,9.830893,-0.031333,-0.010349,-0.001065,-5.52,-9.66,-37.62,142.7183,-4.855,0.2087,55.813984,37.50041,214.1758,4974
0.002394,0.837996,9.830893,-0.031333,-0.010349,-0.001065,-5.52,-9.66,-37.62,142.7183,-4.855,0.2087,55.813984,37.50041,214.1758,4983
0.009577,0.849968,9.876384,-0.027668,-0.016458,-0.005341,-5.46,-10.14,-37.74,142.8369,-4.8393,0.1874,55.813984,37.50041,214.1758,4994
0.021548,0.871516,9.885961,-0.005677,-0.030508,-0.002898,-5.46,-10.14,-37.74,142.8369,-4.8393,0.1874,55.813984,37.50041,214.1758,5004
0.021548,0.871516,9.885961,0.003486,-0.034173,-0.006563,-5.58,-10.8,-37.86,142.8369,-4.8393,0.1874,55.813984,37.50041,214.1758,5014
-0.004789,0.854756,9.787795,-0.002622,-0.035395,-0.000454,-5.58,-10.62,-37.62,142.8369,-4.8393,0.1874,55.813984,37.50041,214.1758,5024
-0.004789,0.854756,9.787795,-0.011785,-0.036006,0.0026,-5.58,-10.62,-37.62,142.8369,-4.8393,0.1874,55.813984,37.50041,214.1758,5034
0.043097,0.885882,9.823709,-0.016061,-0.035395,-0.00412,-4.92,-10.32,-37.5,143.4742,-4.8445,0.1027,55.813984,37.50041,214.1758,5044
0.043097,0.885882,9.823709,-0.016061,-0.035395,-0.00412,-4.92,-10.32,-37.5,143.4742,-4.8445,0.1027,55.813984,37.50041,214.1758,5054
-0.055068,0.847573,9.91948,-0.013618,-0.020123,-0.00412,-5.34,-10.2,-37.86,143.4742,-4.8445,0.1027,55.813984,37.50041,214.1758,5063
-0.079011,0.814053,9.893144,-0.006899,-0.004851,0.005043,-5.64,-10.2,-37.86,143.4742,-4.8445,0.1027,55.813984,37.50041,214.1758,5074
-0.079011,0.814053,9.893144,0.004708,0.001868,0.000156,-5.64,-10.2,-37.86,143.4742,-4.8445,0.1027,55.813984,37.50041,214.1758,5086
-0.081405,0.770957,9.847652,0.01326,-0.014014,-0.001065,-6.06,-10.32,-37.92,138.2611,-4.876,0.012,55.813984,37.50041,214.1758,5094
-0.081405,0.770957,9.847652,0.01326,-0.014014,-0.001065,-6.06,-10.32,-37.92,138.2611,-4.876,0.012,55.813984,37.50041,214.1758,5103
-0.03352,0.828419,9.847652,0.012649,-0.023177,0.0026,-5.7,-10.62,-37.86,138.2611,-4.876,0.012,55.813984,37.50041,214.1758,5114
0.026337,0.828419,9.852441,0.008373,-0.01768,0.005043,-5.28,-10.38,-38.1,138.2611,-4.876,0.012,55.813984,37.50041,214.1758,5123
0.026337,0.828419,9.852441,0.010206,-0.015847,-0.002898,-5.28,-10.38,-38.1,138.2611,-4.876,0.012,55.813984,37.50041,214.1758,5134
0.028731,0.814053,9.785401,0.01326,-0.023788,-0.00412,-5.28,-10.26,-37.74,143.2441,-4.8637,0.0542,55.813984,37.50041,214.1758,5143
0.028731,0.814053,9.785401,0.01326,-0.023788,-0.00412,-5.28,-10.26,-37.74,143.2441,-4.8637,0.0542,55.813984,37.50041,214.1758,5154
-0.01676,0.780534,9.866806,0.008984,-0.01768,0.000156,-5.76,-10.86,-37.98,143.2441,-4.8637,0.0542,55.813984,37.50041,214.1758,5163
0.002394,0.770957,9.842864,0.011427,0.001257,0.001378,-5.76,-11.22,-38.46,143.2441,-4.8637,0.0542,55.813984,37.50041,214.1758,5174
0.002394,0.770957,9.842864,0.019369,-0.001797,-0.001065,-5.76,-11.22,-38.46,143.2441,-4.8637,0.0542,55.813984,37.50041,214.1758,5183
0.0838,0.768562,9.830893,0.021812,0.014696,-0.002287,-5.7,-10.5,-38.7,137.9499,-4.8472,0.0226,55.813984,37.50041,214.1758,5193
0.0838,0.768562,9.830893,0.021812,0.014696,-0.002287,-5.7,-10.5,-38.7,137.9499,-4.8472,0.0226,55.813984,37.50041,214.1758,5204
0.047885,0.794899,9.802161,0.016314,0.021416,-0.004731,-5.46,-10.62,-37.74,137.9499,-4.8472,0.0226,55.813984,37.50041,214.1758,5214
0.045491,0.763774,9.725544,0.015093,0.018361,-0.000454,-5.82,-10.68,-37.8,137.9499,-4.8472,0.0226,55.813984,37.50041,214.1758,5224
0.045491,0.763774,9.725544,0.002875,0.004311,-0.001065,-5.82,-10.68,-37.8,137.9499,-4.8472,0.0226,55.813984,37.50041,214.1758,5234
0.05028,0.830813,9.696813,-0.002622,0.012253,0.000156,-5.76,-11.1,-37.86,142.3914,-4.7864,0.0025,55.813984,37.50041,214.1758,5244
0.05028,0.830813,9.696813,-0.002622,0.012253,0.000156,-5.76,-11.1,-37.86,142.3914,-4.7864,0.0025,55.813984,37.50041,214.1758,5253
0.01676,0.842785,9.761458,-0.005066,0.01042,0.001378,-5.1,-10.68,-37.8,142.3914,-4.7864,0.0025,55.813984,37.50041,214.1758,5264
0.01676,0.842785,9.761458,0.004097,-0.006073,0.000767,-5.1,-10.68,-37.8,142.3914,-4.7864,0.0025,55.813984,37.50041,214.1758,5274
-0.007183,0.854756,9.778218,0.006541,3.5E-05,0.000156,-5.22,-10.68,-37.68,147.5625,-4.7352,-0.0403,55.813984,37.50041,214.1758,5284
-0.009577,0.866728,9.636956,-0.00812,-0.008517,-0.000454,-5.16,-10.32,-38.1,147.5625,-4.7352,-0.0403,55.813984,37.50041,214.1758,5294
-0.009577,0.866728,9.636956,-0.00812,-0.008517,-0.000454,-5.16,-10.32,-38.1,147.5625,-4.7352,-0.0403,55.813984,37.50041,214.1758,5304
-0.047885,0.849968,9.692024,-0.024614,-0.012182,0.003822,-5.64,-10.2,-38.16,147.5625,-4.7352,-0.0403,55.813984,37.50041,214.1758,5314
-0.047885,0.849968,9.692024,-0.024614,-0.012182,0.003822,-5.64,-10.2,-38.16,147.5625,-4.7352,-0.0403,55.813984,37.50041,214.1758,5323
-0.007183,0.849968,9.780613,-0.019116,-0.019512,-0.009007,-5.52,-9.72,-37.56,138.8369,-4.761,-0.0682,55.813984,37.50041,214.1758,5334
-0.035914,0.859545,9.838076,-0.009953,-0.018901,-0.01145,-5.52,-9.72,-37.56,138.8369,-4.761,-0.0682,55.813984,37.50041,214.1758,5344
-0.035914,0.859545,9.838076,-0.001401,0.001868,-0.012672,-5.7,-10.32,-37.08,138.8369,-4.761,-0.0682,55.813984,37.50041,214.1758,5354
0.007183,0.869122,9.871595,0.007151,0.008588,-0.020613,-5.7,-10.32,-37.08,138.8369,-4.761,-0.0682,55.813984,37.50041,214.1758,5364
0.01676,0.837996,9.869201,0.012038,0.01714,-0.01878,-6.48,-10.8,-37.14,142.8726,-4.7979,-0.0697,55.813984,37.50041,214.1758,5373
0.01676,0.837996,9.869201,-0.002012,0.021416,-0.008396,-6.48,-10.8,-37.14,142.8726,-4.7979,-0.0697,55.813984,37.50041,214.1758,5384
0.019154,0.876305,9.744699,-0.021559,0.025081,-0.00412,-5.94,-10.62,-37.68,142.8726,-4.7979,-0.0697,55.813984,37.50041,214.1758,5394
0.019154,0.876305,9.744699,-0.021559,0.025081,-0.00412,-5.94,-10.62,-37.68,142.8726,-4.7979,-0.0697,55.813984,37.50041,214.1758,5404
0.009577,0.816448,9.859624,-0.030111,0.022637,0.000767,-5.7,-10.14,-37.74,138.392,-4.8637,-0.0189,55.813984,37.50041,214.1758,5415
0.009577,0.816448,9.859624,-0.030111,0.022637,0.000767,-5.7,-10.14,-37.74,138.392,-4.8637,-0.0189,55.813984,37.50041,214.1758,5424
0.007183,0.794899,9.979338,-0.011785,0.003701,-0.001676,-5.64,-10.08,-37.62,138.392,-4.8637,-0.0189,55.813984,37.50041,214.1758,5434
0.007183,0.794899,9.979338,-0.011785,0.003701,-0.001676,-5.64,-10.08,-37.62,138.392,-4.8637,-0.0189,55.813984,37.50041,214.1758,5444
-0.035914,0.821236,9.972155,0.015704,-0.009738,-0.007174,-5.46,-10.38,-37.56,143.4523,-4.8497,0.007,55.813984,37.50041,214.1758,5453
-0.079011,0.790111,9.804555,0.026088,-0.006073,-0.002287,-5.34,-10.5,-37.26,143.4523,-4.8497,0.007,55.813984,37.50041,214.1758,5463
-0.079011,0.790111,9.804555,0.026088,-0.006073,-0.002287,-5.34,-10.5,-37.26,143.4523,-4.8497,0.007,55.813984,37.50041,214.1758,5474
-0.047885,0.821236,9.77343,0.004708,0.00309,0.008098,-5.4,-10.44,-37.62,143.4523,-4.8497,0.007,55.813984,37.50041,214.1758,5484
-0.035914,0.837996,9.811738,-0.021559,0.003701,0.011152,-5.7,-10.68,-37.8,142.1707,-4.8463,0.0276,55.813984,37.50041,214.1758,5493
-0.035914,0.837996,9.811738,-0.021559,0.003701,0.011152,-5.7,-10.68,-37.8,142.1707,-4.8463,0.0276,55.813984,37.50041,214.1758,5503
-0.007183,0.864333,9.962578,-0.00812,0.001868,0.004432,-5.22,-10.32,-37.86,142.1707,-4.8463,0.0276,55.813984,37.50041,214.1758,5514
-0.007183,0.864333,9.962578,-0.00812,0.001868,0.004432,-5.22,-10.32,-37.86,142.1707,-4.8463,0.0276,55.813984,37.50041,214.1758,5524
0.007183,0.847573,9.873989,0.026088,-0.015236,-0.007174,-4.8,-10.2,-37.86,143.3595,-4.8054,0.0667,55.813984,37.50041,214.1758,5534
-0.014366,0.849968,9.715967,0.030364,-0.01096,-0.001676,-5.16,-10.5,-38.04,143.3595,-4.8054,0.0667,55.813984,37.50041,214.1758,5543
-0.014366,0.849968,9.715967,0.030364,-0.01096,-0.001676,-5.16,-10.5,-38.04,143.3595,-4.8054,0.0667,55.813984,37.50041,214.1758,5554
0.009577,0.826025,9.711179,0.001043,0.009198,0.001989,-5.52,-11.1,-37.68,143.3595,-4.8054,0.0667,55.813984,37.50041,214.1758,5564
0.009577,0.826025,9.711179,0.001043,0.009198,0.001989,-5.52,-11.1,-37.68,143.3595,-4.8054,0.0667,55.813984,37.50041,214.1758,5573
0.011971,0.864333,9.771035,-0.025224,0.01714,0.006265,-5.7,-11.1,-37.44,142.3212,-4.8724,0.0586,55.813984,37.50041,214.1758,5584
0.035914,0.830813,9.885961,-0.009953,-0.002408,0.001989,-5.76,-10.2,-37.26,142.3212,-4.8724,0.0586,55.813984,37.50041,214.1758,5594
0.035914,0.830813,9.885961,-0.009953,-0.002408,0.001989,-5.76,-10.2,-37.26,142.3212,-4.8724,0.0586,55.813984,37.50041,214.1758,5604
0.01676,0.799688,9.852441,0.019369,-0.02501,-0.014504,-6.3,-10.2,-37.8,138.1365,-4.8497,0.0765,55.813984,37.50041,214.1758,5613
0.01676,0.799688,9.852441,0.019369,-0.02501,-0.014504,-6.3,-10.2,-37.8,138.1365,-4.8497,0.0765,55.813984,37.50041,214.1758,5624
-0.038308,0.830813,9.768641,0.016314,-0.021345,-0.009007,-6.78,-10.56,-38.4,138.1365,-4.8497,0.0765,55.813984,37.50041,214.1758,5634
-0.045491,0.778139,9.778218,0.008373,3.5E-05,-0.001676,-6.54,-10.56,-38.22,138.1365,-4.8497,0.0765,55.813984,37.50041,214.1758,5644
-0.045491,0.778139,9.778218,0.008373,3.5E-05,-0.001676,-6.54,-10.56,-38.22,138.1365,-4.8497,0.0765,55.813984,37.50041,214.1758,5655
-0.009577,0.821236,9.80695,-0.000179,0.012864,0.005654,-5.52,-9.9,-37.56,138.2851,-4.8734,0.0066,55.813984,37.50041,214.1758,5664
-0.009577,0.821236,9.80695,-0.000179,0.012864,0.005654,-5.52,-9.9,-37.56,138.2851,-4.8734,0.0066,55.813984,37.50041,214.1758,5674
0.011971,0.835602,9.838076,0.002264,0.015307,0.008098,-5.34,-9.24,-38.4,138.2851,-4.8734,0.0066,55.813984,37.50041,214.1758,5684
0.021548,0.852362,9.785401,0.013871,-0.012182,-0.002898,-5.58,-9.78,-38.64,138.2851,-4.8734,0.0066,55.813984,37.50041,214.1758,5694
0.021548,0.852362,9.785401,0.013871,-0.012182,-0.002898,-5.58,-9.78,-38.64,138.2851,-4.8734,0.0066,55.813984,37.50041,214.1758,5704
-0.007183,0.861939,9.747093,0.005319,-0.01768,-0.00412,-5.46,-10.26,-38.4,143.3011,-4.8564,0.044,55.813984,37.50041,214.1758,5713
-0.007183,0.861939,9.747093,0.005319,-0.01768,-0.00412,-5.46,-10.26,-38.4,143.3011,-4.8564,0.044,55.813984,37.50041,214.1758,5724
-0.021548,0.847573,9.75667,0.002264,-0.006073,-0.002898,-5.76,-10.74,-37.92,143.3011,-4.8564,0.044,55.813984,37.50041,214.1758,5733
0.038308,0.869122,9.711179,-0.002012,-0.004241,-0.012061,-5.7,-10.5,-37.68,143.3011,-4.8564,0.044,55.813984,37.50041,214.1758,5744
0.038308,0.869122,9.711179,-0.002012,-0.004241,-0.012061,-5.7,-10.5,-37.68,143.3011,-4.8564,0.044,55.813984,37.50041,214.1758,5754
0.05028,0.854756,9.766247,-0.002012,-0.009128,-0.00412,-5.4,-10.5,-37.38,143.6647,-4.8889,0.0143,55.813984,37.50041,214.1758,5764
0.05028,0.854756,9.766247,0.007151,3.5E-05,0.000156,-5.4,-10.5,-37.38,143.6647,-4.8889,0.0143,55.813984,37.50041,214.1758,5775
0.021548,0.888276,9.799767,0.005319,0.004922,0.015428,-5.34,-10.56,-37.98,143.6647,-4.8889,0.0143,55.813984,37.50041,214.1758,5784
0.021548,0.888276,9.799767,0.005319,0.004922,0.015428,-5.34,-10.56,-37.98,143.6647,-4.8889,0.0143,55.813984,37.50041,214.1758,5794
-0.057463,0.845179,9.689631,-0.00812,0.008588,0.022148,-5.28,-10.32,-37.62,143.3398,-4.929,-0.0223,55.813984,37.50041,214.1758,5804
-0.040703,0.828419,9.780613,-0.038053,0.017751,0.027645,-4.86,-10.86,-37.2,143.3398,-4.929,-0.0223,55.813984,37.50041,214.1758,5814
-0.040703,0.828419,9.780613,-0.038053,0.017751,0.027645,-4.86,-10.86,-37.2,143.3398,-4.929,-0.0223,55.813984,37.50041,214.1758,5823
-0.03352,0.84039,9.964972,-0.025224,0.003701,0.013595,-5.04,-10.74,-37.14,147.2875,-4.9325,-0.0066,55.813984,37.50041,214.1758,5834
0.03352,0.881093,9.909904,0.014482,-0.018901,0.0026,-5.22,-10.5,-37.26,147.2875,-4.9325,-0.0066,55.813984,37.50041,214.1758,5843
0.03352,0.881093,9.909904,0.014482,-0.018901,0.0026,-5.22,-10.5,-37.26,147.2875,-4.9325,-0.0066,55.813984,37.50041,214.1758,5855
0.03352,0.881093,9.909904,0.014482,-0.018901,0.0026,-5.22,-10.5,-37.26,147.2875,-4.9325,-0.0066,55.813984,37.50041,214.1758,5864
0.040703,0.90743,9.842864,0.024256,-0.026843,-0.009007,-5.34,-10.56,-37.14,147.2597,-4.9044,0.0203,55.813984,37.50041,214.1758,5874
0.043097,0.835602,9.871595,-0.002012,-0.014625,-0.007174,-5.34,-10.56,-37.14,147.2597,-4.9044,0.0203,55.813984,37.50041,214.1758,5883
0.043097,0.835602,9.871595,-0.002012,-0.014625,-0.007174,-5.34,-10.56,-37.14,147.2597,-4.9044,0.0203,55.813984,37.50041,214.1758,5894
0.023943,0.854756,9.929058,-0.018505,0.004922,-0.001676,-5.22,-10.56,-37.8,147.2597,-4.9044,0.0203,55.813984,37.50041,214.1758,5905
0.023943,0.821236,9.972155,0.010206,0.006755,-0.001065,-5.46,-10.74,-37.8,147.0559,-4.9591,-0.0412,55.813984,37.50041,214.1758,5914
0.023943,0.821236,9.972155,0.056631,-0.005462,-0.016948,-5.46,-10.74,-37.8,147.0559,-4.9591,-0.0412,55.813984,37.50041,214.1758,5923
0,0.804476,9.895537,0.056631,-0.005462,-0.016948,-5.76,-10.8,-37.38,147.0559,-4.9591,-0.0412,55.81399,37.5004,209.3903,5934
0,0.804476,9.895537,0.054799,0.012253,-0.002898,-5.76,-10.8,-37.38,147.0559,-4.9591,-0.0412,55.81399,37.5004,209.3903,5943
-0.019154,0.818842,9.660899,0.027921,0.027524,0.014206,-6.12,-10.86,-37.62,142.1,-4.9664,-0.0455,55.81399,37.5004,209.3903,5954
-0.011971,0.833208,9.624985,-0.002012,0.039742,0.014206,-5.82,-11.28,-37.92,142.1,-4.9664,-0.0455,55.81399,37.5004,209.3903,5964
-0.011971,0.833208,9.624985,-0.002012,0.039742,0.014206,-5.82,-11.28,-37.92,142.1,-4.9664,-0.0455,55.81399,37.5004,209.3903,5973
-0.002394,0.938556,9.737515,-0.025224,0.027524,0.014817,-5.52,-10.86,-38.7,142.1,-4.9664,-0.0455,55.81399,37.5004,209.3903,5984
-0.002394,0.938556,9.737515,-0.025224,0.027524,0.014817,-5.52,-10.86,-38.7,142.1,-4.9664,-0.0455,55.81399,37.5004,209.3903,5993
0.011971,0.933767,9.783007,0.001654,-0.010349,-0.005341,-5.58,-10.8,-38.4,141.9246,-4.9442,0.0301,55.81399,37.5004,209.3903,6004
-0.047885,0.909824,9.708784,0.01998,-0.025621,-0.01878,-6.06,-10.44,-38.94,141.9246,-4.9442,0.0301,55.81399,37.5004,209.3903,6014
-0.047885,0.909824,9.708784,0.01998,-0.025621,-0.01878,-6.06,-10.44,-38.94,141.9246,-4.9442,0.0301,55.81399,37.5004,209.3903,6024
-0.055068,0.87391,9.632168,0.006541,-0.002408,-0.004731,-6.18,-10.26,-39.18,141.9246,-4.9442,0.0301,55.81399,37.5004,209.3903,6033
-0.03352,0.842785,9.703996,-0.024003,0.02447,0.003211,-6,-10.14,-39.06,137.4108,-5.0367,0.0137,55.81399,37.5004,209.3903,6043
-0.03352,0.842785,9.703996,-0.024003,0.02447,0.003211,-6,-10.14,-39.06,137.4108,-5.0367,0.0137,55.81399,37.5004,209.3903,6054
-0.011971,0.869122,9.840469,-0.031333,0.03119,0.004432,-5.82,-10.38,-38.34,137.4108,-5.0367,0.0137,55.81399,37.5004,209.3903,6064
-0.011971,0.869122,9.840469,-0.031333,0.03119,0.004432,-5.82,-10.38,-38.34,137.4108,-5.0367,0.0137,55.81399,37.5004,209.3903,6074
0.019154,0.876305,9.905115,-0.011175,0.004922,-0.003509,-5.28,-10.56,-37.68,146.4809,-5.0382,0.0721,55.81399,37.5004,209.3903,6083
-0.019154,0.845179,9.818921,0.018758,-0.024399,-0.014504,-5.28,-10.62,-37.86,146.4809,-5.0382,0.0721,55.81399,37.5004,209.3903,6094
-0.035914,0.845179,9.763853,0.019369,-0.028064,-0.017559,-5.28,-10.62,-37.86,146.4809,-5.0382,0.0721,55.81399,37.5004,209.3903,6104
-0.035914,0.845179,9.763853,0.012649,-0.023177,-0.013894,-5.94,-10.56,-38.22,146.4809,-5.0382,0.0721,55.81399,37.5004,209.3903,6114
-0.059857,0.861939,9.768641,0.012649,-0.023177,-0.013894,-5.94,-10.56,-38.22,146.4809,-5.0382,0.0721,55.81399,37.5004,209.3903,6124
-0.057463,0.854756,9.835681,-0.024003,-0.006684,-0.000454,-6.06,-10.44,-38.7,137.1814,-5.058,0.0655,55.81399,37.5004,209.3903,6134
-0.057463,0.854756,9.835681,-0.024003,-0.006684,-0.000454,-6.06,-10.44,-38.7,137.1814,-5.058,0.0655,55.81399,37.5004,209.3903,6143
-0.011971,0.85715,9.881172,-0.020338,0.008588,0.000156,-5.7,-10.32,-38.46,137.1814,-5.058,0.0655,55.81399,37.5004,209.3903,6154
-0.01676,0.866728,9.888355,0.008373,0.000646,-0.006563,-5.58,-9.9,-37.86,137.1814,-5.058,0.0655,55.81399,37.5004,209.3903,6163
-0.01676,0.866728,9.888355,0.016925,0.001868,-0.004731,-5.58,-9.9,-37.86,137.1814,-5.058,0.0655,55.81399,37.5004,209.3903,6174
-0.035914,0.859545,9.814133,0.009595,0.008588,-0.002898,-5.28,-10.56,-38.16,146.4248,-5.017,0.1029,55.81399,37.5004,209.3903,6183
-0.031126,0.861939,9.794978,0.002264,0.007977,-0.001676,-5.1,-10.26,-38.16,146.4248,-5.017,0.1029,55.81399,37.5004,209.3903,6194
-0.031126,0.861939,9.794978,-0.010564,0.001257,-0.005952,-5.1,-10.26,-38.16,146.4248,-5.017,0.1029,55.81399,37.5004,209.3903,6204
-0.01676,0.837996,9.840469,-0.005066,-0.004241,-0.005341,-5.28,-10.2,-38.88,146.4248,-5.017,0.1029,55.81399,37.5004,209.3903,6213
-0.01676,0.837996,9.840469,-0.005066,-0.004241,-0.005341,-5.28,-10.2,-38.88,146.4248,-5.017,0.1029,55.81399,37.5004,209.3903,6224
-0.004789,0.866728,9.883567,-0.000179,-0.014014,-0.009007,-5.28,-10.62,-38.16,146.2921,-5.0274,0.1345,55.81399,37.5004,209.3903,6234
-0.01676,0.883487,9.842864,0.019369,-0.02501,-0.020613,-5.4,-10.98,-38.16,146.2921,-5.0274,0.1345,55.81399,37.5004,209.3903,6244
-0.01676,0.883487,9.842864,0.02059,-0.02501,-0.01145,-5.4,-10.98,-38.16,146.2921,-5.0274,0.1345,55.81399,37.5004,209.3903,6253
-0.059857,0.888276,9.735122,0.012649,-0.011571,-0.006563,-5.04,-11.04,-38.16,146.2921,-5.0274,0.1345,55.81399,37.5004,209.3903,6264
-0.059857,0.888276,9.735122,0.012649,-0.011571,-0.006563,-5.04,-11.04,-38.16,146.2921,-5.0274,0.1345,55.81399,37.5004,209.3903,6274
-0.03352,0.89067,9.713573,0.003486,-0.000575,-0.003509,-5.58,-10.32,-38.04,137.5483,-5.0296,0.0993,55.81399,37.5004,209.3903,6283
-0.064645,0.85715,9.77343,-0.011785,0.015918,-0.002287,-5.64,-10.14,-38.04,137.5483,-5.0296,0.0993,55.81399,37.5004,209.3903,6294
-0.064645,0.85715,9.77343,-0.003844,0.006144,0.0026,-5.64,-10.14,-38.04,137.5483,-5.0296,0.0993,55.81399,37.5004,209.3903,6304
-0.021548,0.871516,9.816526,-0.000179,-0.006073,-0.003509,-4.92,-9.66,-37.8,137.5483,-5.0296,0.0993,55.81399,37.5004,209.3903,6313
-0.021548,0.871516,9.816526,-0.000179,-0.006073,-0.003509,-4.92,-9.66,-37.8,137.5483,-5.0296,0.0993,55.81399,37.5004,209.3903,6324
-0.007183,0.90743,9.804555,0.001043,-0.012793,-0.002287,-4.86,-10.56,-37.32,146.4803,-5.0504,0.1568,55.81399,37.5004,209.3903,6334
-0.062251,0.864333,9.797373,0.004708,-0.034173,-0.010228,-4.8,-10.62,-37.2,146.4803,-5.0504,0.1568,55.81399,37.5004,209.3903,6344
-0.062251,0.864333,9.797373,0.007762,-0.031119,-0.005952,-4.8,-10.62,-37.2,146.4803,-5.0504,0.1568,55.81399,37.5004,209.3903,6353
-0.031126,0.881093,9.742304,0.007151,-0.030508,-0.008396,-5.52,-10.44,-38.04,146.4803,-5.0504,0.1568,55.81399,37.5004,209.3903,6364
-0.031126,0.881093,9.742304,0.007151,-0.030508,-0.008396,-5.52,-10.44,-38.04,146.4803,-5.0504,0.1568,55.81399,37.5004,209.3903,6374
-0.043097,0.845179,9.75667,-0.003844,-0.010349,-0.00412,-5.28,-10.62,-37.86,146.1602,-5.0846,0.1337,55.81399,37.5004,209.3903,6383
-0.045491,0.818842,9.787795,-0.013618,0.008588,0.001378,-5.16,-10.68,-38.04,146.1602,-5.0846,0.1337,55.81399,37.5004,209.3903,6394
-0.045491,0.818842,9.787795,-0.00812,0.01714,-0.001676,-5.16,-10.68,-38.04,146.1602,-5.0846,0.1337,55.81399,37.5004,209.3903,6403
0.040703,0.85715,9.818921,-0.002012,0.007366,-0.010228,-5.22,-10.38,-37.8,146.1602,-5.0846,0.1337,55.81399,37.5004,209.3903,6414
0.040703,0.85715,9.818921,-0.002012,0.007366,-0.010228,-5.22,-10.38,-37.8,146.1602,-5.0846,0.1337,55.81399,37.5004,209.3903,6424
0.043097,0.85715,9.862018,0.002875,-0.001797,-0.012672,-6.06,-10.08,-37.08,137.6529,-5.0635,0.1607,55.81399,37.5004,209.3903,6433
0.019154,0.87391,9.862018,0.00593,-0.008517,-0.01878,-5.46,-10.62,-37.62,137.6529,-5.0635,0.1607,55.81399,37.5004,209.3903,6443
0.019154,0.87391,9.862018,0.007762,-0.001186,-0.010228,-5.46,-10.62,-37.62,137.6529,-5.0635,0.1607,55.81399,37.5004,209.3903,6454
-0.009577,0.814053,9.814133,0.002264,-0.001186,-0.005952,-5.04,-11.1,-37.68,137.6529,-5.0635,0.1607,55.81399,37.5004,209.3903,6463
-0.009577,0.814053,9.814133,0.002264,-0.001186,-0.005952,-5.04,-11.1,-37.68,137.6529,-5.0635,0.1607,55.81399,37.5004,209.3903,6473
0,0.835602,9.816526,0.005319,0.004922,0.000767,-4.92,-10.86,-37.68,146.3448,-5.0387,0.1114,55.81399,37.5004,209.3903,6484
-0.014366,0.897853,9.854836,0.015093,0.017751,-0.002898,-5.1,-10.38,-37.62,146.3448,-5.0387,0.1114,55.81399,37.5004,209.3903,6494
-0.014366,0.897853,9.854836,0.017536,0.036687,0.003211,-5.1,-10.38,-37.62,146.3448,-5.0387,0.1114,55.81399,37.5004,209.3903,6503
-0.057463,0.917007,9.771035,0.013871,0.040353,0.011152,-5.76,-10.2,-37.5,146.3448,-5.0387,0.1114,55.81399,37.5004,209.3903,6514
-0.057463,0.917007,9.771035,0.013871,0.040353,0.011152,-5.76,-10.2,-37.5,146.3448,-5.0387,0.1114,55.81399,37.5004,209.3903,6524
-0.035914,0.885882,9.672871,0.015704,0.018972,0.017871,-5.64,-9.96,-37.56,137.4996,-5.0226,0.1217,55.81399,37.5004,209.3903,6533
-0.06704,0.881093,9.608225,-0.007509,-0.024399,0.005654,-5.64,-9.96,-37.56,137.4996,-5.0226,0.1217,55.81399,37.5004,209.3903,6544
-0.06704,0.881093,9.608225,-0.016672,-0.022567,-0.002287,-4.98,-10.02,-37.8,137.4996,-5.0226,0.1217,55.81399,37.5004,209.3903,6553
-0.102954,0.912219,9.866806,-0.016061,-0.016458,-0.003509,-4.98,-10.02,-37.8,137.4996,-5.0226,0.1217,55.81399,37.5004,209.3903,6564
-0.102954,0.912219,9.866806,-0.001401,-0.026232,-0.013283,-4.62,-10.62,-38.04,146.139,-5.0704,0.1497,55.81399,37.5004,209.3903,6573
-0.057463,0.950527,9.828498,0.009595,-0.028675,-0.01145,-4.62,-10.62,-38.04,146.139,-5.0704,0.1497,55.81399,37.5004,209.3903,6584
-0.026337,0.921796,9.72315,0.014482,-0.028675,-0.012061,-4.8,-10.86,-38.16,146.139,-5.0704,0.1497,55.81399,37.5004,209.3903,6594
-0.026337,0.921796,9.72315,-0.003844,-0.004851,-0.012061,-4.8,-10.86,-38.16,146.139,-5.0704,0.1497,55.81399,37.5004,209.3903,6604
0.007183,0.864333,9.718362,-0.023392,0.014696,-0.001065,-5.52,-10.56,-37.08,141.4638,-5.1104,0.1588,55.81399,37.5004,209.3903,6614
-0.031126,0.782928,9.847652,-0.023392,0.014696,-0.001065,-5.52,-10.56,-37.08,141.4638,-5.1104,0.1588,55.81399,37.5004,209.3903,6624
-0.007183,0.806871,10.00328,-0.036831,0.029357,0.000767,-5.94,-9.66,-36.78,141.4638,-5.1104,0.1588,55.81399,37.5004,209.3903,6634
-0.026337,0.754197,10.077502,-0.021559,0.037909,0.001378,-5.94,-9.66,-36.78,141.4638,-5.1104,0.1588,55.81399,37.5004,209.3903,6644
-0.026337,0.754197,10.077502,0.004097,0.026914,0.000156,-5.34,-9.78,-38.04,142.0425,-5.1346,0.1776,55.81399,37.5004,209.3903,6654
0.009577,0.739831,10.008069,0.030364,0.014085,0.001989,-5.4,-10.14,-37.86,142.0425,-5.1346,0.1776,55.81399,37.5004,209.3903,6664
0.009577,0.739831,10.008069,0.030364,0.014085,0.001989,-5.4,-10.14,-37.86,142.0425,-5.1346,0.1776,55.81399,37.5004,209.3903,6674
0.011971,0.861939,9.797373,0.051745,0.001868,-0.002287,-5.64,-10.14,-38.16,142.0425,-5.1346,0.1776,55.81399,37.5004,209.3903,6683
0.011971,0.861939,9.797373,0.02059,0.014085,0.008098,-5.64,-10.14,-38.16,142.0425,-5.1346,0.1776,55.81399,37.5004,209.3903,6694
-0.064645,0.821236,9.648928,-0.013007,0.016529,0.014206,-5.04,-10.08,-37.98,142.2413,-5.0398,0.1975,55.81399,37.5004,209.3903,6704
-0.038308,0.967287,9.680053,-0.01484,0.014696,0.010541,-5.04,-10.14,-37.68,142.2413,-5.0398,0.1975,55.81399,37.5004,209.3903,6714
-0.038308,0.967287,9.680053,-0.006288,0.006144,0.003211,-5.04,-10.14,-37.68,142.2413,-5.0398,0.1975,55.81399,37.5004,209.3903,6724
-0.074223,0.998413,9.682447,-0.005066,0.005533,-0.005952,-5.34,-9.96,-37.56,142.2413,-5.0398,0.1975,55.81399,37.5004,209.3903,6734
-0.110137,0.960104,9.713573,-0.00079,0.011031,-0.009617,-5.34,-9.96,-37.56,142.2413,-5.0398,0.1975,55.81399,37.5004,209.3903,6744
-0.110137,0.960104,9.713573,0.002264,0.003701,-0.014504,-5.58,-10.5,-37.8,137.303,-5.0027,0.2049,55.81399,37.5004,209.3903,6754
-0.038308,0.912219,9.653716,-0.00079,-0.006073,-0.01878,-5.58,-10.5,-37.8,137.303,-5.0027,0.2049,55.81399,37.5004,209.3903,6763
-0.01676,0.881093,9.744699,-0.00079,-0.006073,-0.01878,-5.58,-10.5,-37.8,137.303,-5.0027,0.2049,55.81399,37.5004,209.3903,6774
-0.093377,0.828419,9.888355,-0.007509,-0.006684,-0.01817,-5.22,-10.86,-38.28,137.303,-5.0027,0.2049,55.81399,37.5004,209.3903,6783
-0.093377,0.828419,9.888355,-0.006899,-0.009128,-0.007785,-5.22,-10.86,-38.28,137.303,-5.0027,0.2049,55.81399,37.5004,209.3903,6794
-0.098165,0.833208,9.914692,-0.002622,-0.013404,0.001989,-4.74,-10.74,-37.62,145.6634,-5.1249,0.2513,55.81399,37.5004,209.3903,6804
-0.06704,0.799688,9.895537,0.001654,-0.015847,0.005654,-4.68,-10.44,-37.44,145.6634,-5.1249,0.2513,55.81399,37.5004,209.3903,6813
-0.06704,0.799688,9.895537,0.001654,-0.015847,0.005654,-4.68,-10.44,-37.44,145.6634,-5.1249,0.2513,55.81399,37.5004,209.3903,6824
-0.045491,0.845179,9.845258,0.005319,-0.020734,0.000156,-5.1,-10.5,-37.56,145.6634,-5.1249,0.2513,55.81399,37.5004,209.3903,6834
-0.045491,0.845179,9.845258,0.006541,-0.01768,0.00993,-5.1,-10.5,-37.56,145.6634,-5.1249,0.2513,55.81399,37.5004,209.3903,6843
-0.031126,0.849968,9.809344,0.004708,-0.01096,0.008708,-6.3,-10.38,-37.5,137.2273,-5.1051,0.2649,55.81399,37.5004,209.3903,6854
-0.014366,0.895459,9.818921,0.004708,-0.001797,0.0026,-6.12,-10.62,-37.68,137.2273,-5.1051,0.2649,55.81399,37.5004,209.3903,6864
-0.014366,0.895459,9.818921,0.004708,-0.001797,0.0026,-6.12,-10.62,-37.68,137.2273,-5.1051,0.2649,55.81399,37.5004,209.3903,6874
-0.062251,0.881093,9.703996,0.000432,-0.011571,0.008098,-5.64,-10.56,-38.28,137.2273,-5.1051,0.2649,55.81399,37.5004,209.3903,6884
-0.062251,0.881093,9.703996,-0.028279,-0.068381,-0.000454,-5.64,-10.56,-38.28,137.2273,-5.1051,0.2649,55.81399,37.5004,209.3903,6894
0.052674,0.876305,8.832479,-0.128461,-0.09526,-0.021835,-5.88,-10.8,-38.46,140.9313,-5.0881,0.2419,55.81399,37.5004,209.3903,6904
0.052674,0.876305,8.832479,-0.128461,-0.09526,-0.021835,-5.88,-10.8,-38.46,140.9313,-5.0881,0.2419,55.81399,37.5004,209.3903,6914
-0.107742,0.914613,10.020041,-0.133348,0.106937,-0.001065,-5.46,-10.74,-38.7,140.9313,-5.0881,0.2419,55.814,37.50039,205.7018,6925
-0.107742,0.914613,10.020041,-0.052713,0.064176,0.007487,-5.46,-10.74,-38.7,140.9313,-5.0881,0.2419,55.814,37.50039,205.7018,6933
0.002394,0.864333,10.56354,0.081066,0.060511,-0.000454,-5.22,-9.96,-37.56,142.5909,-5.018,0.1167,55.814,37.50039,205.7018,6944
0.047885,0.763774,10.386364,0.162311,0.019583,-0.005341,-5.22,-10.02,-37.32,142.5909,-5.018,0.1167,55.814,37.50039,205.7018,6954
0.153234,0.770957,9.854836,0.183081,-0.015847,-0.019391,-5.22,-9.84,-37.44,142.5909,-5.018,0.1167,55.814,37.50039,205.7018,6964
0.153234,0.770957,9.854836,0.183081,-0.015847,-0.019391,-5.22,-9.84,-37.44,142.5909,-5.018,0.1167,55.814,37.50039,205.7018,6974
-0.198725,0.792505,9.352037,0.070071,-0.047001,-0.030387,-5.46,-9.9,-37.5,142.5424,-4.9577,0.2862,55.814,37.50039,205.7018,6984
-0.198725,0.792505,9.352037,0.070071,-0.047001,-0.030387,-5.46,-9.9,-37.5,142.5424,-4.9577,0.2862,55.814,37.50039,205.7018,6994
-0.052674,0.89067,9.603436,-0.064931,-0.00363,0.034365,-5.34,-10.02,-37.62,142.5424,-4.9577,0.2862,55.814,37.50039,205.7018,7004
